2026-09-01 00:00:31,476 [main] INFO  [org.apache.catalina.core.StandardService] DirectJDKLog.java:173 - Stopping service [Tomcat]
2026-09-01 00:00:33,384 [main] INFO  [com.ehowms.admin.AdminApplication] StartupInfoLogger.java:50 - Starting AdminApplication v1.0.0 using Java 21.0.11 with PID 7 (/opt/apps/ehox-wms-encrypted.jar started by root in /opt/apps)
2026-09-01 00:00:33,387 [main] INFO  [com.ehowms.admin.AdminApplication] SpringApplication.java:660 - The following 1 profile is active: "prod-ehox"
2026-09-01 00:00:36,229 [main] INFO  [org.apache.coyote.http11.Http11NioProtocol] DirectJDKLog.java:173 - Initializing ProtocolHandler ["http-nio-8082"]
2026-09-01 00:00:36,231 [main] INFO  [org.apache.catalina.core.StandardService] DirectJDKLog.java:173 - Starting service [Tomcat]
2026-09-01 00:00:36,231 [main] INFO  [org.apache.catalina.core.StandardEngine] DirectJDKLog.java:173 - Starting Servlet engine: [Apache Tomcat/10.1.24]
2026-09-01 00:00:36,252 [main] INFO  [o.a.c.c.ContainerBase.[Tomcat].[localhost].[/api]] DirectJDKLog.java:173 - Initializing Spring embedded WebApplicationContext
2026-09-01 00:00:36,617 [main] INFO  [com.ehowms.redis.RedissonAutoConfiguration] RedissonAutoConfiguration.java:130 - 初始化 Redisson 配置
2026-09-01 00:00:36,696 [main] INFO  [org.redisson.Version] Version.java:43 - Redisson 3.32.0
2026-09-01 00:01:23,400 [main] INFO  [org.apache.catalina.core.StandardService] DirectJDKLog.java:173 - Stopping service [Tomcat]
2026-09-01 00:01:24,936 [main] INFO  [com.ehowms.admin.AdminApplication] StartupInfoLogger.java:50 - Starting AdminApplication v1.0.0 using Java 21.0.11 with PID 7 (/opt/apps/ehox-wms-encrypted.jar started by root in /opt/apps)
2026-09-01 00:01:24,940 [main] INFO  [com.ehowms.admin.AdminApplication] SpringApplication.java:660 - The following 1 profile is active: "prod-ehox"
2026-09-01 00:01:27,808 [main] INFO  [org.apache.coyote.http11.Http11NioProtocol] DirectJDKLog.java:173 - Initializing ProtocolHandler ["http-nio-8082"]
2026-09-01 00:01:27,810 [main] INFO  [org.apache.catalina.core.StandardService] DirectJDKLog.java:173 - Starting service [Tomcat]
2026-09-01 00:01:27,810 [main] INFO  [org.apache.catalina.core.StandardEngine] DirectJDKLog.java:173 - Starting Servlet engine: [Apache Tomcat/10.1.24]
2026-09-01 00:01:27,832 [main] INFO  [o.a.c.c.ContainerBase.[Tomcat].[localhost].[/api]] DirectJDKLog.java:173 - Initializing Spring embedded WebApplicationContext
2026-09-01 00:01:28,201 [main] INFO  [com.ehowms.redis.RedissonAutoConfiguration] RedissonAutoConfiguration.java:130 - 初始化 Redisson 配置
2026-09-01 00:01:28,286 [main] INFO  [org.redisson.Version] Version.java:43 - Redisson 3.32.0
2026-09-01 00:02:08,064 [main] INFO  [org.apache.catalina.core.StandardService] DirectJDKLog.java:173 - Stopping service [Tomcat]
2026-09-01 00:02:09,566 [main] INFO  [com.ehowms.admin.AdminApplication] StartupInfoLogger.java:50 - Starting AdminApplication v1.0.0 using Java 21.0.11 with PID 7 (/opt/apps/ehox-wms-encrypted.jar started by root in /opt/apps)
2026-09-01 00:02:09,569 [main] INFO  [com.ehowms.admin.AdminApplication] SpringApplication.java:660 - The following 1 profile is active: "prod-ehox"
2026-09-01 00:02:12,405 [main] INFO  [org.apache.coyote.http11.Http11NioProtocol] DirectJDKLog.java:173 - Initializing ProtocolHandler ["http-nio-8082"]
2026-09-01 00:02:12,406 [main] INFO  [org.apache.catalina.core.StandardService] DirectJDKLog.java:173 - Starting service [Tomcat]
2026-09-01 00:02:12,407 [main] INFO  [org.apache.catalina.core.StandardEngine] DirectJDKLog.java:173 - Starting Servlet engine: [Apache Tomcat/10.1.24]
2026-09-01 00:02:12,433 [main] INFO  [o.a.c.c.ContainerBase.[Tomcat].[localhost].[/api]] DirectJDKLog.java:173 - Initializing Spring embedded WebApplicationContext
2026-09-01 00:02:12,802 [main] INFO  [com.ehowms.redis.RedissonAutoConfiguration] RedissonAutoConfiguration.java:130 - 初始化 Redisson 配置
2026-09-01 00:02:12,886 [main] INFO  [org.redisson.Version] Version.java:43 - Redisson 3.32.0
2026-09-01 00:02:59,608 [main] INFO  [org.apache.catalina.core.StandardService] DirectJDKLog.java:173 - Stopping service [Tomcat]
2026-09-01 00:03:01,999 [main] INFO  [com.ehowms.admin.AdminApplication] StartupInfoLogger.java:50 - Starting AdminApplication v1.0.0 using Java 21.0.11 with PID 7 (/opt/apps/ehox-wms-encrypted.jar started by root in /opt/apps)
2026-09-01 00:03:02,002 [main] INFO  [com.ehowms.admin.AdminApplication] SpringApplication.java:660 - The following 1 profile is active: "prod-ehox"
2026-09-01 00:03:04,908 [main] INFO  [org.apache.coyote.http11.Http11NioProtocol] DirectJDKLog.java:173 - Initializing ProtocolHandler ["http-nio-8082"]
2026-09-01 00:03:04,909 [main] INFO  [org.apache.catalina.core.StandardService] DirectJDKLog.java:173 - Starting service [Tomcat]
2026-09-01 00:03:04,909 [main] INFO  [org.apache.catalina.core.StandardEngine] DirectJDKLog.java:173 - Starting Servlet engine: [Apache Tomcat/10.1.24]
2026-09-01 00:03:04,935 [main] INFO  [o.a.c.c.ContainerBase.[Tomcat].[localhost].[/api]] DirectJDKLog.java:173 - Initializing Spring embedded WebApplicationContext
2026-09-01 00:03:05,313 [main] INFO  [com.ehowms.redis.RedissonAutoConfiguration] RedissonAutoConfiguration.java:130 - 初始化 Redisson 配置
2026-09-01 00:03:05,394 [main] INFO  [org.redisson.Version] Version.java:43 - Redisson 3.32.0
2026-09-01 00:03:52,122 [main] INFO  [org.apache.catalina.core.StandardService] DirectJDKLog.java:173 - Stopping service [Tomcat]
2026-09-01 00:03:53,655 [main] INFO  [com.ehowms.admin.AdminApplication] StartupInfoLogger.java:50 - Starting AdminApplication v1.0.0 using Java 21.0.11 with PID 7 (/opt/apps/ehox-wms-encrypted.jar started by root in /opt/apps)
2026-09-01 00:03:53,658 [main] INFO  [com.ehowms.admin.AdminApplication] SpringApplication.java:660 - The following 1 profile is active: "prod-ehox"
2026-09-01 00:03:56,530 [main] INFO  [org.apache.coyote.http11.Http11NioProtocol] DirectJDKLog.java:173 - Initializing ProtocolHandler ["http-nio-8082"]
2026-09-01 00:03:56,531 [main] INFO  [org.apache.catalina.core.StandardService] DirectJDKLog.java:173 - Starting service [Tomcat]
2026-09-01 00:03:56,532 [main] INFO  [org.apache.catalina.core.StandardEngine] DirectJDKLog.java:173 - Starting Servlet engine: [Apache Tomcat/10.1.24]
2026-09-01 00:03:56,559 [main] INFO  [o.a.c.c.ContainerBase.[Tomcat].[localhost].[/api]] DirectJDKLog.java:173 - Initializing Spring embedded WebApplicationContext
2026-09-01 00:03:56,936 [main] INFO  [com.ehowms.redis.RedissonAutoConfiguration] RedissonAutoConfiguration.java:130 - 初始化 Redisson 配置
2026-09-01 00:03:57,016 [main] INFO  [org.redisson.Version] Version.java:43 - Redisson 3.32.0
2026-09-01 00:04:43,762 [main] INFO  [org.apache.catalina.core.StandardService] DirectJDKLog.java:173 - Stopping service [Tomcat]
2026-09-01 00:04:45,269 [main] INFO  [com.ehowms.admin.AdminApplication] StartupInfoLogger.java:50 - Starting AdminApplication v1.0.0 using Java 21.0.11 with PID 6 (/opt/apps/ehox-wms-encrypted.jar started by root in /opt/apps)
2026-09-01 00:04:45,272 [main] INFO  [com.ehowms.admin.AdminApplication] SpringApplication.java:660 - The following 1 profile is active: "prod-ehox"
2026-09-01 00:04:48,159 [main] INFO  [org.apache.coyote.http11.Http11NioProtocol] DirectJDKLog.java:173 - Initializing ProtocolHandler ["http-nio-8082"]
2026-09-01 00:04:48,160 [main] INFO  [org.apache.catalina.core.StandardService] DirectJDKLog.java:173 - Starting service [Tomcat]
2026-09-01 00:04:48,160 [main] INFO  [org.apache.catalina.core.StandardEngine] DirectJDKLog.java:173 - Starting Servlet engine: [Apache Tomcat/10.1.24]
2026-09-01 00:04:48,185 [main] INFO  [o.a.c.c.ContainerBase.[Tomcat].[localhost].[/api]] DirectJDKLog.java:173 - Initializing Spring embedded WebApplicationContext
2026-09-01 00:04:48,572 [main] INFO  [com.ehowms.redis.RedissonAutoConfiguration] RedissonAutoConfiguration.java:130 - 初始化 Redisson 配置
2026-09-01 00:04:48,655 [main] INFO  [org.redisson.Version] Version.java:43 - Redisson 3.32.0
2026-09-01 00:05:35,396 [main] INFO  [org.apache.catalina.core.StandardService] DirectJDKLog.java:173 - Stopping service [Tomcat]
2026-09-01 00:05:36,875 [main] INFO  [com.ehowms.admin.AdminApplication] StartupInfoLogger.java:50 - Starting AdminApplication v1.0.0 using Java 21.0.11 with PID 7 (/opt/apps/ehox-wms-encrypted.jar started by root in /opt/apps)
2026-09-01 00:05:36,878 [main] INFO  [com.ehowms.admin.AdminApplication] SpringApplication.java:660 - The following 1 profile is active: "prod-ehox"
2026-09-01 00:05:39,783 [main] INFO  [org.apache.coyote.http11.Http11NioProtocol] DirectJDKLog.java:173 - Initializing ProtocolHandler ["http-nio-8082"]
2026-09-01 00:05:39,785 [main] INFO  [org.apache.catalina.core.StandardService] DirectJDKLog.java:173 - Starting service [Tomcat]
2026-09-01 00:05:39,785 [main] INFO  [org.apache.catalina.core.StandardEngine] DirectJDKLog.java:173 - Starting Servlet engine: [Apache Tomcat/10.1.24]
2026-09-01 00:05:39,807 [main] INFO  [o.a.c.c.ContainerBase.[Tomcat].[localhost].[/api]] DirectJDKLog.java:173 - Initializing Spring embedded WebApplicationContext
2026-09-01 00:05:40,201 [main] INFO  [com.ehowms.redis.RedissonAutoConfiguration] RedissonAutoConfiguration.java:130 - 初始化 Redisson 配置
2026-09-01 00:05:40,288 [main] INFO  [org.redisson.Version] Version.java:43 - Redisson 3.32.0
2026-09-01 00:06:27,006 [main] INFO  [org.apache.catalina.core.StandardService] DirectJDKLog.java:173 - Stopping service [Tomcat]
2026-09-01 00:06:29,396 [main] INFO  [com.ehowms.admin.AdminApplication] StartupInfoLogger.java:50 - Starting AdminApplication v1.0.0 using Java 21.0.11 with PID 7 (/opt/apps/ehox-wms-encrypted.jar started by root in /opt/apps)
2026-09-01 00:06:29,400 [main] INFO  [com.ehowms.admin.AdminApplication] SpringApplication.java:660 - The following 1 profile is active: "prod-ehox"
2026-09-01 00:06:32,399 [main] INFO  [org.apache.coyote.http11.Http11NioProtocol] DirectJDKLog.java:173 - Initializing ProtocolHandler ["http-nio-8082"]
2026-09-01 00:06:32,400 [main] INFO  [org.apache.catalina.core.StandardService] DirectJDKLog.java:173 - Starting service [Tomcat]
2026-09-01 00:06:32,400 [main] INFO  [org.apache.catalina.core.StandardEngine] DirectJDKLog.java:173 - Starting Servlet engine: [Apache Tomcat/10.1.24]
2026-09-01 00:06:32,425 [main] INFO  [o.a.c.c.ContainerBase.[Tomcat].[localhost].[/api]] DirectJDKLog.java:173 - Initializing Spring embedded WebApplicationContext
2026-09-01 00:06:32,810 [main] INFO  [com.ehowms.redis.RedissonAutoConfiguration] RedissonAutoConfiguration.java:130 - 初始化 Redisson 配置
2026-09-01 00:06:32,896 [main] INFO  [org.redisson.Version] Version.java:43 - Redisson 3.32.0
2026-09-01 00:07:19,623 [main] INFO  [org.apache.catalina.core.StandardService] DirectJDKLog.java:173 - Stopping service [Tomcat]
2026-09-01 00:07:21,131 [main] INFO  [com.ehowms.admin.AdminApplication] StartupInfoLogger.java:50 - Starting AdminApplication v1.0.0 using Java 21.0.11 with PID 7 (/opt/apps/ehox-wms-encrypted.jar started by root in /opt/apps)
2026-09-01 00:07:21,134 [main] INFO  [com.ehowms.admin.AdminApplication] SpringApplication.java:660 - The following 1 profile is active: "prod-ehox"
2026-09-01 00:07:24,078 [main] INFO  [org.apache.coyote.http11.Http11NioProtocol] DirectJDKLog.java:173 - Initializing ProtocolHandler ["http-nio-8082"]
2026-09-01 00:07:24,079 [main] INFO  [org.apache.catalina.core.StandardService] DirectJDKLog.java:173 - Starting service [Tomcat]
2026-09-01 00:07:24,079 [main] INFO  [org.apache.catalina.core.StandardEngine] DirectJDKLog.java:173 - Starting Servlet engine: [Apache Tomcat/10.1.24]
2026-09-01 00:07:24,102 [main] INFO  [o.a.c.c.ContainerBase.[Tomcat].[localhost].[/api]] DirectJDKLog.java:173 - Initializing Spring embedded WebApplicationContext
2026-09-01 00:07:24,508 [main] INFO  [com.ehowms.redis.RedissonAutoConfiguration] RedissonAutoConfiguration.java:130 - 初始化 Redisson 配置
2026-09-01 00:07:24,591 [main] INFO  [org.redisson.Version] Version.java:43 - Redisson 3.32.0
2026-09-01 00:08:01,306 [main] INFO  [org.apache.catalina.core.StandardService] DirectJDKLog.java:173 - Stopping service [Tomcat]
2026-09-01 00:08:02,808 [main] INFO  [com.ehowms.admin.AdminApplication] StartupInfoLogger.java:50 - Starting AdminApplication v1.0.0 using Java 21.0.11 with PID 7 (/opt/apps/ehox-wms-encrypted.jar started by root in /opt/apps)
2026-09-01 00:08:02,811 [main] INFO  [com.ehowms.admin.AdminApplication] SpringApplication.java:660 - The following 1 profile is active: "prod-ehox"
2026-09-01 00:08:05,674 [main] INFO  [org.apache.coyote.http11.Http11NioProtocol] DirectJDKLog.java:173 - Initializing ProtocolHandler ["http-nio-8082"]
2026-09-01 00:08:05,676 [main] INFO  [org.apache.catalina.core.StandardService] DirectJDKLog.java:173 - Starting service [Tomcat]
2026-09-01 00:08:05,676 [main] INFO  [org.apache.catalina.core.StandardEngine] DirectJDKLog.java:173 - Starting Servlet engine: [Apache Tomcat/10.1.24]
2026-09-01 00:08:05,698 [main] INFO  [o.a.c.c.ContainerBase.[Tomcat].[localhost].[/api]] DirectJDKLog.java:173 - Initializing Spring embedded WebApplicationContext
2026-09-01 00:08:06,065 [main] INFO  [com.ehowms.redis.RedissonAutoConfiguration] RedissonAutoConfiguration.java:130 - 初始化 Redisson 配置
2026-09-01 00:08:06,145 [main] INFO  [org.redisson.Version] Version.java:43 - Redisson 3.32.0
2026-09-01 00:08:52,857 [main] INFO  [org.apache.catalina.core.StandardService] DirectJDKLog.java:173 - Stopping service [Tomcat]
2026-09-01 00:08:55,209 [main] INFO  [com.ehowms.admin.AdminApplication] StartupInfoLogger.java:50 - Starting AdminApplication v1.0.0 using Java 21.0.11 with PID 7 (/opt/apps/ehox-wms-encrypted.jar started by root in /opt/apps)
2026-09-01 00:08:55,214 [main] INFO  [com.ehowms.admin.AdminApplication] SpringApplication.java:660 - The following 1 profile is active: "prod-ehox"
2026-09-01 00:08:58,069 [main] INFO  [org.apache.coyote.http11.Http11NioProtocol] DirectJDKLog.java:173 - Initializing ProtocolHandler ["http-nio-8082"]
2026-09-01 00:08:58,070 [main] INFO  [org.apache.catalina.core.StandardService] DirectJDKLog.java:173 - Starting service [Tomcat]
2026-09-01 00:08:58,070 [main] INFO  [org.apache.catalina.core.StandardEngine] DirectJDKLog.java:173 - Starting Servlet engine: [Apache Tomcat/10.1.24]
2026-09-01 00:08:58,094 [main] INFO  [o.a.c.c.ContainerBase.[Tomcat].[localhost].[/api]] DirectJDKLog.java:173 - Initializing Spring embedded WebApplicationContext
2026-09-01 00:08:58,453 [main] INFO  [com.ehowms.redis.RedissonAutoConfiguration] RedissonAutoConfiguration.java:130 - 初始化 Redisson 配置
2026-09-01 00:08:58,538 [main] INFO  [org.redisson.Version] Version.java:43 - Redisson 3.32.0
2026-09-01 00:09:45,256 [main] INFO  [org.apache.catalina.core.StandardService] DirectJDKLog.java:173 - Stopping service [Tomcat]
2026-09-01 00:09:46,791 [main] INFO  [com.ehowms.admin.AdminApplication] StartupInfoLogger.java:50 - Starting AdminApplication v1.0.0 using Java 21.0.11 with PID 7 (/opt/apps/ehox-wms-encrypted.jar started by root in /opt/apps)
2026-09-01 00:09:46,794 [main] INFO  [com.ehowms.admin.AdminApplication] SpringApplication.java:660 - The following 1 profile is active: "prod-ehox"
2026-09-01 00:09:49,529 [main] INFO  [org.apache.coyote.http11.Http11NioProtocol] DirectJDKLog.java:173 - Initializing ProtocolHandler ["http-nio-8082"]
2026-09-01 00:09:49,531 [main] INFO  [org.apache.catalina.core.StandardService] DirectJDKLog.java:173 - Starting service [Tomcat]
2026-09-01 00:09:49,531 [main] INFO  [org.apache.catalina.core.StandardEngine] DirectJDKLog.java:173 - Starting Servlet engine: [Apache Tomcat/10.1.24]
2026-09-01 00:09:49,561 [main] INFO  [o.a.c.c.ContainerBase.[Tomcat].[localhost].[/api]] DirectJDKLog.java:173 - Initializing Spring embedded WebApplicationContext
2026-09-01 00:09:49,911 [main] INFO  [com.ehowms.redis.RedissonAutoConfiguration] RedissonAutoConfiguration.java:130 - 初始化 Redisson 配置
2026-09-01 00:09:49,991 [main] INFO  [org.redisson.Version] Version.java:43 - Redisson 3.32.0
2026-09-01 00:10:36,703 [main] INFO  [org.apache.catalina.core.StandardService] DirectJDKLog.java:173 - Stopping service [Tomcat]
2026-09-01 00:10:39,110 [main] INFO  [com.ehowms.admin.AdminApplication] StartupInfoLogger.java:50 - Starting AdminApplication v1.0.0 using Java 21.0.11 with PID 7 (/opt/apps/ehox-wms-encrypted.jar started by root in /opt/apps)
2026-09-01 00:10:39,114 [main] INFO  [com.ehowms.admin.AdminApplication] SpringApplication.java:660 - The following 1 profile is active: "prod-ehox"
2026-09-01 00:10:41,977 [main] INFO  [org.apache.coyote.http11.Http11NioProtocol] DirectJDKLog.java:173 - Initializing ProtocolHandler ["http-nio-8082"]
2026-09-01 00:10:41,979 [main] INFO  [org.apache.catalina.core.StandardService] DirectJDKLog.java:173 - Starting service [Tomcat]
2026-09-01 00:10:41,979 [main] INFO  [org.apache.catalina.core.StandardEngine] DirectJDKLog.java:173 - Starting Servlet engine: [Apache Tomcat/10.1.24]
2026-09-01 00:10:42,001 [main] INFO  [o.a.c.c.ContainerBase.[Tomcat].[localhost].[/api]] DirectJDKLog.java:173 - Initializing Spring embedded WebApplicationContext
2026-09-01 00:10:42,374 [main] INFO  [com.ehowms.redis.RedissonAutoConfiguration] RedissonAutoConfiguration.java:130 - 初始化 Redisson 配置
2026-09-01 00:10:42,450 [main] INFO  [org.redisson.Version] Version.java:43 - Redisson 3.32.0
2026-09-01 00:11:29,154 [main] INFO  [org.apache.catalina.core.StandardService] DirectJDKLog.java:173 - Stopping service [Tomcat]
2026-09-01 00:11:30,646 [main] INFO  [com.ehowms.admin.AdminApplication] StartupInfoLogger.java:50 - Starting AdminApplication v1.0.0 using Java 21.0.11 with PID 7 (/opt/apps/ehox-wms-encrypted.jar started by root in /opt/apps)
2026-09-01 00:11:30,649 [main] INFO  [com.ehowms.admin.AdminApplication] SpringApplication.java:660 - The following 1 profile is active: "prod-ehox"
2026-09-01 00:11:33,424 [main] INFO  [org.apache.coyote.http11.Http11NioProtocol] DirectJDKLog.java:173 - Initializing ProtocolHandler ["http-nio-8082"]
2026-09-01 00:11:33,426 [main] INFO  [org.apache.catalina.core.StandardService] DirectJDKLog.java:173 - Starting service [Tomcat]
2026-09-01 00:11:33,426 [main] INFO  [org.apache.catalina.core.StandardEngine] DirectJDKLog.java:173 - Starting Servlet engine: [Apache Tomcat/10.1.24]
2026-09-01 00:11:33,454 [main] INFO  [o.a.c.c.ContainerBase.[Tomcat].[localhost].[/api]] DirectJDKLog.java:173 - Initializing Spring embedded WebApplicationContext
2026-09-01 00:11:33,829 [main] INFO  [com.ehowms.redis.RedissonAutoConfiguration] RedissonAutoConfiguration.java:130 - 初始化 Redisson 配置
2026-09-01 00:11:33,908 [main] INFO  [org.redisson.Version] Version.java:43 - Redisson 3.32.0
2026-09-01 00:12:20,622 [main] INFO  [org.apache.catalina.core.StandardService] DirectJDKLog.java:173 - Stopping service [Tomcat]
2026-09-01 00:12:22,112 [main] INFO  [com.ehowms.admin.AdminApplication] StartupInfoLogger.java:50 - Starting AdminApplication v1.0.0 using Java 21.0.11 with PID 8 (/opt/apps/ehox-wms-encrypted.jar started by root in /opt/apps)
2026-09-01 00:12:22,116 [main] INFO  [com.ehowms.admin.AdminApplication] SpringApplication.java:660 - The following 1 profile is active: "prod-ehox"
2026-09-01 00:12:24,973 [main] INFO  [org.apache.coyote.http11.Http11NioProtocol] DirectJDKLog.java:173 - Initializing ProtocolHandler ["http-nio-8082"]
2026-09-01 00:12:24,974 [main] INFO  [org.apache.catalina.core.StandardService] DirectJDKLog.java:173 - Starting service [Tomcat]
2026-09-01 00:12:24,974 [main] INFO  [org.apache.catalina.core.StandardEngine] DirectJDKLog.java:173 - Starting Servlet engine: [Apache Tomcat/10.1.24]
2026-09-01 00:12:24,997 [main] INFO  [o.a.c.c.ContainerBase.[Tomcat].[localhost].[/api]] DirectJDKLog.java:173 - Initializing Spring embedded WebApplicationContext
2026-09-01 00:12:25,364 [main] INFO  [com.ehowms.redis.RedissonAutoConfiguration] RedissonAutoConfiguration.java:130 - 初始化 Redisson 配置
2026-09-01 00:12:25,443 [main] INFO  [org.redisson.Version] Version.java:43 - Redisson 3.32.0
2026-09-01 00:13:12,188 [main] INFO  [org.apache.catalina.core.StandardService] DirectJDKLog.java:173 - Stopping service [Tomcat]
2026-09-01 00:13:13,695 [main] INFO  [com.ehowms.admin.AdminApplication] StartupInfoLogger.java:50 - Starting AdminApplication v1.0.0 using Java 21.0.11 with PID 7 (/opt/apps/ehox-wms-encrypted.jar started by root in /opt/apps)
2026-09-01 00:13:13,698 [main] INFO  [com.ehowms.admin.AdminApplication] SpringApplication.java:660 - The following 1 profile is active: "prod-ehox"
2026-09-01 00:13:16,552 [main] INFO  [org.apache.coyote.http11.Http11NioProtocol] DirectJDKLog.java:173 - Initializing ProtocolHandler ["http-nio-8082"]
2026-09-01 00:13:16,554 [main] INFO  [org.apache.catalina.core.StandardService] DirectJDKLog.java:173 - Starting service [Tomcat]
2026-09-01 00:13:16,554 [main] INFO  [org.apache.catalina.core.StandardEngine] DirectJDKLog.java:173 - Starting Servlet engine: [Apache Tomcat/10.1.24]
2026-09-01 00:13:16,578 [main] INFO  [o.a.c.c.ContainerBase.[Tomcat].[localhost].[/api]] DirectJDKLog.java:173 - Initializing Spring embedded WebApplicationContext
2026-09-01 00:13:16,954 [main] INFO  [com.ehowms.redis.RedissonAutoConfiguration] RedissonAutoConfiguration.java:130 - 初始化 Redisson 配置
2026-09-01 00:13:17,039 [main] INFO  [org.redisson.Version] Version.java:43 - Redisson 3.32.0
2026-09-01 00:14:03,762 [main] INFO  [org.apache.catalina.core.StandardService] DirectJDKLog.java:173 - Stopping service [Tomcat]
2026-09-01 00:14:05,263 [main] INFO  [com.ehowms.admin.AdminApplication] StartupInfoLogger.java:50 - Starting AdminApplication v1.0.0 using Java 21.0.11 with PID 7 (/opt/apps/ehox-wms-encrypted.jar started by root in /opt/apps)
2026-09-01 00:14:05,266 [main] INFO  [com.ehowms.admin.AdminApplication] SpringApplication.java:660 - The following 1 profile is active: "prod-ehox"
2026-09-01 00:14:08,062 [main] INFO  [org.apache.coyote.http11.Http11NioProtocol] DirectJDKLog.java:173 - Initializing ProtocolHandler ["http-nio-8082"]
2026-09-01 00:14:08,063 [main] INFO  [org.apache.catalina.core.StandardService] DirectJDKLog.java:173 - Starting service [Tomcat]
2026-09-01 00:14:08,063 [main] INFO  [org.apache.catalina.core.StandardEngine] DirectJDKLog.java:173 - Starting Servlet engine: [Apache Tomcat/10.1.24]
2026-09-01 00:14:08,085 [main] INFO  [o.a.c.c.ContainerBase.[Tomcat].[localhost].[/api]] DirectJDKLog.java:173 - Initializing Spring embedded WebApplicationContext
2026-09-01 00:14:08,446 [main] INFO  [com.ehowms.redis.RedissonAutoConfiguration] RedissonAutoConfiguration.java:130 - 初始化 Redisson 配置
2026-09-01 00:14:08,532 [main] INFO  [org.redisson.Version] Version.java:43 - Redisson 3.32.0
2026-09-01 00:14:55,243 [main] INFO  [org.apache.catalina.core.StandardService] DirectJDKLog.java:173 - Stopping service [Tomcat]
2026-09-01 00:14:56,762 [main] INFO  [com.ehowms.admin.AdminApplication] StartupInfoLogger.java:50 - Starting AdminApplication v1.0.0 using Java 21.0.11 with PID 7 (/opt/apps/ehox-wms-encrypted.jar started by root in /opt/apps)
2026-09-01 00:14:56,767 [main] INFO  [com.ehowms.admin.AdminApplication] SpringApplication.java:660 - The following 1 profile is active: "prod-ehox"
2026-09-01 00:14:59,618 [main] INFO  [org.apache.coyote.http11.Http11NioProtocol] DirectJDKLog.java:173 - Initializing ProtocolHandler ["http-nio-8082"]
2026-09-01 00:14:59,619 [main] INFO  [org.apache.catalina.core.StandardService] DirectJDKLog.java:173 - Starting service [Tomcat]
2026-09-01 00:14:59,620 [main] INFO  [org.apache.catalina.core.StandardEngine] DirectJDKLog.java:173 - Starting Servlet engine: [Apache Tomcat/10.1.24]
2026-09-01 00:14:59,641 [main] INFO  [o.a.c.c.ContainerBase.[Tomcat].[localhost].[/api]] DirectJDKLog.java:173 - Initializing Spring embedded WebApplicationContext
2026-09-01 00:15:00,012 [main] INFO  [com.ehowms.redis.RedissonAutoConfiguration] RedissonAutoConfiguration.java:130 - 初始化 Redisson 配置
2026-09-01 00:15:00,096 [main] INFO  [org.redisson.Version] Version.java:43 - Redisson 3.32.0
2026-09-01 00:15:46,834 [main] INFO  [org.apache.catalina.core.StandardService] DirectJDKLog.java:173 - Stopping service [Tomcat]
2026-09-01 00:15:49,214 [main] INFO  [com.ehowms.admin.AdminApplication] StartupInfoLogger.java:50 - Starting AdminApplication v1.0.0 using Java 21.0.11 with PID 7 (/opt/apps/ehox-wms-encrypted.jar started by root in /opt/apps)
2026-09-01 00:15:49,217 [main] INFO  [com.ehowms.admin.AdminApplication] SpringApplication.java:660 - The following 1 profile is active: "prod-ehox"
2026-09-01 00:15:52,083 [main] INFO  [org.apache.coyote.http11.Http11NioProtocol] DirectJDKLog.java:173 - Initializing ProtocolHandler ["http-nio-8082"]
2026-09-01 00:15:52,084 [main] INFO  [org.apache.catalina.core.StandardService] DirectJDKLog.java:173 - Starting service [Tomcat]
2026-09-01 00:15:52,084 [main] INFO  [org.apache.catalina.core.StandardEngine] DirectJDKLog.java:173 - Starting Servlet engine: [Apache Tomcat/10.1.24]
2026-09-01 00:15:52,109 [main] INFO  [o.a.c.c.ContainerBase.[Tomcat].[localhost].[/api]] DirectJDKLog.java:173 - Initializing Spring embedded WebApplicationContext
2026-09-01 00:15:52,468 [main] INFO  [com.ehowms.redis.RedissonAutoConfiguration] RedissonAutoConfiguration.java:130 - 初始化 Redisson 配置
2026-09-01 00:15:52,550 [main] INFO  [org.redisson.Version] Version.java:43 - Redisson 3.32.0
2026-09-01 00:16:39,266 [main] INFO  [org.apache.catalina.core.StandardService] DirectJDKLog.java:173 - Stopping service [Tomcat]
2026-09-01 00:16:40,776 [main] INFO  [com.ehowms.admin.AdminApplication] StartupInfoLogger.java:50 - Starting AdminApplication v1.0.0 using Java 21.0.11 with PID 7 (/opt/apps/ehox-wms-encrypted.jar started by root in /opt/apps)
2026-09-01 00:16:40,780 [main] INFO  [com.ehowms.admin.AdminApplication] SpringApplication.java:660 - The following 1 profile is active: "prod-ehox"
2026-09-01 00:16:43,653 [main] INFO  [org.apache.coyote.http11.Http11NioProtocol] DirectJDKLog.java:173 - Initializing ProtocolHandler ["http-nio-8082"]
2026-09-01 00:16:43,654 [main] INFO  [org.apache.catalina.core.StandardService] DirectJDKLog.java:173 - Starting service [Tomcat]
2026-09-01 00:16:43,654 [main] INFO  [org.apache.catalina.core.StandardEngine] DirectJDKLog.java:173 - Starting Servlet engine: [Apache Tomcat/10.1.24]
2026-09-01 00:16:43,676 [main] INFO  [o.a.c.c.ContainerBase.[Tomcat].[localhost].[/api]] DirectJDKLog.java:173 - Initializing Spring embedded WebApplicationContext
2026-09-01 00:16:44,025 [main] INFO  [com.ehowms.redis.RedissonAutoConfiguration] RedissonAutoConfiguration.java:130 - 初始化 Redisson 配置
2026-09-01 00:16:44,106 [main] INFO  [org.redisson.Version] Version.java:43 - Redisson 3.32.0
2026-09-01 00:17:21,845 [main] INFO  [org.apache.catalina.core.StandardService] DirectJDKLog.java:173 - Stopping service [Tomcat]
2026-09-01 00:17:24,204 [main] INFO  [com.ehowms.admin.AdminApplication] StartupInfoLogger.java:50 - Starting AdminApplication v1.0.0 using Java 21.0.11 with PID 7 (/opt/apps/ehox-wms-encrypted.jar started by root in /opt/apps)
2026-09-01 00:17:24,208 [main] INFO  [com.ehowms.admin.AdminApplication] SpringApplication.java:660 - The following 1 profile is active: "prod-ehox"
2026-09-01 00:17:27,107 [main] INFO  [org.apache.coyote.http11.Http11NioProtocol] DirectJDKLog.java:173 - Initializing ProtocolHandler ["http-nio-8082"]
2026-09-01 00:17:27,109 [main] INFO  [org.apache.catalina.core.StandardService] DirectJDKLog.java:173 - Starting service [Tomcat]
2026-09-01 00:17:27,109 [main] INFO  [org.apache.catalina.core.StandardEngine] DirectJDKLog.java:173 - Starting Servlet engine: [Apache Tomcat/10.1.24]
2026-09-01 00:17:27,131 [main] INFO  [o.a.c.c.ContainerBase.[Tomcat].[localhost].[/api]] DirectJDKLog.java:173 - Initializing Spring embedded WebApplicationContext
2026-09-01 00:17:27,529 [main] INFO  [com.ehowms.redis.RedissonAutoConfiguration] RedissonAutoConfiguration.java:130 - 初始化 Redisson 配置
2026-09-01 00:17:27,619 [main] INFO  [org.redisson.Version] Version.java:43 - Redisson 3.32.0
2026-09-01 00:18:14,327 [main] INFO  [org.apache.catalina.core.StandardService] DirectJDKLog.java:173 - Stopping service [Tomcat]
2026-09-01 00:18:15,841 [main] INFO  [com.ehowms.admin.AdminApplication] StartupInfoLogger.java:50 - Starting AdminApplication v1.0.0 using Java 21.0.11 with PID 7 (/opt/apps/ehox-wms-encrypted.jar started by root in /opt/apps)
2026-09-01 00:18:15,844 [main] INFO  [com.ehowms.admin.AdminApplication] SpringApplication.java:660 - The following 1 profile is active: "prod-ehox"
2026-09-01 00:18:18,643 [main] INFO  [org.apache.coyote.http11.Http11NioProtocol] DirectJDKLog.java:173 - Initializing ProtocolHandler ["http-nio-8082"]
2026-09-01 00:18:18,644 [main] INFO  [org.apache.catalina.core.StandardService] DirectJDKLog.java:173 - Starting service [Tomcat]
2026-09-01 00:18:18,644 [main] INFO  [org.apache.catalina.core.StandardEngine] DirectJDKLog.java:173 - Starting Servlet engine: [Apache Tomcat/10.1.24]
2026-09-01 00:18:18,669 [main] INFO  [o.a.c.c.ContainerBase.[Tomcat].[localhost].[/api]] DirectJDKLog.java:173 - Initializing Spring embedded WebApplicationContext
2026-09-01 00:18:19,051 [main] INFO  [com.ehowms.redis.RedissonAutoConfiguration] RedissonAutoConfiguration.java:130 - 初始化 Redisson 配置
2026-09-01 00:18:19,128 [main] INFO  [org.redisson.Version] Version.java:43 - Redisson 3.32.0
2026-09-01 00:19:05,843 [main] INFO  [org.apache.catalina.core.StandardService] DirectJDKLog.java:173 - Stopping service [Tomcat]
2026-09-01 00:19:08,230 [main] INFO  [com.ehowms.admin.AdminApplication] StartupInfoLogger.java:50 - Starting AdminApplication v1.0.0 using Java 21.0.11 with PID 7 (/opt/apps/ehox-wms-encrypted.jar started by root in /opt/apps)
2026-09-01 00:19:08,234 [main] INFO  [com.ehowms.admin.AdminApplication] SpringApplication.java:660 - The following 1 profile is active: "prod-ehox"
2026-09-01 00:19:11,203 [main] INFO  [org.apache.coyote.http11.Http11NioProtocol] DirectJDKLog.java:173 - Initializing ProtocolHandler ["http-nio-8082"]
2026-09-01 00:19:11,204 [main] INFO  [org.apache.catalina.core.StandardService] DirectJDKLog.java:173 - Starting service [Tomcat]
2026-09-01 00:19:11,204 [main] INFO  [org.apache.catalina.core.StandardEngine] DirectJDKLog.java:173 - Starting Servlet engine: [Apache Tomcat/10.1.24]
2026-09-01 00:19:11,229 [main] INFO  [o.a.c.c.ContainerBase.[Tomcat].[localhost].[/api]] DirectJDKLog.java:173 - Initializing Spring embedded WebApplicationContext
2026-09-01 00:19:11,613 [main] INFO  [com.ehowms.redis.RedissonAutoConfiguration] RedissonAutoConfiguration.java:130 - 初始化 Redisson 配置
2026-09-01 00:19:11,702 [main] INFO  [org.redisson.Version] Version.java:43 - Redisson 3.32.0
2026-09-01 00:19:58,421 [main] INFO  [org.apache.catalina.core.StandardService] DirectJDKLog.java:173 - Stopping service [Tomcat]
2026-09-01 00:20:00,773 [main] INFO  [com.ehowms.admin.AdminApplication] StartupInfoLogger.java:50 - Starting AdminApplication v1.0.0 using Java 21.0.11 with PID 7 (/opt/apps/ehox-wms-encrypted.jar started by root in /opt/apps)
2026-09-01 00:20:00,777 [main] INFO  [com.ehowms.admin.AdminApplication] SpringApplication.java:660 - The following 1 profile is active: "prod-ehox"
2026-09-01 00:20:03,655 [main] INFO  [org.apache.coyote.http11.Http11NioProtocol] DirectJDKLog.java:173 - Initializing ProtocolHandler ["http-nio-8082"]
2026-09-01 00:20:03,657 [main] INFO  [org.apache.catalina.core.StandardService] DirectJDKLog.java:173 - Starting service [Tomcat]
2026-09-01 00:20:03,658 [main] INFO  [org.apache.catalina.core.StandardEngine] DirectJDKLog.java:173 - Starting Servlet engine: [Apache Tomcat/10.1.24]
2026-09-01 00:20:03,681 [main] INFO  [o.a.c.c.ContainerBase.[Tomcat].[localhost].[/api]] DirectJDKLog.java:173 - Initializing Spring embedded WebApplicationContext
2026-09-01 00:20:04,052 [main] INFO  [com.ehowms.redis.RedissonAutoConfiguration] RedissonAutoConfiguration.java:130 - 初始化 Redisson 配置
2026-09-01 00:20:04,135 [main] INFO  [org.redisson.Version] Version.java:43 - Redisson 3.32.0
2026-09-01 00:20:50,867 [main] INFO  [org.apache.catalina.core.StandardService] DirectJDKLog.java:173 - Stopping service [Tomcat]
2026-09-01 00:20:52,406 [main] INFO  [com.ehowms.admin.AdminApplication] StartupInfoLogger.java:50 - Starting AdminApplication v1.0.0 using Java 21.0.11 with PID 7 (/opt/apps/ehox-wms-encrypted.jar started by root in /opt/apps)
2026-09-01 00:20:52,410 [main] INFO  [com.ehowms.admin.AdminApplication] SpringApplication.java:660 - The following 1 profile is active: "prod-ehox"
2026-09-01 00:20:55,405 [main] INFO  [org.apache.coyote.http11.Http11NioProtocol] DirectJDKLog.java:173 - Initializing ProtocolHandler ["http-nio-8082"]
2026-09-01 00:20:55,406 [main] INFO  [org.apache.catalina.core.StandardService] DirectJDKLog.java:173 - Starting service [Tomcat]
2026-09-01 00:20:55,406 [main] INFO  [org.apache.catalina.core.StandardEngine] DirectJDKLog.java:173 - Starting Servlet engine: [Apache Tomcat/10.1.24]
2026-09-01 00:20:55,431 [main] INFO  [o.a.c.c.ContainerBase.[Tomcat].[localhost].[/api]] DirectJDKLog.java:173 - Initializing Spring embedded WebApplicationContext
2026-09-01 00:20:55,819 [main] INFO  [com.ehowms.redis.RedissonAutoConfiguration] RedissonAutoConfiguration.java:130 - 初始化 Redisson 配置
2026-09-01 00:20:55,898 [main] INFO  [org.redisson.Version] Version.java:43 - Redisson 3.32.0
2026-09-01 00:21:42,615 [main] INFO  [org.apache.catalina.core.StandardService] DirectJDKLog.java:173 - Stopping service [Tomcat]
2026-09-01 00:21:44,133 [main] INFO  [com.ehowms.admin.AdminApplication] StartupInfoLogger.java:50 - Starting AdminApplication v1.0.0 using Java 21.0.11 with PID 7 (/opt/apps/ehox-wms-encrypted.jar started by root in /opt/apps)
2026-09-01 00:21:44,136 [main] INFO  [com.ehowms.admin.AdminApplication] SpringApplication.java:660 - The following 1 profile is active: "prod-ehox"
2026-09-01 00:21:47,115 [main] INFO  [org.apache.coyote.http11.Http11NioProtocol] DirectJDKLog.java:173 - Initializing ProtocolHandler ["http-nio-8082"]
2026-09-01 00:21:47,116 [main] INFO  [org.apache.catalina.core.StandardService] DirectJDKLog.java:173 - Starting service [Tomcat]
2026-09-01 00:21:47,116 [main] INFO  [org.apache.catalina.core.StandardEngine] DirectJDKLog.java:173 - Starting Servlet engine: [Apache Tomcat/10.1.24]
2026-09-01 00:21:47,138 [main] INFO  [o.a.c.c.ContainerBase.[Tomcat].[localhost].[/api]] DirectJDKLog.java:173 - Initializing Spring embedded WebApplicationContext
2026-09-01 00:21:47,533 [main] INFO  [com.ehowms.redis.RedissonAutoConfiguration] RedissonAutoConfiguration.java:130 - 初始化 Redisson 配置
2026-09-01 00:21:47,615 [main] INFO  [org.redisson.Version] Version.java:43 - Redisson 3.32.0
2026-09-01 00:22:34,344 [main] INFO  [org.apache.catalina.core.StandardService] DirectJDKLog.java:173 - Stopping service [Tomcat]
2026-09-01 00:22:35,892 [main] INFO  [com.ehowms.admin.AdminApplication] StartupInfoLogger.java:50 - Starting AdminApplication v1.0.0 using Java 21.0.11 with PID 7 (/opt/apps/ehox-wms-encrypted.jar started by root in /opt/apps)
2026-09-01 00:22:35,897 [main] INFO  [com.ehowms.admin.AdminApplication] SpringApplication.java:660 - The following 1 profile is active: "prod-ehox"
2026-09-01 00:22:38,869 [main] INFO  [org.apache.coyote.http11.Http11NioProtocol] DirectJDKLog.java:173 - Initializing ProtocolHandler ["http-nio-8082"]
2026-09-01 00:22:38,870 [main] INFO  [org.apache.catalina.core.StandardService] DirectJDKLog.java:173 - Starting service [Tomcat]
2026-09-01 00:22:38,870 [main] INFO  [org.apache.catalina.core.StandardEngine] DirectJDKLog.java:173 - Starting Servlet engine: [Apache Tomcat/10.1.24]
2026-09-01 00:22:38,898 [main] INFO  [o.a.c.c.ContainerBase.[Tomcat].[localhost].[/api]] DirectJDKLog.java:173 - Initializing Spring embedded WebApplicationContext
2026-09-01 00:22:39,290 [main] INFO  [com.ehowms.redis.RedissonAutoConfiguration] RedissonAutoConfiguration.java:130 - 初始化 Redisson 配置
2026-09-01 00:22:39,369 [main] INFO  [org.redisson.Version] Version.java:43 - Redisson 3.32.0
2026-09-01 00:23:26,102 [main] INFO  [org.apache.catalina.core.StandardService] DirectJDKLog.java:173 - Stopping service [Tomcat]
2026-09-01 00:23:27,639 [main] INFO  [com.ehowms.admin.AdminApplication] StartupInfoLogger.java:50 - Starting AdminApplication v1.0.0 using Java 21.0.11 with PID 7 (/opt/apps/ehox-wms-encrypted.jar started by root in /opt/apps)
2026-09-01 00:23:27,643 [main] INFO  [com.ehowms.admin.AdminApplication] SpringApplication.java:660 - The following 1 profile is active: "prod-ehox"
2026-09-01 00:23:30,588 [main] INFO  [org.apache.coyote.http11.Http11NioProtocol] DirectJDKLog.java:173 - Initializing ProtocolHandler ["http-nio-8082"]
2026-09-01 00:23:30,590 [main] INFO  [org.apache.catalina.core.StandardService] DirectJDKLog.java:173 - Starting service [Tomcat]
2026-09-01 00:23:30,590 [main] INFO  [org.apache.catalina.core.StandardEngine] DirectJDKLog.java:173 - Starting Servlet engine: [Apache Tomcat/10.1.24]
2026-09-01 00:23:30,619 [main] INFO  [o.a.c.c.ContainerBase.[Tomcat].[localhost].[/api]] DirectJDKLog.java:173 - Initializing Spring embedded WebApplicationContext
2026-09-01 00:23:31,027 [main] INFO  [com.ehowms.redis.RedissonAutoConfiguration] RedissonAutoConfiguration.java:130 - 初始化 Redisson 配置
2026-09-01 00:23:31,111 [main] INFO  [org.redisson.Version] Version.java:43 - Redisson 3.32.0
2026-09-01 00:24:17,850 [main] INFO  [org.apache.catalina.core.StandardService] DirectJDKLog.java:173 - Stopping service [Tomcat]
2026-09-01 00:24:19,354 [main] INFO  [com.ehowms.admin.AdminApplication] StartupInfoLogger.java:50 - Starting AdminApplication v1.0.0 using Java 21.0.11 with PID 7 (/opt/apps/ehox-wms-encrypted.jar started by root in /opt/apps)
2026-09-01 00:24:19,358 [main] INFO  [com.ehowms.admin.AdminApplication] SpringApplication.java:660 - The following 1 profile is active: "prod-ehox"
2026-09-01 00:24:22,212 [main] INFO  [org.apache.coyote.http11.Http11NioProtocol] DirectJDKLog.java:173 - Initializing ProtocolHandler ["http-nio-8082"]
2026-09-01 00:24:22,213 [main] INFO  [org.apache.catalina.core.StandardService] DirectJDKLog.java:173 - Starting service [Tomcat]
2026-09-01 00:24:22,213 [main] INFO  [org.apache.catalina.core.StandardEngine] DirectJDKLog.java:173 - Starting Servlet engine: [Apache Tomcat/10.1.24]
2026-09-01 00:24:22,239 [main] INFO  [o.a.c.c.ContainerBase.[Tomcat].[localhost].[/api]] DirectJDKLog.java:173 - Initializing Spring embedded WebApplicationContext
2026-09-01 00:24:22,607 [main] INFO  [com.ehowms.redis.RedissonAutoConfiguration] RedissonAutoConfiguration.java:130 - 初始化 Redisson 配置
2026-09-01 00:24:22,693 [main] INFO  [org.redisson.Version] Version.java:43 - Redisson 3.32.0
2026-09-01 00:25:09,407 [main] INFO  [org.apache.catalina.core.StandardService] DirectJDKLog.java:173 - Stopping service [Tomcat]
2026-09-01 00:25:10,907 [main] INFO  [com.ehowms.admin.AdminApplication] StartupInfoLogger.java:50 - Starting AdminApplication v1.0.0 using Java 21.0.11 with PID 7 (/opt/apps/ehox-wms-encrypted.jar started by root in /opt/apps)
2026-09-01 00:25:10,910 [main] INFO  [com.ehowms.admin.AdminApplication] SpringApplication.java:660 - The following 1 profile is active: "prod-ehox"
2026-09-01 00:25:13,760 [main] INFO  [org.apache.coyote.http11.Http11NioProtocol] DirectJDKLog.java:173 - Initializing ProtocolHandler ["http-nio-8082"]
2026-09-01 00:25:13,761 [main] INFO  [org.apache.catalina.core.StandardService] DirectJDKLog.java:173 - Starting service [Tomcat]
2026-09-01 00:25:13,761 [main] INFO  [org.apache.catalina.core.StandardEngine] DirectJDKLog.java:173 - Starting Servlet engine: [Apache Tomcat/10.1.24]
2026-09-01 00:25:13,783 [main] INFO  [o.a.c.c.ContainerBase.[Tomcat].[localhost].[/api]] DirectJDKLog.java:173 - Initializing Spring embedded WebApplicationContext
2026-09-01 00:25:14,157 [main] INFO  [com.ehowms.redis.RedissonAutoConfiguration] RedissonAutoConfiguration.java:130 - 初始化 Redisson 配置
2026-09-01 00:25:14,239 [main] INFO  [org.redisson.Version] Version.java:43 - Redisson 3.32.0
2026-09-01 00:26:00,970 [main] INFO  [org.apache.catalina.core.StandardService] DirectJDKLog.java:173 - Stopping service [Tomcat]
2026-09-01 00:26:02,480 [main] INFO  [com.ehowms.admin.AdminApplication] StartupInfoLogger.java:50 - Starting AdminApplication v1.0.0 using Java 21.0.11 with PID 7 (/opt/apps/ehox-wms-encrypted.jar started by root in /opt/apps)
2026-09-01 00:26:02,485 [main] INFO  [com.ehowms.admin.AdminApplication] SpringApplication.java:660 - The following 1 profile is active: "prod-ehox"
2026-09-01 00:26:05,376 [main] INFO  [org.apache.coyote.http11.Http11NioProtocol] DirectJDKLog.java:173 - Initializing ProtocolHandler ["http-nio-8082"]
2026-09-01 00:26:05,377 [main] INFO  [org.apache.catalina.core.StandardService] DirectJDKLog.java:173 - Starting service [Tomcat]
2026-09-01 00:26:05,377 [main] INFO  [org.apache.catalina.core.StandardEngine] DirectJDKLog.java:173 - Starting Servlet engine: [Apache Tomcat/10.1.24]
2026-09-01 00:26:05,400 [main] INFO  [o.a.c.c.ContainerBase.[Tomcat].[localhost].[/api]] DirectJDKLog.java:173 - Initializing Spring embedded WebApplicationContext
2026-09-01 00:26:05,799 [main] INFO  [com.ehowms.redis.RedissonAutoConfiguration] RedissonAutoConfiguration.java:130 - 初始化 Redisson 配置
2026-09-01 00:26:05,886 [main] INFO  [org.redisson.Version] Version.java:43 - Redisson 3.32.0
2026-09-01 00:26:52,620 [main] INFO  [org.apache.catalina.core.StandardService] DirectJDKLog.java:173 - Stopping service [Tomcat]
2026-09-01 00:26:54,152 [main] INFO  [com.ehowms.admin.AdminApplication] StartupInfoLogger.java:50 - Starting AdminApplication v1.0.0 using Java 21.0.11 with PID 7 (/opt/apps/ehox-wms-encrypted.jar started by root in /opt/apps)
2026-09-01 00:26:54,156 [main] INFO  [com.ehowms.admin.AdminApplication] SpringApplication.java:660 - The following 1 profile is active: "prod-ehox"
2026-09-01 00:26:56,999 [main] INFO  [org.apache.coyote.http11.Http11NioProtocol] DirectJDKLog.java:173 - Initializing ProtocolHandler ["http-nio-8082"]
2026-09-01 00:26:57,000 [main] INFO  [org.apache.catalina.core.StandardService] DirectJDKLog.java:173 - Starting service [Tomcat]
2026-09-01 00:26:57,001 [main] INFO  [org.apache.catalina.core.StandardEngine] DirectJDKLog.java:173 - Starting Servlet engine: [Apache Tomcat/10.1.24]
2026-09-01 00:26:57,023 [main] INFO  [o.a.c.c.ContainerBase.[Tomcat].[localhost].[/api]] DirectJDKLog.java:173 - Initializing Spring embedded WebApplicationContext
2026-09-01 00:26:57,382 [main] INFO  [com.ehowms.redis.RedissonAutoConfiguration] RedissonAutoConfiguration.java:130 - 初始化 Redisson 配置
2026-09-01 00:26:57,464 [main] INFO  [org.redisson.Version] Version.java:43 - Redisson 3.32.0
2026-09-01 00:27:44,190 [main] INFO  [org.apache.catalina.core.StandardService] DirectJDKLog.java:173 - Stopping service [Tomcat]
2026-09-01 00:27:45,715 [main] INFO  [com.ehowms.admin.AdminApplication] StartupInfoLogger.java:50 - Starting AdminApplication v1.0.0 using Java 21.0.11 with PID 7 (/opt/apps/ehox-wms-encrypted.jar started by root in /opt/apps)
2026-09-01 00:27:45,720 [main] INFO  [com.ehowms.admin.AdminApplication] SpringApplication.java:660 - The following 1 profile is active: "prod-ehox"
2026-09-01 00:27:48,595 [main] INFO  [org.apache.coyote.http11.Http11NioProtocol] DirectJDKLog.java:173 - Initializing ProtocolHandler ["http-nio-8082"]
2026-09-01 00:27:48,597 [main] INFO  [org.apache.catalina.core.StandardService] DirectJDKLog.java:173 - Starting service [Tomcat]
2026-09-01 00:27:48,597 [main] INFO  [org.apache.catalina.core.StandardEngine] DirectJDKLog.java:173 - Starting Servlet engine: [Apache Tomcat/10.1.24]
2026-09-01 00:27:48,622 [main] INFO  [o.a.c.c.ContainerBase.[Tomcat].[localhost].[/api]] DirectJDKLog.java:173 - Initializing Spring embedded WebApplicationContext
2026-09-01 00:27:49,002 [main] INFO  [com.ehowms.redis.RedissonAutoConfiguration] RedissonAutoConfiguration.java:130 - 初始化 Redisson 配置
2026-09-01 00:27:49,081 [main] INFO  [org.redisson.Version] Version.java:43 - Redisson 3.32.0
2026-09-01 00:28:35,813 [main] INFO  [org.apache.catalina.core.StandardService] DirectJDKLog.java:173 - Stopping service [Tomcat]
2026-09-01 00:28:37,369 [main] INFO  [com.ehowms.admin.AdminApplication] StartupInfoLogger.java:50 - Starting AdminApplication v1.0.0 using Java 21.0.11 with PID 7 (/opt/apps/ehox-wms-encrypted.jar started by root in /opt/apps)
2026-09-01 00:28:37,372 [main] INFO  [com.ehowms.admin.AdminApplication] SpringApplication.java:660 - The following 1 profile is active: "prod-ehox"
2026-09-01 00:28:40,162 [main] INFO  [org.apache.coyote.http11.Http11NioProtocol] DirectJDKLog.java:173 - Initializing ProtocolHandler ["http-nio-8082"]
2026-09-01 00:28:40,164 [main] INFO  [org.apache.catalina.core.StandardService] DirectJDKLog.java:173 - Starting service [Tomcat]
2026-09-01 00:28:40,164 [main] INFO  [org.apache.catalina.core.StandardEngine] DirectJDKLog.java:173 - Starting Servlet engine: [Apache Tomcat/10.1.24]
2026-09-01 00:28:40,189 [main] INFO  [o.a.c.c.ContainerBase.[Tomcat].[localhost].[/api]] DirectJDKLog.java:173 - Initializing Spring embedded WebApplicationContext
2026-09-01 00:28:40,544 [main] INFO  [com.ehowms.redis.RedissonAutoConfiguration] RedissonAutoConfiguration.java:130 - 初始化 Redisson 配置
2026-09-01 00:28:40,631 [main] INFO  [org.redisson.Version] Version.java:43 - Redisson 3.32.0
2026-09-01 00:29:27,333 [main] INFO  [org.apache.catalina.core.StandardService] DirectJDKLog.java:173 - Stopping service [Tomcat]
2026-09-01 00:29:28,824 [main] INFO  [com.ehowms.admin.AdminApplication] StartupInfoLogger.java:50 - Starting AdminApplication v1.0.0 using Java 21.0.11 with PID 7 (/opt/apps/ehox-wms-encrypted.jar started by root in /opt/apps)
2026-09-01 00:29:28,827 [main] INFO  [com.ehowms.admin.AdminApplication] SpringApplication.java:660 - The following 1 profile is active: "prod-ehox"
2026-09-01 00:29:31,681 [main] INFO  [org.apache.coyote.http11.Http11NioProtocol] DirectJDKLog.java:173 - Initializing ProtocolHandler ["http-nio-8082"]
2026-09-01 00:29:31,682 [main] INFO  [org.apache.catalina.core.StandardService] DirectJDKLog.java:173 - Starting service [Tomcat]
2026-09-01 00:29:31,682 [main] INFO  [org.apache.catalina.core.StandardEngine] DirectJDKLog.java:173 - Starting Servlet engine: [Apache Tomcat/10.1.24]
2026-09-01 00:29:31,709 [main] INFO  [o.a.c.c.ContainerBase.[Tomcat].[localhost].[/api]] DirectJDKLog.java:173 - Initializing Spring embedded WebApplicationContext
2026-09-01 00:29:32,078 [main] INFO  [com.ehowms.redis.RedissonAutoConfiguration] RedissonAutoConfiguration.java:130 - 初始化 Redisson 配置
2026-09-01 00:29:32,161 [main] INFO  [org.redisson.Version] Version.java:43 - Redisson 3.32.0
2026-09-01 00:30:18,888 [main] INFO  [org.apache.catalina.core.StandardService] DirectJDKLog.java:173 - Stopping service [Tomcat]
2026-09-01 00:30:20,387 [main] INFO  [com.ehowms.admin.AdminApplication] StartupInfoLogger.java:50 - Starting AdminApplication v1.0.0 using Java 21.0.11 with PID 7 (/opt/apps/ehox-wms-encrypted.jar started by root in /opt/apps)
2026-09-01 00:30:20,390 [main] INFO  [com.ehowms.admin.AdminApplication] SpringApplication.java:660 - The following 1 profile is active: "prod-ehox"
2026-09-01 00:30:23,238 [main] INFO  [org.apache.coyote.http11.Http11NioProtocol] DirectJDKLog.java:173 - Initializing ProtocolHandler ["http-nio-8082"]
2026-09-01 00:30:23,240 [main] INFO  [org.apache.catalina.core.StandardService] DirectJDKLog.java:173 - Starting service [Tomcat]
2026-09-01 00:30:23,240 [main] INFO  [org.apache.catalina.core.StandardEngine] DirectJDKLog.java:173 - Starting Servlet engine: [Apache Tomcat/10.1.24]
2026-09-01 00:30:23,263 [main] INFO  [o.a.c.c.ContainerBase.[Tomcat].[localhost].[/api]] DirectJDKLog.java:173 - Initializing Spring embedded WebApplicationContext
2026-09-01 00:30:23,638 [main] INFO  [com.ehowms.redis.RedissonAutoConfiguration] RedissonAutoConfiguration.java:130 - 初始化 Redisson 配置
2026-09-01 00:30:23,717 [main] INFO  [org.redisson.Version] Version.java:43 - Redisson 3.32.0
2026-09-01 00:31:10,442 [main] INFO  [org.apache.catalina.core.StandardService] DirectJDKLog.java:173 - Stopping service [Tomcat]
2026-09-01 00:31:12,795 [main] INFO  [com.ehowms.admin.AdminApplication] StartupInfoLogger.java:50 - Starting AdminApplication v1.0.0 using Java 21.0.11 with PID 7 (/opt/apps/ehox-wms-encrypted.jar started by root in /opt/apps)
2026-09-01 00:31:12,799 [main] INFO  [com.ehowms.admin.AdminApplication] SpringApplication.java:660 - The following 1 profile is active: "prod-ehox"
2026-09-01 00:31:15,673 [main] INFO  [org.apache.coyote.http11.Http11NioProtocol] DirectJDKLog.java:173 - Initializing ProtocolHandler ["http-nio-8082"]
2026-09-01 00:31:15,674 [main] INFO  [org.apache.catalina.core.StandardService] DirectJDKLog.java:173 - Starting service [Tomcat]
2026-09-01 00:31:15,675 [main] INFO  [org.apache.catalina.core.StandardEngine] DirectJDKLog.java:173 - Starting Servlet engine: [Apache Tomcat/10.1.24]
2026-09-01 00:31:15,697 [main] INFO  [o.a.c.c.ContainerBase.[Tomcat].[localhost].[/api]] DirectJDKLog.java:173 - Initializing Spring embedded WebApplicationContext
2026-09-01 00:31:16,078 [main] INFO  [com.ehowms.redis.RedissonAutoConfiguration] RedissonAutoConfiguration.java:130 - 初始化 Redisson 配置
2026-09-01 00:31:16,161 [main] INFO  [org.redisson.Version] Version.java:43 - Redisson 3.32.0
2026-09-01 00:32:02,866 [main] INFO  [org.apache.catalina.core.StandardService] DirectJDKLog.java:173 - Stopping service [Tomcat]
2026-09-01 00:32:05,234 [main] INFO  [com.ehowms.admin.AdminApplication] StartupInfoLogger.java:50 - Starting AdminApplication v1.0.0 using Java 21.0.11 with PID 7 (/opt/apps/ehox-wms-encrypted.jar started by root in /opt/apps)
2026-09-01 00:32:05,239 [main] INFO  [com.ehowms.admin.AdminApplication] SpringApplication.java:660 - The following 1 profile is active: "prod-ehox"
2026-09-01 00:32:08,025 [main] INFO  [org.apache.coyote.http11.Http11NioProtocol] DirectJDKLog.java:173 - Initializing ProtocolHandler ["http-nio-8082"]
2026-09-01 00:32:08,032 [main] INFO  [org.apache.catalina.core.StandardService] DirectJDKLog.java:173 - Starting service [Tomcat]
2026-09-01 00:32:08,032 [main] INFO  [org.apache.catalina.core.StandardEngine] DirectJDKLog.java:173 - Starting Servlet engine: [Apache Tomcat/10.1.24]
2026-09-01 00:32:08,054 [main] INFO  [o.a.c.c.ContainerBase.[Tomcat].[localhost].[/api]] DirectJDKLog.java:173 - Initializing Spring embedded WebApplicationContext
2026-09-01 00:32:08,433 [main] INFO  [com.ehowms.redis.RedissonAutoConfiguration] RedissonAutoConfiguration.java:130 - 初始化 Redisson 配置
2026-09-01 00:32:08,511 [main] INFO  [org.redisson.Version] Version.java:43 - Redisson 3.32.0
2026-09-01 00:32:55,244 [main] INFO  [org.apache.catalina.core.StandardService] DirectJDKLog.java:173 - Stopping service [Tomcat]
2026-09-01 00:32:57,612 [main] INFO  [com.ehowms.admin.AdminApplication] StartupInfoLogger.java:50 - Starting AdminApplication v1.0.0 using Java 21.0.11 with PID 7 (/opt/apps/ehox-wms-encrypted.jar started by root in /opt/apps)
2026-09-01 00:32:57,615 [main] INFO  [com.ehowms.admin.AdminApplication] SpringApplication.java:660 - The following 1 profile is active: "prod-ehox"
2026-09-01 00:33:00,477 [main] INFO  [org.apache.coyote.http11.Http11NioProtocol] DirectJDKLog.java:173 - Initializing ProtocolHandler ["http-nio-8082"]
2026-09-01 00:33:00,478 [main] INFO  [org.apache.catalina.core.StandardService] DirectJDKLog.java:173 - Starting service [Tomcat]
2026-09-01 00:33:00,479 [main] INFO  [org.apache.catalina.core.StandardEngine] DirectJDKLog.java:173 - Starting Servlet engine: [Apache Tomcat/10.1.24]
2026-09-01 00:33:00,501 [main] INFO  [o.a.c.c.ContainerBase.[Tomcat].[localhost].[/api]] DirectJDKLog.java:173 - Initializing Spring embedded WebApplicationContext
2026-09-01 00:33:00,864 [main] INFO  [com.ehowms.redis.RedissonAutoConfiguration] RedissonAutoConfiguration.java:130 - 初始化 Redisson 配置
2026-09-01 00:33:00,951 [main] INFO  [org.redisson.Version] Version.java:43 - Redisson 3.32.0
2026-09-01 00:33:47,652 [main] INFO  [org.apache.catalina.core.StandardService] DirectJDKLog.java:173 - Stopping service [Tomcat]
2026-09-01 00:33:50,027 [main] INFO  [com.ehowms.admin.AdminApplication] StartupInfoLogger.java:50 - Starting AdminApplication v1.0.0 using Java 21.0.11 with PID 7 (/opt/apps/ehox-wms-encrypted.jar started by root in /opt/apps)
2026-09-01 00:33:50,030 [main] INFO  [com.ehowms.admin.AdminApplication] SpringApplication.java:660 - The following 1 profile is active: "prod-ehox"
2026-09-01 00:33:52,871 [main] INFO  [org.apache.coyote.http11.Http11NioProtocol] DirectJDKLog.java:173 - Initializing ProtocolHandler ["http-nio-8082"]
2026-09-01 00:33:52,872 [main] INFO  [org.apache.catalina.core.StandardService] DirectJDKLog.java:173 - Starting service [Tomcat]
2026-09-01 00:33:52,872 [main] INFO  [org.apache.catalina.core.StandardEngine] DirectJDKLog.java:173 - Starting Servlet engine: [Apache Tomcat/10.1.24]
2026-09-01 00:33:52,894 [main] INFO  [o.a.c.c.ContainerBase.[Tomcat].[localhost].[/api]] DirectJDKLog.java:173 - Initializing Spring embedded WebApplicationContext
2026-09-01 00:33:53,271 [main] INFO  [com.ehowms.redis.RedissonAutoConfiguration] RedissonAutoConfiguration.java:130 - 初始化 Redisson 配置
2026-09-01 00:33:53,353 [main] INFO  [org.redisson.Version] Version.java:43 - Redisson 3.32.0
2026-09-01 00:34:31,090 [main] INFO  [org.apache.catalina.core.StandardService] DirectJDKLog.java:173 - Stopping service [Tomcat]
2026-09-01 00:34:33,462 [main] INFO  [com.ehowms.admin.AdminApplication] StartupInfoLogger.java:50 - Starting AdminApplication v1.0.0 using Java 21.0.11 with PID 7 (/opt/apps/ehox-wms-encrypted.jar started by root in /opt/apps)
2026-09-01 00:34:33,466 [main] INFO  [com.ehowms.admin.AdminApplication] SpringApplication.java:660 - The following 1 profile is active: "prod-ehox"
2026-09-01 00:34:36,365 [main] INFO  [org.apache.coyote.http11.Http11NioProtocol] DirectJDKLog.java:173 - Initializing ProtocolHandler ["http-nio-8082"]
2026-09-01 00:34:36,366 [main] INFO  [org.apache.catalina.core.StandardService] DirectJDKLog.java:173 - Starting service [Tomcat]
2026-09-01 00:34:36,366 [main] INFO  [org.apache.catalina.core.StandardEngine] DirectJDKLog.java:173 - Starting Servlet engine: [Apache Tomcat/10.1.24]
2026-09-01 00:34:36,389 [main] INFO  [o.a.c.c.ContainerBase.[Tomcat].[localhost].[/api]] DirectJDKLog.java:173 - Initializing Spring embedded WebApplicationContext
2026-09-01 00:34:36,774 [main] INFO  [com.ehowms.redis.RedissonAutoConfiguration] RedissonAutoConfiguration.java:130 - 初始化 Redisson 配置
2026-09-01 00:34:36,855 [main] INFO  [org.redisson.Version] Version.java:43 - Redisson 3.32.0
2026-09-01 00:35:23,586 [main] INFO  [org.apache.catalina.core.StandardService] DirectJDKLog.java:173 - Stopping service [Tomcat]
2026-09-01 00:35:25,971 [main] INFO  [com.ehowms.admin.AdminApplication] StartupInfoLogger.java:50 - Starting AdminApplication v1.0.0 using Java 21.0.11 with PID 7 (/opt/apps/ehox-wms-encrypted.jar started by root in /opt/apps)
2026-09-01 00:35:25,974 [main] INFO  [com.ehowms.admin.AdminApplication] SpringApplication.java:660 - The following 1 profile is active: "prod-ehox"
2026-09-01 00:35:28,741 [main] INFO  [org.apache.coyote.http11.Http11NioProtocol] DirectJDKLog.java:173 - Initializing ProtocolHandler ["http-nio-8082"]
2026-09-01 00:35:28,742 [main] INFO  [org.apache.catalina.core.StandardService] DirectJDKLog.java:173 - Starting service [Tomcat]
2026-09-01 00:35:28,742 [main] INFO  [org.apache.catalina.core.StandardEngine] DirectJDKLog.java:173 - Starting Servlet engine: [Apache Tomcat/10.1.24]
2026-09-01 00:35:28,764 [main] INFO  [o.a.c.c.ContainerBase.[Tomcat].[localhost].[/api]] DirectJDKLog.java:173 - Initializing Spring embedded WebApplicationContext
2026-09-01 00:35:29,130 [main] INFO  [com.ehowms.redis.RedissonAutoConfiguration] RedissonAutoConfiguration.java:130 - 初始化 Redisson 配置
2026-09-01 00:35:29,210 [main] INFO  [org.redisson.Version] Version.java:43 - Redisson 3.32.0
2026-09-01 00:36:15,911 [main] INFO  [org.apache.catalina.core.StandardService] DirectJDKLog.java:173 - Stopping service [Tomcat]
2026-09-01 00:36:17,406 [main] INFO  [com.ehowms.admin.AdminApplication] StartupInfoLogger.java:50 - Starting AdminApplication v1.0.0 using Java 21.0.11 with PID 7 (/opt/apps/ehox-wms-encrypted.jar started by root in /opt/apps)
2026-09-01 00:36:17,410 [main] INFO  [com.ehowms.admin.AdminApplication] SpringApplication.java:660 - The following 1 profile is active: "prod-ehox"
2026-09-01 00:36:20,201 [main] INFO  [org.apache.coyote.http11.Http11NioProtocol] DirectJDKLog.java:173 - Initializing ProtocolHandler ["http-nio-8082"]
2026-09-01 00:36:20,202 [main] INFO  [org.apache.catalina.core.StandardService] DirectJDKLog.java:173 - Starting service [Tomcat]
2026-09-01 00:36:20,203 [main] INFO  [org.apache.catalina.core.StandardEngine] DirectJDKLog.java:173 - Starting Servlet engine: [Apache Tomcat/10.1.24]
2026-09-01 00:36:20,230 [main] INFO  [o.a.c.c.ContainerBase.[Tomcat].[localhost].[/api]] DirectJDKLog.java:173 - Initializing Spring embedded WebApplicationContext
2026-09-01 00:36:20,595 [main] INFO  [com.ehowms.redis.RedissonAutoConfiguration] RedissonAutoConfiguration.java:130 - 初始化 Redisson 配置
2026-09-01 00:36:20,677 [main] INFO  [org.redisson.Version] Version.java:43 - Redisson 3.32.0
2026-09-01 00:37:07,393 [main] INFO  [org.apache.catalina.core.StandardService] DirectJDKLog.java:173 - Stopping service [Tomcat]
2026-09-01 00:37:08,897 [main] INFO  [com.ehowms.admin.AdminApplication] StartupInfoLogger.java:50 - Starting AdminApplication v1.0.0 using Java 21.0.11 with PID 7 (/opt/apps/ehox-wms-encrypted.jar started by root in /opt/apps)
2026-09-01 00:37:08,901 [main] INFO  [com.ehowms.admin.AdminApplication] SpringApplication.java:660 - The following 1 profile is active: "prod-ehox"
2026-09-01 00:37:11,703 [main] INFO  [org.apache.coyote.http11.Http11NioProtocol] DirectJDKLog.java:173 - Initializing ProtocolHandler ["http-nio-8082"]
2026-09-01 00:37:11,704 [main] INFO  [org.apache.catalina.core.StandardService] DirectJDKLog.java:173 - Starting service [Tomcat]
2026-09-01 00:37:11,704 [main] INFO  [org.apache.catalina.core.StandardEngine] DirectJDKLog.java:173 - Starting Servlet engine: [Apache Tomcat/10.1.24]
2026-09-01 00:37:11,727 [main] INFO  [o.a.c.c.ContainerBase.[Tomcat].[localhost].[/api]] DirectJDKLog.java:173 - Initializing Spring embedded WebApplicationContext
2026-09-01 00:37:12,091 [main] INFO  [com.ehowms.redis.RedissonAutoConfiguration] RedissonAutoConfiguration.java:130 - 初始化 Redisson 配置
2026-09-01 00:37:12,171 [main] INFO  [org.redisson.Version] Version.java:43 - Redisson 3.32.0
2026-09-01 00:37:58,897 [main] INFO  [org.apache.catalina.core.StandardService] DirectJDKLog.java:173 - Stopping service [Tomcat]
2026-09-01 00:38:00,399 [main] INFO  [com.ehowms.admin.AdminApplication] StartupInfoLogger.java:50 - Starting AdminApplication v1.0.0 using Java 21.0.11 with PID 7 (/opt/apps/ehox-wms-encrypted.jar started by root in /opt/apps)
2026-09-01 00:38:00,403 [main] INFO  [com.ehowms.admin.AdminApplication] SpringApplication.java:660 - The following 1 profile is active: "prod-ehox"
2026-09-01 00:38:03,192 [main] INFO  [org.apache.coyote.http11.Http11NioProtocol] DirectJDKLog.java:173 - Initializing ProtocolHandler ["http-nio-8082"]
2026-09-01 00:38:03,193 [main] INFO  [org.apache.catalina.core.StandardService] DirectJDKLog.java:173 - Starting service [Tomcat]
2026-09-01 00:38:03,194 [main] INFO  [org.apache.catalina.core.StandardEngine] DirectJDKLog.java:173 - Starting Servlet engine: [Apache Tomcat/10.1.24]
2026-09-01 00:38:03,219 [main] INFO  [o.a.c.c.ContainerBase.[Tomcat].[localhost].[/api]] DirectJDKLog.java:173 - Initializing Spring embedded WebApplicationContext
2026-09-01 00:38:03,574 [main] INFO  [com.ehowms.redis.RedissonAutoConfiguration] RedissonAutoConfiguration.java:130 - 初始化 Redisson 配置
2026-09-01 00:38:03,657 [main] INFO  [org.redisson.Version] Version.java:43 - Redisson 3.32.0
2026-09-01 00:38:50,374 [main] INFO  [org.apache.catalina.core.StandardService] DirectJDKLog.java:173 - Stopping service [Tomcat]
2026-09-01 00:38:51,882 [main] INFO  [com.ehowms.admin.AdminApplication] StartupInfoLogger.java:50 - Starting AdminApplication v1.0.0 using Java 21.0.11 with PID 7 (/opt/apps/ehox-wms-encrypted.jar started by root in /opt/apps)
2026-09-01 00:38:51,886 [main] INFO  [com.ehowms.admin.AdminApplication] SpringApplication.java:660 - The following 1 profile is active: "prod-ehox"
2026-09-01 00:38:54,717 [main] INFO  [org.apache.coyote.http11.Http11NioProtocol] DirectJDKLog.java:173 - Initializing ProtocolHandler ["http-nio-8082"]
2026-09-01 00:38:54,718 [main] INFO  [org.apache.catalina.core.StandardService] DirectJDKLog.java:173 - Starting service [Tomcat]
2026-09-01 00:38:54,718 [main] INFO  [org.apache.catalina.core.StandardEngine] DirectJDKLog.java:173 - Starting Servlet engine: [Apache Tomcat/10.1.24]
2026-09-01 00:38:54,741 [main] INFO  [o.a.c.c.ContainerBase.[Tomcat].[localhost].[/api]] DirectJDKLog.java:173 - Initializing Spring embedded WebApplicationContext
2026-09-01 00:38:55,122 [main] INFO  [com.ehowms.redis.RedissonAutoConfiguration] RedissonAutoConfiguration.java:130 - 初始化 Redisson 配置
2026-09-01 00:38:55,203 [main] INFO  [org.redisson.Version] Version.java:43 - Redisson 3.32.0
2026-09-01 00:39:41,924 [main] INFO  [org.apache.catalina.core.StandardService] DirectJDKLog.java:173 - Stopping service [Tomcat]
2026-09-01 00:39:44,294 [main] INFO  [com.ehowms.admin.AdminApplication] StartupInfoLogger.java:50 - Starting AdminApplication v1.0.0 using Java 21.0.11 with PID 7 (/opt/apps/ehox-wms-encrypted.jar started by root in /opt/apps)
2026-09-01 00:39:44,298 [main] INFO  [com.ehowms.admin.AdminApplication] SpringApplication.java:660 - The following 1 profile is active: "prod-ehox"
2026-09-01 00:39:47,066 [main] INFO  [org.apache.coyote.http11.Http11NioProtocol] DirectJDKLog.java:173 - Initializing ProtocolHandler ["http-nio-8082"]
2026-09-01 00:39:47,068 [main] INFO  [org.apache.catalina.core.StandardService] DirectJDKLog.java:173 - Starting service [Tomcat]
2026-09-01 00:39:47,068 [main] INFO  [org.apache.catalina.core.StandardEngine] DirectJDKLog.java:173 - Starting Servlet engine: [Apache Tomcat/10.1.24]
2026-09-01 00:39:47,091 [main] INFO  [o.a.c.c.ContainerBase.[Tomcat].[localhost].[/api]] DirectJDKLog.java:173 - Initializing Spring embedded WebApplicationContext
2026-09-01 00:39:47,450 [main] INFO  [com.ehowms.redis.RedissonAutoConfiguration] RedissonAutoConfiguration.java:130 - 初始化 Redisson 配置
2026-09-01 00:39:47,533 [main] INFO  [org.redisson.Version] Version.java:43 - Redisson 3.32.0
2026-09-01 00:40:34,272 [main] INFO  [org.apache.catalina.core.StandardService] DirectJDKLog.java:173 - Stopping service [Tomcat]
2026-09-01 00:40:35,752 [main] INFO  [com.ehowms.admin.AdminApplication] StartupInfoLogger.java:50 - Starting AdminApplication v1.0.0 using Java 21.0.11 with PID 7 (/opt/apps/ehox-wms-encrypted.jar started by root in /opt/apps)
2026-09-01 00:40:35,755 [main] INFO  [com.ehowms.admin.AdminApplication] SpringApplication.java:660 - The following 1 profile is active: "prod-ehox"
2026-09-01 00:40:38,520 [main] INFO  [org.apache.coyote.http11.Http11NioProtocol] DirectJDKLog.java:173 - Initializing ProtocolHandler ["http-nio-8082"]
2026-09-01 00:40:38,521 [main] INFO  [org.apache.catalina.core.StandardService] DirectJDKLog.java:173 - Starting service [Tomcat]
2026-09-01 00:40:38,521 [main] INFO  [org.apache.catalina.core.StandardEngine] DirectJDKLog.java:173 - Starting Servlet engine: [Apache Tomcat/10.1.24]
2026-09-01 00:40:38,545 [main] INFO  [o.a.c.c.ContainerBase.[Tomcat].[localhost].[/api]] DirectJDKLog.java:173 - Initializing Spring embedded WebApplicationContext
2026-09-01 00:40:38,894 [main] INFO  [com.ehowms.redis.RedissonAutoConfiguration] RedissonAutoConfiguration.java:130 - 初始化 Redisson 配置
2026-09-01 00:40:38,972 [main] INFO  [org.redisson.Version] Version.java:43 - Redisson 3.32.0
2026-09-01 00:41:25,735 [main] INFO  [org.apache.catalina.core.StandardService] DirectJDKLog.java:173 - Stopping service [Tomcat]
2026-09-01 00:41:27,258 [main] INFO  [com.ehowms.admin.AdminApplication] StartupInfoLogger.java:50 - Starting AdminApplication v1.0.0 using Java 21.0.11 with PID 7 (/opt/apps/ehox-wms-encrypted.jar started by root in /opt/apps)
2026-09-01 00:41:27,261 [main] INFO  [com.ehowms.admin.AdminApplication] SpringApplication.java:660 - The following 1 profile is active: "prod-ehox"
2026-09-01 00:41:30,027 [main] INFO  [org.apache.coyote.http11.Http11NioProtocol] DirectJDKLog.java:173 - Initializing ProtocolHandler ["http-nio-8082"]
2026-09-01 00:41:30,028 [main] INFO  [org.apache.catalina.core.StandardService] DirectJDKLog.java:173 - Starting service [Tomcat]
2026-09-01 00:41:30,028 [main] INFO  [org.apache.catalina.core.StandardEngine] DirectJDKLog.java:173 - Starting Servlet engine: [Apache Tomcat/10.1.24]
2026-09-01 00:41:30,049 [main] INFO  [o.a.c.c.ContainerBase.[Tomcat].[localhost].[/api]] DirectJDKLog.java:173 - Initializing Spring embedded WebApplicationContext
2026-09-01 00:41:30,412 [main] INFO  [com.ehowms.redis.RedissonAutoConfiguration] RedissonAutoConfiguration.java:130 - 初始化 Redisson 配置
2026-09-01 00:41:30,493 [main] INFO  [org.redisson.Version] Version.java:43 - Redisson 3.32.0
2026-09-01 00:42:14,380 [main] INFO  [org.apache.catalina.core.StandardService] DirectJDKLog.java:173 - Stopping service [Tomcat]
2026-09-01 00:42:15,897 [main] INFO  [com.ehowms.admin.AdminApplication] StartupInfoLogger.java:50 - Starting AdminApplication v1.0.0 using Java 21.0.11 with PID 7 (/opt/apps/ehox-wms-encrypted.jar started by root in /opt/apps)
2026-09-01 00:42:15,900 [main] INFO  [com.ehowms.admin.AdminApplication] SpringApplication.java:660 - The following 1 profile is active: "prod-ehox"
2026-09-01 00:42:18,754 [main] INFO  [org.apache.coyote.http11.Http11NioProtocol] DirectJDKLog.java:173 - Initializing ProtocolHandler ["http-nio-8082"]
2026-09-01 00:42:18,756 [main] INFO  [org.apache.catalina.core.StandardService] DirectJDKLog.java:173 - Starting service [Tomcat]
2026-09-01 00:42:18,756 [main] INFO  [org.apache.catalina.core.StandardEngine] DirectJDKLog.java:173 - Starting Servlet engine: [Apache Tomcat/10.1.24]
2026-09-01 00:42:18,778 [main] INFO  [o.a.c.c.ContainerBase.[Tomcat].[localhost].[/api]] DirectJDKLog.java:173 - Initializing Spring embedded WebApplicationContext
2026-09-01 00:42:19,138 [main] INFO  [com.ehowms.redis.RedissonAutoConfiguration] RedissonAutoConfiguration.java:130 - 初始化 Redisson 配置
2026-09-01 00:42:19,220 [main] INFO  [org.redisson.Version] Version.java:43 - Redisson 3.32.0
2026-09-01 00:43:05,948 [main] INFO  [org.apache.catalina.core.StandardService] DirectJDKLog.java:173 - Stopping service [Tomcat]
2026-09-01 00:43:08,315 [main] INFO  [com.ehowms.admin.AdminApplication] StartupInfoLogger.java:50 - Starting AdminApplication v1.0.0 using Java 21.0.11 with PID 6 (/opt/apps/ehox-wms-encrypted.jar started by root in /opt/apps)
2026-09-01 00:43:08,318 [main] INFO  [com.ehowms.admin.AdminApplication] SpringApplication.java:660 - The following 1 profile is active: "prod-ehox"
2026-09-01 00:43:11,139 [main] INFO  [org.apache.coyote.http11.Http11NioProtocol] DirectJDKLog.java:173 - Initializing ProtocolHandler ["http-nio-8082"]
2026-09-01 00:43:11,140 [main] INFO  [org.apache.catalina.core.StandardService] DirectJDKLog.java:173 - Starting service [Tomcat]
2026-09-01 00:43:11,141 [main] INFO  [org.apache.catalina.core.StandardEngine] DirectJDKLog.java:173 - Starting Servlet engine: [Apache Tomcat/10.1.24]
2026-09-01 00:43:11,163 [main] INFO  [o.a.c.c.ContainerBase.[Tomcat].[localhost].[/api]] DirectJDKLog.java:173 - Initializing Spring embedded WebApplicationContext
2026-09-01 00:43:11,507 [main] INFO  [com.ehowms.redis.RedissonAutoConfiguration] RedissonAutoConfiguration.java:130 - 初始化 Redisson 配置
2026-09-01 00:43:11,585 [main] INFO  [org.redisson.Version] Version.java:43 - Redisson 3.32.0
2026-09-01 00:43:58,304 [main] INFO  [org.apache.catalina.core.StandardService] DirectJDKLog.java:173 - Stopping service [Tomcat]
2026-09-01 00:44:00,687 [main] INFO  [com.ehowms.admin.AdminApplication] StartupInfoLogger.java:50 - Starting AdminApplication v1.0.0 using Java 21.0.11 with PID 7 (/opt/apps/ehox-wms-encrypted.jar started by root in /opt/apps)
2026-09-01 00:44:00,690 [main] INFO  [com.ehowms.admin.AdminApplication] SpringApplication.java:660 - The following 1 profile is active: "prod-ehox"
2026-09-01 00:44:03,468 [main] INFO  [org.apache.coyote.http11.Http11NioProtocol] DirectJDKLog.java:173 - Initializing ProtocolHandler ["http-nio-8082"]
2026-09-01 00:44:03,469 [main] INFO  [org.apache.catalina.core.StandardService] DirectJDKLog.java:173 - Starting service [Tomcat]
2026-09-01 00:44:03,470 [main] INFO  [org.apache.catalina.core.StandardEngine] DirectJDKLog.java:173 - Starting Servlet engine: [Apache Tomcat/10.1.24]
2026-09-01 00:44:03,491 [main] INFO  [o.a.c.c.ContainerBase.[Tomcat].[localhost].[/api]] DirectJDKLog.java:173 - Initializing Spring embedded WebApplicationContext
2026-09-01 00:44:03,861 [main] INFO  [com.ehowms.redis.RedissonAutoConfiguration] RedissonAutoConfiguration.java:130 - 初始化 Redisson 配置
2026-09-01 00:44:03,941 [main] INFO  [org.redisson.Version] Version.java:43 - Redisson 3.32.0
2026-09-01 00:44:50,691 [main] INFO  [org.apache.catalina.core.StandardService] DirectJDKLog.java:173 - Stopping service [Tomcat]
2026-09-01 00:44:53,068 [main] INFO  [com.ehowms.admin.AdminApplication] StartupInfoLogger.java:50 - Starting AdminApplication v1.0.0 using Java 21.0.11 with PID 7 (/opt/apps/ehox-wms-encrypted.jar started by root in /opt/apps)
2026-09-01 00:44:53,071 [main] INFO  [com.ehowms.admin.AdminApplication] SpringApplication.java:660 - The following 1 profile is active: "prod-ehox"
2026-09-01 00:44:55,898 [main] INFO  [org.apache.coyote.http11.Http11NioProtocol] DirectJDKLog.java:173 - Initializing ProtocolHandler ["http-nio-8082"]
2026-09-01 00:44:55,900 [main] INFO  [org.apache.catalina.core.StandardService] DirectJDKLog.java:173 - Starting service [Tomcat]
2026-09-01 00:44:55,900 [main] INFO  [org.apache.catalina.core.StandardEngine] DirectJDKLog.java:173 - Starting Servlet engine: [Apache Tomcat/10.1.24]
2026-09-01 00:44:55,922 [main] INFO  [o.a.c.c.ContainerBase.[Tomcat].[localhost].[/api]] DirectJDKLog.java:173 - Initializing Spring embedded WebApplicationContext
2026-09-01 00:44:56,288 [main] INFO  [com.ehowms.redis.RedissonAutoConfiguration] RedissonAutoConfiguration.java:130 - 初始化 Redisson 配置
2026-09-01 00:44:56,372 [main] INFO  [org.redisson.Version] Version.java:43 - Redisson 3.32.0
2026-09-01 00:45:33,087 [main] INFO  [org.apache.catalina.core.StandardService] DirectJDKLog.java:173 - Stopping service [Tomcat]
2026-09-01 00:45:35,444 [main] INFO  [com.ehowms.admin.AdminApplication] StartupInfoLogger.java:50 - Starting AdminApplication v1.0.0 using Java 21.0.11 with PID 7 (/opt/apps/ehox-wms-encrypted.jar started by root in /opt/apps)
2026-09-01 00:45:35,449 [main] INFO  [com.ehowms.admin.AdminApplication] SpringApplication.java:660 - The following 1 profile is active: "prod-ehox"
2026-09-01 00:45:38,341 [main] INFO  [org.apache.coyote.http11.Http11NioProtocol] DirectJDKLog.java:173 - Initializing ProtocolHandler ["http-nio-8082"]
2026-09-01 00:45:38,342 [main] INFO  [org.apache.catalina.core.StandardService] DirectJDKLog.java:173 - Starting service [Tomcat]
2026-09-01 00:45:38,343 [main] INFO  [org.apache.catalina.core.StandardEngine] DirectJDKLog.java:173 - Starting Servlet engine: [Apache Tomcat/10.1.24]
2026-09-01 00:45:38,364 [main] INFO  [o.a.c.c.ContainerBase.[Tomcat].[localhost].[/api]] DirectJDKLog.java:173 - Initializing Spring embedded WebApplicationContext
2026-09-01 00:45:38,742 [main] INFO  [com.ehowms.redis.RedissonAutoConfiguration] RedissonAutoConfiguration.java:130 - 初始化 Redisson 配置
2026-09-01 00:45:38,822 [main] INFO  [org.redisson.Version] Version.java:43 - Redisson 3.32.0
2026-09-01 00:46:25,542 [main] INFO  [org.apache.catalina.core.StandardService] DirectJDKLog.java:173 - Stopping service [Tomcat]
2026-09-01 00:46:27,030 [main] INFO  [com.ehowms.admin.AdminApplication] StartupInfoLogger.java:50 - Starting AdminApplication v1.0.0 using Java 21.0.11 with PID 7 (/opt/apps/ehox-wms-encrypted.jar started by root in /opt/apps)
2026-09-01 00:46:27,034 [main] INFO  [com.ehowms.admin.AdminApplication] SpringApplication.java:660 - The following 1 profile is active: "prod-ehox"
2026-09-01 00:46:29,784 [main] INFO  [org.apache.coyote.http11.Http11NioProtocol] DirectJDKLog.java:173 - Initializing ProtocolHandler ["http-nio-8082"]
2026-09-01 00:46:29,786 [main] INFO  [org.apache.catalina.core.StandardService] DirectJDKLog.java:173 - Starting service [Tomcat]
2026-09-01 00:46:29,786 [main] INFO  [org.apache.catalina.core.StandardEngine] DirectJDKLog.java:173 - Starting Servlet engine: [Apache Tomcat/10.1.24]
2026-09-01 00:46:29,807 [main] INFO  [o.a.c.c.ContainerBase.[Tomcat].[localhost].[/api]] DirectJDKLog.java:173 - Initializing Spring embedded WebApplicationContext
2026-09-01 00:46:30,166 [main] INFO  [com.ehowms.redis.RedissonAutoConfiguration] RedissonAutoConfiguration.java:130 - 初始化 Redisson 配置
2026-09-01 00:46:30,244 [main] INFO  [org.redisson.Version] Version.java:43 - Redisson 3.32.0
2026-09-01 00:47:16,959 [main] INFO  [org.apache.catalina.core.StandardService] DirectJDKLog.java:173 - Stopping service [Tomcat]
2026-09-01 00:47:19,319 [main] INFO  [com.ehowms.admin.AdminApplication] StartupInfoLogger.java:50 - Starting AdminApplication v1.0.0 using Java 21.0.11 with PID 7 (/opt/apps/ehox-wms-encrypted.jar started by root in /opt/apps)
2026-09-01 00:47:19,324 [main] INFO  [com.ehowms.admin.AdminApplication] SpringApplication.java:660 - The following 1 profile is active: "prod-ehox"
2026-09-01 00:47:22,185 [main] INFO  [org.apache.coyote.http11.Http11NioProtocol] DirectJDKLog.java:173 - Initializing ProtocolHandler ["http-nio-8082"]
2026-09-01 00:47:22,187 [main] INFO  [org.apache.catalina.core.StandardService] DirectJDKLog.java:173 - Starting service [Tomcat]
2026-09-01 00:47:22,187 [main] INFO  [org.apache.catalina.core.StandardEngine] DirectJDKLog.java:173 - Starting Servlet engine: [Apache Tomcat/10.1.24]
2026-09-01 00:47:22,211 [main] INFO  [o.a.c.c.ContainerBase.[Tomcat].[localhost].[/api]] DirectJDKLog.java:173 - Initializing Spring embedded WebApplicationContext
2026-09-01 00:47:22,591 [main] INFO  [com.ehowms.redis.RedissonAutoConfiguration] RedissonAutoConfiguration.java:130 - 初始化 Redisson 配置
2026-09-01 00:47:22,677 [main] INFO  [org.redisson.Version] Version.java:43 - Redisson 3.32.0
2026-09-01 00:48:09,381 [main] INFO  [org.apache.catalina.core.StandardService] DirectJDKLog.java:173 - Stopping service [Tomcat]
2026-09-01 00:48:10,875 [main] INFO  [com.ehowms.admin.AdminApplication] StartupInfoLogger.java:50 - Starting AdminApplication v1.0.0 using Java 21.0.11 with PID 7 (/opt/apps/ehox-wms-encrypted.jar started by root in /opt/apps)
2026-09-01 00:48:10,879 [main] INFO  [com.ehowms.admin.AdminApplication] SpringApplication.java:660 - The following 1 profile is active: "prod-ehox"
2026-09-01 00:48:13,738 [main] INFO  [org.apache.coyote.http11.Http11NioProtocol] DirectJDKLog.java:173 - Initializing ProtocolHandler ["http-nio-8082"]
2026-09-01 00:48:13,740 [main] INFO  [org.apache.catalina.core.StandardService] DirectJDKLog.java:173 - Starting service [Tomcat]
2026-09-01 00:48:13,740 [main] INFO  [org.apache.catalina.core.StandardEngine] DirectJDKLog.java:173 - Starting Servlet engine: [Apache Tomcat/10.1.24]
2026-09-01 00:48:13,769 [main] INFO  [o.a.c.c.ContainerBase.[Tomcat].[localhost].[/api]] DirectJDKLog.java:173 - Initializing Spring embedded WebApplicationContext
2026-09-01 00:48:14,140 [main] INFO  [com.ehowms.redis.RedissonAutoConfiguration] RedissonAutoConfiguration.java:130 - 初始化 Redisson 配置
2026-09-01 00:48:14,220 [main] INFO  [org.redisson.Version] Version.java:43 - Redisson 3.32.0
2026-09-01 00:49:00,957 [main] INFO  [org.apache.catalina.core.StandardService] DirectJDKLog.java:173 - Stopping service [Tomcat]
2026-09-01 00:49:02,458 [main] INFO  [com.ehowms.admin.AdminApplication] StartupInfoLogger.java:50 - Starting AdminApplication v1.0.0 using Java 21.0.11 with PID 7 (/opt/apps/ehox-wms-encrypted.jar started by root in /opt/apps)
2026-09-01 00:49:02,462 [main] INFO  [com.ehowms.admin.AdminApplication] SpringApplication.java:660 - The following 1 profile is active: "prod-ehox"
2026-09-01 00:49:05,347 [main] INFO  [org.apache.coyote.http11.Http11NioProtocol] DirectJDKLog.java:173 - Initializing ProtocolHandler ["http-nio-8082"]
2026-09-01 00:49:05,348 [main] INFO  [org.apache.catalina.core.StandardService] DirectJDKLog.java:173 - Starting service [Tomcat]
2026-09-01 00:49:05,348 [main] INFO  [org.apache.catalina.core.StandardEngine] DirectJDKLog.java:173 - Starting Servlet engine: [Apache Tomcat/10.1.24]
2026-09-01 00:49:05,373 [main] INFO  [o.a.c.c.ContainerBase.[Tomcat].[localhost].[/api]] DirectJDKLog.java:173 - Initializing Spring embedded WebApplicationContext
2026-09-01 00:49:05,757 [main] INFO  [com.ehowms.redis.RedissonAutoConfiguration] RedissonAutoConfiguration.java:130 - 初始化 Redisson 配置
2026-09-01 00:49:05,843 [main] INFO  [org.redisson.Version] Version.java:43 - Redisson 3.32.0
2026-09-01 00:49:52,570 [main] INFO  [org.apache.catalina.core.StandardService] DirectJDKLog.java:173 - Stopping service [Tomcat]
2026-09-01 00:49:54,939 [main] INFO  [com.ehowms.admin.AdminApplication] StartupInfoLogger.java:50 - Starting AdminApplication v1.0.0 using Java 21.0.11 with PID 7 (/opt/apps/ehox-wms-encrypted.jar started by root in /opt/apps)
2026-09-01 00:49:54,942 [main] INFO  [com.ehowms.admin.AdminApplication] SpringApplication.java:660 - The following 1 profile is active: "prod-ehox"
2026-09-01 00:49:57,741 [main] INFO  [org.apache.coyote.http11.Http11NioProtocol] DirectJDKLog.java:173 - Initializing ProtocolHandler ["http-nio-8082"]
2026-09-01 00:49:57,742 [main] INFO  [org.apache.catalina.core.StandardService] DirectJDKLog.java:173 - Starting service [Tomcat]
2026-09-01 00:49:57,742 [main] INFO  [org.apache.catalina.core.StandardEngine] DirectJDKLog.java:173 - Starting Servlet engine: [Apache Tomcat/10.1.24]
2026-09-01 00:49:57,765 [main] INFO  [o.a.c.c.ContainerBase.[Tomcat].[localhost].[/api]] DirectJDKLog.java:173 - Initializing Spring embedded WebApplicationContext
2026-09-01 00:49:58,126 [main] INFO  [com.ehowms.redis.RedissonAutoConfiguration] RedissonAutoConfiguration.java:130 - 初始化 Redisson 配置
2026-09-01 00:49:58,211 [main] INFO  [org.redisson.Version] Version.java:43 - Redisson 3.32.0
2026-09-01 00:50:44,915 [main] INFO  [org.apache.catalina.core.StandardService] DirectJDKLog.java:173 - Stopping service [Tomcat]
2026-09-01 00:50:46,420 [main] INFO  [com.ehowms.admin.AdminApplication] StartupInfoLogger.java:50 - Starting AdminApplication v1.0.0 using Java 21.0.11 with PID 7 (/opt/apps/ehox-wms-encrypted.jar started by root in /opt/apps)
2026-09-01 00:50:46,425 [main] INFO  [com.ehowms.admin.AdminApplication] SpringApplication.java:660 - The following 1 profile is active: "prod-ehox"
2026-09-01 00:50:49,274 [main] INFO  [org.apache.coyote.http11.Http11NioProtocol] DirectJDKLog.java:173 - Initializing ProtocolHandler ["http-nio-8082"]
2026-09-01 00:50:49,275 [main] INFO  [org.apache.catalina.core.StandardService] DirectJDKLog.java:173 - Starting service [Tomcat]
2026-09-01 00:50:49,275 [main] INFO  [org.apache.catalina.core.StandardEngine] DirectJDKLog.java:173 - Starting Servlet engine: [Apache Tomcat/10.1.24]
2026-09-01 00:50:49,298 [main] INFO  [o.a.c.c.ContainerBase.[Tomcat].[localhost].[/api]] DirectJDKLog.java:173 - Initializing Spring embedded WebApplicationContext
2026-09-01 00:50:49,668 [main] INFO  [com.ehowms.redis.RedissonAutoConfiguration] RedissonAutoConfiguration.java:130 - 初始化 Redisson 配置
2026-09-01 00:50:49,749 [main] INFO  [org.redisson.Version] Version.java:43 - Redisson 3.32.0
2026-09-01 00:51:36,482 [main] INFO  [org.apache.catalina.core.StandardService] DirectJDKLog.java:173 - Stopping service [Tomcat]
2026-09-01 00:51:37,970 [main] INFO  [com.ehowms.admin.AdminApplication] StartupInfoLogger.java:50 - Starting AdminApplication v1.0.0 using Java 21.0.11 with PID 7 (/opt/apps/ehox-wms-encrypted.jar started by root in /opt/apps)
2026-09-01 00:51:37,973 [main] INFO  [com.ehowms.admin.AdminApplication] SpringApplication.java:660 - The following 1 profile is active: "prod-ehox"
2026-09-01 00:51:40,757 [main] INFO  [org.apache.coyote.http11.Http11NioProtocol] DirectJDKLog.java:173 - Initializing ProtocolHandler ["http-nio-8082"]
2026-09-01 00:51:40,758 [main] INFO  [org.apache.catalina.core.StandardService] DirectJDKLog.java:173 - Starting service [Tomcat]
2026-09-01 00:51:40,758 [main] INFO  [org.apache.catalina.core.StandardEngine] DirectJDKLog.java:173 - Starting Servlet engine: [Apache Tomcat/10.1.24]
2026-09-01 00:51:40,782 [main] INFO  [o.a.c.c.ContainerBase.[Tomcat].[localhost].[/api]] DirectJDKLog.java:173 - Initializing Spring embedded WebApplicationContext
2026-09-01 00:51:41,136 [main] INFO  [com.ehowms.redis.RedissonAutoConfiguration] RedissonAutoConfiguration.java:130 - 初始化 Redisson 配置
2026-09-01 00:51:41,229 [main] INFO  [org.redisson.Version] Version.java:43 - Redisson 3.32.0
2026-09-01 00:52:27,958 [main] INFO  [org.apache.catalina.core.StandardService] DirectJDKLog.java:173 - Stopping service [Tomcat]
2026-09-01 00:52:29,457 [main] INFO  [com.ehowms.admin.AdminApplication] StartupInfoLogger.java:50 - Starting AdminApplication v1.0.0 using Java 21.0.11 with PID 7 (/opt/apps/ehox-wms-encrypted.jar started by root in /opt/apps)
2026-09-01 00:52:29,460 [main] INFO  [com.ehowms.admin.AdminApplication] SpringApplication.java:660 - The following 1 profile is active: "prod-ehox"
2026-09-01 00:52:32,293 [main] INFO  [org.apache.coyote.http11.Http11NioProtocol] DirectJDKLog.java:173 - Initializing ProtocolHandler ["http-nio-8082"]
2026-09-01 00:52:32,295 [main] INFO  [org.apache.catalina.core.StandardService] DirectJDKLog.java:173 - Starting service [Tomcat]
2026-09-01 00:52:32,295 [main] INFO  [org.apache.catalina.core.StandardEngine] DirectJDKLog.java:173 - Starting Servlet engine: [Apache Tomcat/10.1.24]
2026-09-01 00:52:32,319 [main] INFO  [o.a.c.c.ContainerBase.[Tomcat].[localhost].[/api]] DirectJDKLog.java:173 - Initializing Spring embedded WebApplicationContext
2026-09-01 00:52:32,699 [main] INFO  [com.ehowms.redis.RedissonAutoConfiguration] RedissonAutoConfiguration.java:130 - 初始化 Redisson 配置
2026-09-01 00:52:32,778 [main] INFO  [org.redisson.Version] Version.java:43 - Redisson 3.32.0
2026-09-01 00:53:19,496 [main] INFO  [org.apache.catalina.core.StandardService] DirectJDKLog.java:173 - Stopping service [Tomcat]
2026-09-01 00:53:20,979 [main] INFO  [com.ehowms.admin.AdminApplication] StartupInfoLogger.java:50 - Starting AdminApplication v1.0.0 using Java 21.0.11 with PID 7 (/opt/apps/ehox-wms-encrypted.jar started by root in /opt/apps)
2026-09-01 00:53:20,983 [main] INFO  [com.ehowms.admin.AdminApplication] SpringApplication.java:660 - The following 1 profile is active: "prod-ehox"
2026-09-01 00:53:23,757 [main] INFO  [org.apache.coyote.http11.Http11NioProtocol] DirectJDKLog.java:173 - Initializing ProtocolHandler ["http-nio-8082"]
2026-09-01 00:53:23,759 [main] INFO  [org.apache.catalina.core.StandardService] DirectJDKLog.java:173 - Starting service [Tomcat]
2026-09-01 00:53:23,759 [main] INFO  [org.apache.catalina.core.StandardEngine] DirectJDKLog.java:173 - Starting Servlet engine: [Apache Tomcat/10.1.24]
2026-09-01 00:53:23,780 [main] INFO  [o.a.c.c.ContainerBase.[Tomcat].[localhost].[/api]] DirectJDKLog.java:173 - Initializing Spring embedded WebApplicationContext
2026-09-01 00:53:24,133 [main] INFO  [com.ehowms.redis.RedissonAutoConfiguration] RedissonAutoConfiguration.java:130 - 初始化 Redisson 配置
2026-09-01 00:53:24,217 [main] INFO  [org.redisson.Version] Version.java:43 - Redisson 3.32.0
2026-09-01 00:54:10,946 [main] INFO  [org.apache.catalina.core.StandardService] DirectJDKLog.java:173 - Stopping service [Tomcat]
2026-09-01 00:54:12,464 [main] INFO  [com.ehowms.admin.AdminApplication] StartupInfoLogger.java:50 - Starting AdminApplication v1.0.0 using Java 21.0.11 with PID 7 (/opt/apps/ehox-wms-encrypted.jar started by root in /opt/apps)
2026-09-01 00:54:12,468 [main] INFO  [com.ehowms.admin.AdminApplication] SpringApplication.java:660 - The following 1 profile is active: "prod-ehox"
2026-09-01 00:54:15,261 [main] INFO  [org.apache.coyote.http11.Http11NioProtocol] DirectJDKLog.java:173 - Initializing ProtocolHandler ["http-nio-8082"]
2026-09-01 00:54:15,262 [main] INFO  [org.apache.catalina.core.StandardService] DirectJDKLog.java:173 - Starting service [Tomcat]
2026-09-01 00:54:15,262 [main] INFO  [org.apache.catalina.core.StandardEngine] DirectJDKLog.java:173 - Starting Servlet engine: [Apache Tomcat/10.1.24]
2026-09-01 00:54:15,285 [main] INFO  [o.a.c.c.ContainerBase.[Tomcat].[localhost].[/api]] DirectJDKLog.java:173 - Initializing Spring embedded WebApplicationContext
2026-09-01 00:54:15,664 [main] INFO  [com.ehowms.redis.RedissonAutoConfiguration] RedissonAutoConfiguration.java:130 - 初始化 Redisson 配置
2026-09-01 00:54:15,750 [main] INFO  [org.redisson.Version] Version.java:43 - Redisson 3.32.0
2026-09-01 00:55:02,471 [main] INFO  [org.apache.catalina.core.StandardService] DirectJDKLog.java:173 - Stopping service [Tomcat]
2026-09-01 00:55:04,893 [main] INFO  [com.ehowms.admin.AdminApplication] StartupInfoLogger.java:50 - Starting AdminApplication v1.0.0 using Java 21.0.11 with PID 7 (/opt/apps/ehox-wms-encrypted.jar started by root in /opt/apps)
2026-09-01 00:55:04,897 [main] INFO  [com.ehowms.admin.AdminApplication] SpringApplication.java:660 - The following 1 profile is active: "prod-ehox"
2026-09-01 00:55:07,774 [main] INFO  [org.apache.coyote.http11.Http11NioProtocol] DirectJDKLog.java:173 - Initializing ProtocolHandler ["http-nio-8082"]
2026-09-01 00:55:07,775 [main] INFO  [org.apache.catalina.core.StandardService] DirectJDKLog.java:173 - Starting service [Tomcat]
2026-09-01 00:55:07,776 [main] INFO  [org.apache.catalina.core.StandardEngine] DirectJDKLog.java:173 - Starting Servlet engine: [Apache Tomcat/10.1.24]
2026-09-01 00:55:07,798 [main] INFO  [o.a.c.c.ContainerBase.[Tomcat].[localhost].[/api]] DirectJDKLog.java:173 - Initializing Spring embedded WebApplicationContext
2026-09-01 00:55:08,165 [main] INFO  [com.ehowms.redis.RedissonAutoConfiguration] RedissonAutoConfiguration.java:130 - 初始化 Redisson 配置
2026-09-01 00:55:08,247 [main] INFO  [org.redisson.Version] Version.java:43 - Redisson 3.32.0
2026-09-01 00:55:44,961 [main] INFO  [org.apache.catalina.core.StandardService] DirectJDKLog.java:173 - Stopping service [Tomcat]
2026-09-01 00:55:46,474 [main] INFO  [com.ehowms.admin.AdminApplication] StartupInfoLogger.java:50 - Starting AdminApplication v1.0.0 using Java 21.0.11 with PID 7 (/opt/apps/ehox-wms-encrypted.jar started by root in /opt/apps)
2026-09-01 00:55:46,477 [main] INFO  [com.ehowms.admin.AdminApplication] SpringApplication.java:660 - The following 1 profile is active: "prod-ehox"
2026-09-01 00:55:49,318 [main] INFO  [org.apache.coyote.http11.Http11NioProtocol] DirectJDKLog.java:173 - Initializing ProtocolHandler ["http-nio-8082"]
2026-09-01 00:55:49,319 [main] INFO  [org.apache.catalina.core.StandardService] DirectJDKLog.java:173 - Starting service [Tomcat]
2026-09-01 00:55:49,319 [main] INFO  [org.apache.catalina.core.StandardEngine] DirectJDKLog.java:173 - Starting Servlet engine: [Apache Tomcat/10.1.24]
2026-09-01 00:55:49,344 [main] INFO  [o.a.c.c.ContainerBase.[Tomcat].[localhost].[/api]] DirectJDKLog.java:173 - Initializing Spring embedded WebApplicationContext
2026-09-01 00:55:49,726 [main] INFO  [com.ehowms.redis.RedissonAutoConfiguration] RedissonAutoConfiguration.java:130 - 初始化 Redisson 配置
2026-09-01 00:55:49,807 [main] INFO  [org.redisson.Version] Version.java:43 - Redisson 3.32.0
2026-09-01 00:56:36,518 [main] INFO  [org.apache.catalina.core.StandardService] DirectJDKLog.java:173 - Stopping service [Tomcat]
2026-09-01 00:56:38,011 [main] INFO  [com.ehowms.admin.AdminApplication] StartupInfoLogger.java:50 - Starting AdminApplication v1.0.0 using Java 21.0.11 with PID 7 (/opt/apps/ehox-wms-encrypted.jar started by root in /opt/apps)
2026-09-01 00:56:38,015 [main] INFO  [com.ehowms.admin.AdminApplication] SpringApplication.java:660 - The following 1 profile is active: "prod-ehox"
2026-09-01 00:56:40,876 [main] INFO  [org.apache.coyote.http11.Http11NioProtocol] DirectJDKLog.java:173 - Initializing ProtocolHandler ["http-nio-8082"]
2026-09-01 00:56:40,878 [main] INFO  [org.apache.catalina.core.StandardService] DirectJDKLog.java:173 - Starting service [Tomcat]
2026-09-01 00:56:40,878 [main] INFO  [org.apache.catalina.core.StandardEngine] DirectJDKLog.java:173 - Starting Servlet engine: [Apache Tomcat/10.1.24]
2026-09-01 00:56:40,901 [main] INFO  [o.a.c.c.ContainerBase.[Tomcat].[localhost].[/api]] DirectJDKLog.java:173 - Initializing Spring embedded WebApplicationContext
2026-09-01 00:56:41,266 [main] INFO  [com.ehowms.redis.RedissonAutoConfiguration] RedissonAutoConfiguration.java:130 - 初始化 Redisson 配置
2026-09-01 00:56:41,346 [main] INFO  [org.redisson.Version] Version.java:43 - Redisson 3.32.0
2026-09-01 00:57:28,076 [main] INFO  [org.apache.catalina.core.StandardService] DirectJDKLog.java:173 - Stopping service [Tomcat]
2026-09-01 00:57:29,578 [main] INFO  [com.ehowms.admin.AdminApplication] StartupInfoLogger.java:50 - Starting AdminApplication v1.0.0 using Java 21.0.11 with PID 7 (/opt/apps/ehox-wms-encrypted.jar started by root in /opt/apps)
2026-09-01 00:57:29,581 [main] INFO  [com.ehowms.admin.AdminApplication] SpringApplication.java:660 - The following 1 profile is active: "prod-ehox"
2026-09-01 00:57:32,427 [main] INFO  [org.apache.coyote.http11.Http11NioProtocol] DirectJDKLog.java:173 - Initializing ProtocolHandler ["http-nio-8082"]
2026-09-01 00:57:32,430 [main] INFO  [org.apache.catalina.core.StandardService] DirectJDKLog.java:173 - Starting service [Tomcat]
2026-09-01 00:57:32,430 [main] INFO  [org.apache.catalina.core.StandardEngine] DirectJDKLog.java:173 - Starting Servlet engine: [Apache Tomcat/10.1.24]
2026-09-01 00:57:32,452 [main] INFO  [o.a.c.c.ContainerBase.[Tomcat].[localhost].[/api]] DirectJDKLog.java:173 - Initializing Spring embedded WebApplicationContext
2026-09-01 00:57:32,806 [main] INFO  [com.ehowms.redis.RedissonAutoConfiguration] RedissonAutoConfiguration.java:130 - 初始化 Redisson 配置
2026-09-01 00:57:32,885 [main] INFO  [org.redisson.Version] Version.java:43 - Redisson 3.32.0
2026-09-01 00:58:19,622 [main] INFO  [org.apache.catalina.core.StandardService] DirectJDKLog.java:173 - Stopping service [Tomcat]
2026-09-01 00:58:21,161 [main] INFO  [com.ehowms.admin.AdminApplication] StartupInfoLogger.java:50 - Starting AdminApplication v1.0.0 using Java 21.0.11 with PID 6 (/opt/apps/ehox-wms-encrypted.jar started by root in /opt/apps)
2026-09-01 00:58:21,164 [main] INFO  [com.ehowms.admin.AdminApplication] SpringApplication.java:660 - The following 1 profile is active: "prod-ehox"
2026-09-01 00:58:23,920 [main] INFO  [org.apache.coyote.http11.Http11NioProtocol] DirectJDKLog.java:173 - Initializing ProtocolHandler ["http-nio-8082"]
2026-09-01 00:58:23,921 [main] INFO  [org.apache.catalina.core.StandardService] DirectJDKLog.java:173 - Starting service [Tomcat]
2026-09-01 00:58:23,921 [main] INFO  [org.apache.catalina.core.StandardEngine] DirectJDKLog.java:173 - Starting Servlet engine: [Apache Tomcat/10.1.24]
2026-09-01 00:58:23,942 [main] INFO  [o.a.c.c.ContainerBase.[Tomcat].[localhost].[/api]] DirectJDKLog.java:173 - Initializing Spring embedded WebApplicationContext
2026-09-01 00:58:24,301 [main] INFO  [com.ehowms.redis.RedissonAutoConfiguration] RedissonAutoConfiguration.java:130 - 初始化 Redisson 配置
2026-09-01 00:58:24,382 [main] INFO  [org.redisson.Version] Version.java:43 - Redisson 3.32.0
2026-09-01 00:59:05,186 [main] INFO  [org.apache.catalina.core.StandardService] DirectJDKLog.java:173 - Stopping service [Tomcat]
2026-09-01 00:59:06,696 [main] INFO  [com.ehowms.admin.AdminApplication] StartupInfoLogger.java:50 - Starting AdminApplication v1.0.0 using Java 21.0.11 with PID 7 (/opt/apps/ehox-wms-encrypted.jar started by root in /opt/apps)
2026-09-01 00:59:06,700 [main] INFO  [com.ehowms.admin.AdminApplication] SpringApplication.java:660 - The following 1 profile is active: "prod-ehox"
2026-09-01 00:59:09,499 [main] INFO  [org.apache.coyote.http11.Http11NioProtocol] DirectJDKLog.java:173 - Initializing ProtocolHandler ["http-nio-8082"]
2026-09-01 00:59:09,500 [main] INFO  [org.apache.catalina.core.StandardService] DirectJDKLog.java:173 - Starting service [Tomcat]
2026-09-01 00:59:09,501 [main] INFO  [org.apache.catalina.core.StandardEngine] DirectJDKLog.java:173 - Starting Servlet engine: [Apache Tomcat/10.1.24]
2026-09-01 00:59:09,522 [main] INFO  [o.a.c.c.ContainerBase.[Tomcat].[localhost].[/api]] DirectJDKLog.java:173 - Initializing Spring embedded WebApplicationContext
2026-09-01 00:59:09,875 [main] INFO  [com.ehowms.redis.RedissonAutoConfiguration] RedissonAutoConfiguration.java:130 - 初始化 Redisson 配置
2026-09-01 00:59:09,960 [main] INFO  [org.redisson.Version] Version.java:43 - Redisson 3.32.0
2026-09-01 00:59:56,683 [main] INFO  [org.apache.catalina.core.StandardService] DirectJDKLog.java:173 - Stopping service [Tomcat]
2026-09-01 00:59:59,044 [main] INFO  [com.ehowms.admin.AdminApplication] StartupInfoLogger.java:50 - Starting AdminApplication v1.0.0 using Java 21.0.11 with PID 7 (/opt/apps/ehox-wms-encrypted.jar started by root in /opt/apps)
2026-09-01 00:59:59,048 [main] INFO  [com.ehowms.admin.AdminApplication] SpringApplication.java:660 - The following 1 profile is active: "prod-ehox"
2026-09-01 01:00:01,966 [main] INFO  [org.apache.coyote.http11.Http11NioProtocol] DirectJDKLog.java:173 - Initializing ProtocolHandler ["http-nio-8082"]
2026-09-01 01:00:01,968 [main] INFO  [org.apache.catalina.core.StandardService] DirectJDKLog.java:173 - Starting service [Tomcat]
2026-09-01 01:00:01,968 [main] INFO  [org.apache.catalina.core.StandardEngine] DirectJDKLog.java:173 - Starting Servlet engine: [Apache Tomcat/10.1.24]
2026-09-01 01:00:01,992 [main] INFO  [o.a.c.c.ContainerBase.[Tomcat].[localhost].[/api]] DirectJDKLog.java:173 - Initializing Spring embedded WebApplicationContext
2026-09-01 01:00:02,361 [main] INFO  [com.ehowms.redis.RedissonAutoConfiguration] RedissonAutoConfiguration.java:130 - 初始化 Redisson 配置
2026-09-01 01:00:02,447 [main] INFO  [org.redisson.Version] Version.java:43 - Redisson 3.32.0
2026-09-01 01:00:49,160 [main] INFO  [org.apache.catalina.core.StandardService] DirectJDKLog.java:173 - Stopping service [Tomcat]
2026-09-01 01:00:50,677 [main] INFO  [com.ehowms.admin.AdminApplication] StartupInfoLogger.java:50 - Starting AdminApplication v1.0.0 using Java 21.0.11 with PID 7 (/opt/apps/ehox-wms-encrypted.jar started by root in /opt/apps)
2026-09-01 01:00:50,681 [main] INFO  [com.ehowms.admin.AdminApplication] SpringApplication.java:660 - The following 1 profile is active: "prod-ehox"
2026-09-01 01:00:53,488 [main] INFO  [org.apache.coyote.http11.Http11NioProtocol] DirectJDKLog.java:173 - Initializing ProtocolHandler ["http-nio-8082"]
2026-09-01 01:00:53,489 [main] INFO  [org.apache.catalina.core.StandardService] DirectJDKLog.java:173 - Starting service [Tomcat]
2026-09-01 01:00:53,489 [main] INFO  [org.apache.catalina.core.StandardEngine] DirectJDKLog.java:173 - Starting Servlet engine: [Apache Tomcat/10.1.24]
2026-09-01 01:00:53,512 [main] INFO  [o.a.c.c.ContainerBase.[Tomcat].[localhost].[/api]] DirectJDKLog.java:173 - Initializing Spring embedded WebApplicationContext
2026-09-01 01:00:53,877 [main] INFO  [com.ehowms.redis.RedissonAutoConfiguration] RedissonAutoConfiguration.java:130 - 初始化 Redisson 配置
2026-09-01 01:00:53,955 [main] INFO  [org.redisson.Version] Version.java:43 - Redisson 3.32.0
2026-09-01 01:01:40,672 [main] INFO  [org.apache.catalina.core.StandardService] DirectJDKLog.java:173 - Stopping service [Tomcat]
2026-09-01 01:01:42,172 [main] INFO  [com.ehowms.admin.AdminApplication] StartupInfoLogger.java:50 - Starting AdminApplication v1.0.0 using Java 21.0.11 with PID 7 (/opt/apps/ehox-wms-encrypted.jar started by root in /opt/apps)
2026-09-01 01:01:42,176 [main] INFO  [com.ehowms.admin.AdminApplication] SpringApplication.java:660 - The following 1 profile is active: "prod-ehox"
2026-09-01 01:01:45,074 [main] INFO  [org.apache.coyote.http11.Http11NioProtocol] DirectJDKLog.java:173 - Initializing ProtocolHandler ["http-nio-8082"]
2026-09-01 01:01:45,076 [main] INFO  [org.apache.catalina.core.StandardService] DirectJDKLog.java:173 - Starting service [Tomcat]
2026-09-01 01:01:45,076 [main] INFO  [org.apache.catalina.core.StandardEngine] DirectJDKLog.java:173 - Starting Servlet engine: [Apache Tomcat/10.1.24]
2026-09-01 01:01:45,101 [main] INFO  [o.a.c.c.ContainerBase.[Tomcat].[localhost].[/api]] DirectJDKLog.java:173 - Initializing Spring embedded WebApplicationContext
2026-09-01 01:01:45,457 [main] INFO  [com.ehowms.redis.RedissonAutoConfiguration] RedissonAutoConfiguration.java:130 - 初始化 Redisson 配置
2026-09-01 01:01:45,543 [main] INFO  [org.redisson.Version] Version.java:43 - Redisson 3.32.0
2026-09-01 01:02:25,333 [main] INFO  [org.apache.catalina.core.StandardService] DirectJDKLog.java:173 - Stopping service [Tomcat]
2026-09-01 01:02:26,819 [main] INFO  [com.ehowms.admin.AdminApplication] StartupInfoLogger.java:50 - Starting AdminApplication v1.0.0 using Java 21.0.11 with PID 8 (/opt/apps/ehox-wms-encrypted.jar started by root in /opt/apps)
2026-09-01 01:02:26,823 [main] INFO  [com.ehowms.admin.AdminApplication] SpringApplication.java:660 - The following 1 profile is active: "prod-ehox"
2026-09-01 01:02:29,667 [main] INFO  [org.apache.coyote.http11.Http11NioProtocol] DirectJDKLog.java:173 - Initializing ProtocolHandler ["http-nio-8082"]
2026-09-01 01:02:29,669 [main] INFO  [org.apache.catalina.core.StandardService] DirectJDKLog.java:173 - Starting service [Tomcat]
2026-09-01 01:02:29,669 [main] INFO  [org.apache.catalina.core.StandardEngine] DirectJDKLog.java:173 - Starting Servlet engine: [Apache Tomcat/10.1.24]
2026-09-01 01:02:29,691 [main] INFO  [o.a.c.c.ContainerBase.[Tomcat].[localhost].[/api]] DirectJDKLog.java:173 - Initializing Spring embedded WebApplicationContext
2026-09-01 01:02:30,061 [main] INFO  [com.ehowms.redis.RedissonAutoConfiguration] RedissonAutoConfiguration.java:130 - 初始化 Redisson 配置
2026-09-01 01:02:30,141 [main] INFO  [org.redisson.Version] Version.java:43 - Redisson 3.32.0
2026-09-01 01:03:16,842 [main] INFO  [org.apache.catalina.core.StandardService] DirectJDKLog.java:173 - Stopping service [Tomcat]
2026-09-01 01:03:18,358 [main] INFO  [com.ehowms.admin.AdminApplication] StartupInfoLogger.java:50 - Starting AdminApplication v1.0.0 using Java 21.0.11 with PID 7 (/opt/apps/ehox-wms-encrypted.jar started by root in /opt/apps)
2026-09-01 01:03:18,361 [main] INFO  [com.ehowms.admin.AdminApplication] SpringApplication.java:660 - The following 1 profile is active: "prod-ehox"
2026-09-01 01:03:21,207 [main] INFO  [org.apache.coyote.http11.Http11NioProtocol] DirectJDKLog.java:173 - Initializing ProtocolHandler ["http-nio-8082"]
2026-09-01 01:03:21,208 [main] INFO  [org.apache.catalina.core.StandardService] DirectJDKLog.java:173 - Starting service [Tomcat]
2026-09-01 01:03:21,208 [main] INFO  [org.apache.catalina.core.StandardEngine] DirectJDKLog.java:173 - Starting Servlet engine: [Apache Tomcat/10.1.24]
2026-09-01 01:03:21,237 [main] INFO  [o.a.c.c.ContainerBase.[Tomcat].[localhost].[/api]] DirectJDKLog.java:173 - Initializing Spring embedded WebApplicationContext
2026-09-01 01:03:21,588 [main] INFO  [com.ehowms.redis.RedissonAutoConfiguration] RedissonAutoConfiguration.java:130 - 初始化 Redisson 配置
2026-09-01 01:03:21,670 [main] INFO  [org.redisson.Version] Version.java:43 - Redisson 3.32.0
2026-09-01 01:04:08,412 [main] INFO  [org.apache.catalina.core.StandardService] DirectJDKLog.java:173 - Stopping service [Tomcat]
2026-09-01 01:04:09,930 [main] INFO  [com.ehowms.admin.AdminApplication] StartupInfoLogger.java:50 - Starting AdminApplication v1.0.0 using Java 21.0.11 with PID 7 (/opt/apps/ehox-wms-encrypted.jar started by root in /opt/apps)
2026-09-01 01:04:09,933 [main] INFO  [com.ehowms.admin.AdminApplication] SpringApplication.java:660 - The following 1 profile is active: "prod-ehox"
2026-09-01 01:04:12,691 [main] INFO  [org.apache.coyote.http11.Http11NioProtocol] DirectJDKLog.java:173 - Initializing ProtocolHandler ["http-nio-8082"]
2026-09-01 01:04:12,692 [main] INFO  [org.apache.catalina.core.StandardService] DirectJDKLog.java:173 - Starting service [Tomcat]
2026-09-01 01:04:12,692 [main] INFO  [org.apache.catalina.core.StandardEngine] DirectJDKLog.java:173 - Starting Servlet engine: [Apache Tomcat/10.1.24]
2026-09-01 01:04:12,720 [main] INFO  [o.a.c.c.ContainerBase.[Tomcat].[localhost].[/api]] DirectJDKLog.java:173 - Initializing Spring embedded WebApplicationContext
2026-09-01 01:04:13,069 [main] INFO  [com.ehowms.redis.RedissonAutoConfiguration] RedissonAutoConfiguration.java:130 - 初始化 Redisson 配置
2026-09-01 01:04:13,153 [main] INFO  [org.redisson.Version] Version.java:43 - Redisson 3.32.0
2026-09-01 01:04:53,932 [main] INFO  [org.apache.catalina.core.StandardService] DirectJDKLog.java:173 - Stopping service [Tomcat]
2026-09-01 01:04:55,450 [main] INFO  [com.ehowms.admin.AdminApplication] StartupInfoLogger.java:50 - Starting AdminApplication v1.0.0 using Java 21.0.11 with PID 7 (/opt/apps/ehox-wms-encrypted.jar started by root in /opt/apps)
2026-09-01 01:04:55,454 [main] INFO  [com.ehowms.admin.AdminApplication] SpringApplication.java:660 - The following 1 profile is active: "prod-ehox"
2026-09-01 01:04:58,253 [main] INFO  [org.apache.coyote.http11.Http11NioProtocol] DirectJDKLog.java:173 - Initializing ProtocolHandler ["http-nio-8082"]
2026-09-01 01:04:58,254 [main] INFO  [org.apache.catalina.core.StandardService] DirectJDKLog.java:173 - Starting service [Tomcat]
2026-09-01 01:04:58,254 [main] INFO  [org.apache.catalina.core.StandardEngine] DirectJDKLog.java:173 - Starting Servlet engine: [Apache Tomcat/10.1.24]
2026-09-01 01:04:58,276 [main] INFO  [o.a.c.c.ContainerBase.[Tomcat].[localhost].[/api]] DirectJDKLog.java:173 - Initializing Spring embedded WebApplicationContext
2026-09-01 01:04:58,643 [main] INFO  [com.ehowms.redis.RedissonAutoConfiguration] RedissonAutoConfiguration.java:130 - 初始化 Redisson 配置
2026-09-01 01:04:58,725 [main] INFO  [org.redisson.Version] Version.java:43 - Redisson 3.32.0
2026-09-01 01:05:35,436 [main] INFO  [org.apache.catalina.core.StandardService] DirectJDKLog.java:173 - Stopping service [Tomcat]
2026-09-01 01:05:36,970 [main] INFO  [com.ehowms.admin.AdminApplication] StartupInfoLogger.java:50 - Starting AdminApplication v1.0.0 using Java 21.0.11 with PID 7 (/opt/apps/ehox-wms-encrypted.jar started by root in /opt/apps)
2026-09-01 01:05:36,974 [main] INFO  [com.ehowms.admin.AdminApplication] SpringApplication.java:660 - The following 1 profile is active: "prod-ehox"
2026-09-01 01:05:39,781 [main] INFO  [org.apache.coyote.http11.Http11NioProtocol] DirectJDKLog.java:173 - Initializing ProtocolHandler ["http-nio-8082"]
2026-09-01 01:05:39,782 [main] INFO  [org.apache.catalina.core.StandardService] DirectJDKLog.java:173 - Starting service [Tomcat]
2026-09-01 01:05:39,783 [main] INFO  [org.apache.catalina.core.StandardEngine] DirectJDKLog.java:173 - Starting Servlet engine: [Apache Tomcat/10.1.24]
2026-09-01 01:05:39,804 [main] INFO  [o.a.c.c.ContainerBase.[Tomcat].[localhost].[/api]] DirectJDKLog.java:173 - Initializing Spring embedded WebApplicationContext
2026-09-01 01:05:40,194 [main] INFO  [com.ehowms.redis.RedissonAutoConfiguration] RedissonAutoConfiguration.java:130 - 初始化 Redisson 配置
2026-09-01 01:05:40,279 [main] INFO  [org.redisson.Version] Version.java:43 - Redisson 3.32.0
2026-09-01 01:06:26,975 [main] INFO  [org.apache.catalina.core.StandardService] DirectJDKLog.java:173 - Stopping service [Tomcat]
2026-09-01 01:06:29,350 [main] INFO  [com.ehowms.admin.AdminApplication] StartupInfoLogger.java:50 - Starting AdminApplication v1.0.0 using Java 21.0.11 with PID 7 (/opt/apps/ehox-wms-encrypted.jar started by root in /opt/apps)
2026-09-01 01:06:29,354 [main] INFO  [com.ehowms.admin.AdminApplication] SpringApplication.java:660 - The following 1 profile is active: "prod-ehox"
2026-09-01 01:06:32,122 [main] INFO  [org.apache.coyote.http11.Http11NioProtocol] DirectJDKLog.java:173 - Initializing ProtocolHandler ["http-nio-8082"]
2026-09-01 01:06:32,123 [main] INFO  [org.apache.catalina.core.StandardService] DirectJDKLog.java:173 - Starting service [Tomcat]
2026-09-01 01:06:32,123 [main] INFO  [org.apache.catalina.core.StandardEngine] DirectJDKLog.java:173 - Starting Servlet engine: [Apache Tomcat/10.1.24]
2026-09-01 01:06:32,145 [main] INFO  [o.a.c.c.ContainerBase.[Tomcat].[localhost].[/api]] DirectJDKLog.java:173 - Initializing Spring embedded WebApplicationContext
2026-09-01 01:06:32,493 [main] INFO  [com.ehowms.redis.RedissonAutoConfiguration] RedissonAutoConfiguration.java:130 - 初始化 Redisson 配置
2026-09-01 01:06:32,574 [main] INFO  [org.redisson.Version] Version.java:43 - Redisson 3.32.0
2026-09-01 01:07:19,278 [main] INFO  [org.apache.catalina.core.StandardService] DirectJDKLog.java:173 - Stopping service [Tomcat]
2026-09-01 01:07:20,804 [main] INFO  [com.ehowms.admin.AdminApplication] StartupInfoLogger.java:50 - Starting AdminApplication v1.0.0 using Java 21.0.11 with PID 7 (/opt/apps/ehox-wms-encrypted.jar started by root in /opt/apps)
2026-09-01 01:07:20,808 [main] INFO  [com.ehowms.admin.AdminApplication] SpringApplication.java:660 - The following 1 profile is active: "prod-ehox"
2026-09-01 01:07:23,681 [main] INFO  [org.apache.coyote.http11.Http11NioProtocol] DirectJDKLog.java:173 - Initializing ProtocolHandler ["http-nio-8082"]
2026-09-01 01:07:23,682 [main] INFO  [org.apache.catalina.core.StandardService] DirectJDKLog.java:173 - Starting service [Tomcat]
2026-09-01 01:07:23,682 [main] INFO  [org.apache.catalina.core.StandardEngine] DirectJDKLog.java:173 - Starting Servlet engine: [Apache Tomcat/10.1.24]
2026-09-01 01:07:23,704 [main] INFO  [o.a.c.c.ContainerBase.[Tomcat].[localhost].[/api]] DirectJDKLog.java:173 - Initializing Spring embedded WebApplicationContext
2026-09-01 01:07:24,057 [main] INFO  [com.ehowms.redis.RedissonAutoConfiguration] RedissonAutoConfiguration.java:130 - 初始化 Redisson 配置
2026-09-01 01:07:24,141 [main] INFO  [org.redisson.Version] Version.java:43 - Redisson 3.32.0
2026-09-01 01:08:10,874 [main] INFO  [org.apache.catalina.core.StandardService] DirectJDKLog.java:173 - Stopping service [Tomcat]
2026-09-01 01:08:12,395 [main] INFO  [com.ehowms.admin.AdminApplication] StartupInfoLogger.java:50 - Starting AdminApplication v1.0.0 using Java 21.0.11 with PID 8 (/opt/apps/ehox-wms-encrypted.jar started by root in /opt/apps)
2026-09-01 01:08:12,398 [main] INFO  [com.ehowms.admin.AdminApplication] SpringApplication.java:660 - The following 1 profile is active: "prod-ehox"
2026-09-01 01:08:15,262 [main] INFO  [org.apache.coyote.http11.Http11NioProtocol] DirectJDKLog.java:173 - Initializing ProtocolHandler ["http-nio-8082"]
2026-09-01 01:08:15,263 [main] INFO  [org.apache.catalina.core.StandardService] DirectJDKLog.java:173 - Starting service [Tomcat]
2026-09-01 01:08:15,264 [main] INFO  [org.apache.catalina.core.StandardEngine] DirectJDKLog.java:173 - Starting Servlet engine: [Apache Tomcat/10.1.24]
2026-09-01 01:08:15,286 [main] INFO  [o.a.c.c.ContainerBase.[Tomcat].[localhost].[/api]] DirectJDKLog.java:173 - Initializing Spring embedded WebApplicationContext
2026-09-01 01:08:15,653 [main] INFO  [com.ehowms.redis.RedissonAutoConfiguration] RedissonAutoConfiguration.java:130 - 初始化 Redisson 配置
2026-09-01 01:08:15,739 [main] INFO  [org.redisson.Version] Version.java:43 - Redisson 3.32.0
2026-09-01 01:09:02,453 [main] INFO  [org.apache.catalina.core.StandardService] DirectJDKLog.java:173 - Stopping service [Tomcat]
2026-09-01 01:09:03,981 [main] INFO  [com.ehowms.admin.AdminApplication] StartupInfoLogger.java:50 - Starting AdminApplication v1.0.0 using Java 21.0.11 with PID 7 (/opt/apps/ehox-wms-encrypted.jar started by root in /opt/apps)
2026-09-01 01:09:03,986 [main] INFO  [com.ehowms.admin.AdminApplication] SpringApplication.java:660 - The following 1 profile is active: "prod-ehox"
2026-09-01 01:09:06,850 [main] INFO  [org.apache.coyote.http11.Http11NioProtocol] DirectJDKLog.java:173 - Initializing ProtocolHandler ["http-nio-8082"]
2026-09-01 01:09:06,851 [main] INFO  [org.apache.catalina.core.StandardService] DirectJDKLog.java:173 - Starting service [Tomcat]
2026-09-01 01:09:06,851 [main] INFO  [org.apache.catalina.core.StandardEngine] DirectJDKLog.java:173 - Starting Servlet engine: [Apache Tomcat/10.1.24]
2026-09-01 01:09:06,873 [main] INFO  [o.a.c.c.ContainerBase.[Tomcat].[localhost].[/api]] DirectJDKLog.java:173 - Initializing Spring embedded WebApplicationContext
2026-09-01 01:09:07,250 [main] INFO  [com.ehowms.redis.RedissonAutoConfiguration] RedissonAutoConfiguration.java:130 - 初始化 Redisson 配置
2026-09-01 01:09:07,334 [main] INFO  [org.redisson.Version] Version.java:43 - Redisson 3.32.0
2026-09-01 01:09:54,042 [main] INFO  [org.apache.catalina.core.StandardService] DirectJDKLog.java:173 - Stopping service [Tomcat]
2026-09-01 01:09:55,527 [main] INFO  [com.ehowms.admin.AdminApplication] StartupInfoLogger.java:50 - Starting AdminApplication v1.0.0 using Java 21.0.11 with PID 7 (/opt/apps/ehox-wms-encrypted.jar started by root in /opt/apps)
2026-09-01 01:09:55,531 [main] INFO  [com.ehowms.admin.AdminApplication] SpringApplication.java:660 - The following 1 profile is active: "prod-ehox"
2026-09-01 01:09:58,368 [main] INFO  [org.apache.coyote.http11.Http11NioProtocol] DirectJDKLog.java:173 - Initializing ProtocolHandler ["http-nio-8082"]
2026-09-01 01:09:58,370 [main] INFO  [org.apache.catalina.core.StandardService] DirectJDKLog.java:173 - Starting service [Tomcat]
2026-09-01 01:09:58,370 [main] INFO  [org.apache.catalina.core.StandardEngine] DirectJDKLog.java:173 - Starting Servlet engine: [Apache Tomcat/10.1.24]
2026-09-01 01:09:58,396 [main] INFO  [o.a.c.c.ContainerBase.[Tomcat].[localhost].[/api]] DirectJDKLog.java:173 - Initializing Spring embedded WebApplicationContext
2026-09-01 01:09:58,759 [main] INFO  [com.ehowms.redis.RedissonAutoConfiguration] RedissonAutoConfiguration.java:130 - 初始化 Redisson 配置
2026-09-01 01:09:58,838 [main] INFO  [org.redisson.Version] Version.java:43 - Redisson 3.32.0
2026-09-01 01:10:45,546 [main] INFO  [org.apache.catalina.core.StandardService] DirectJDKLog.java:173 - Stopping service [Tomcat]
2026-09-01 01:10:47,040 [main] INFO  [com.ehowms.admin.AdminApplication] StartupInfoLogger.java:50 - Starting AdminApplication v1.0.0 using Java 21.0.11 with PID 7 (/opt/apps/ehox-wms-encrypted.jar started by root in /opt/apps)
2026-09-01 01:10:47,043 [main] INFO  [com.ehowms.admin.AdminApplication] SpringApplication.java:660 - The following 1 profile is active: "prod-ehox"
2026-09-01 01:10:49,817 [main] INFO  [org.apache.coyote.http11.Http11NioProtocol] DirectJDKLog.java:173 - Initializing ProtocolHandler ["http-nio-8082"]
2026-09-01 01:10:49,818 [main] INFO  [org.apache.catalina.core.StandardService] DirectJDKLog.java:173 - Starting service [Tomcat]
2026-09-01 01:10:49,818 [main] INFO  [org.apache.catalina.core.StandardEngine] DirectJDKLog.java:173 - Starting Servlet engine: [Apache Tomcat/10.1.24]
2026-09-01 01:10:49,839 [main] INFO  [o.a.c.c.ContainerBase.[Tomcat].[localhost].[/api]] DirectJDKLog.java:173 - Initializing Spring embedded WebApplicationContext
2026-09-01 01:10:50,185 [main] INFO  [com.ehowms.redis.RedissonAutoConfiguration] RedissonAutoConfiguration.java:130 - 初始化 Redisson 配置
2026-09-01 01:10:50,269 [main] INFO  [org.redisson.Version] Version.java:43 - Redisson 3.32.0
2026-09-01 01:11:36,976 [main] INFO  [org.apache.catalina.core.StandardService] DirectJDKLog.java:173 - Stopping service [Tomcat]
2026-09-01 01:11:38,506 [main] INFO  [com.ehowms.admin.AdminApplication] StartupInfoLogger.java:50 - Starting AdminApplication v1.0.0 using Java 21.0.11 with PID 8 (/opt/apps/ehox-wms-encrypted.jar started by root in /opt/apps)
2026-09-01 01:11:38,510 [main] INFO  [com.ehowms.admin.AdminApplication] SpringApplication.java:660 - The following 1 profile is active: "prod-ehox"
2026-09-01 01:11:41,339 [main] INFO  [org.apache.coyote.http11.Http11NioProtocol] DirectJDKLog.java:173 - Initializing ProtocolHandler ["http-nio-8082"]
2026-09-01 01:11:41,341 [main] INFO  [org.apache.catalina.core.StandardService] DirectJDKLog.java:173 - Starting service [Tomcat]
2026-09-01 01:11:41,341 [main] INFO  [org.apache.catalina.core.StandardEngine] DirectJDKLog.java:173 - Starting Servlet engine: [Apache Tomcat/10.1.24]
2026-09-01 01:11:41,368 [main] INFO  [o.a.c.c.ContainerBase.[Tomcat].[localhost].[/api]] DirectJDKLog.java:173 - Initializing Spring embedded WebApplicationContext
2026-09-01 01:11:41,739 [main] INFO  [com.ehowms.redis.RedissonAutoConfiguration] RedissonAutoConfiguration.java:130 - 初始化 Redisson 配置
2026-09-01 01:11:41,826 [main] INFO  [org.redisson.Version] Version.java:43 - Redisson 3.32.0
2026-09-01 01:12:28,562 [main] INFO  [org.apache.catalina.core.StandardService] DirectJDKLog.java:173 - Stopping service [Tomcat]
2026-09-01 01:12:30,074 [main] INFO  [com.ehowms.admin.AdminApplication] StartupInfoLogger.java:50 - Starting AdminApplication v1.0.0 using Java 21.0.11 with PID 7 (/opt/apps/ehox-wms-encrypted.jar started by root in /opt/apps)
2026-09-01 01:12:30,077 [main] INFO  [com.ehowms.admin.AdminApplication] SpringApplication.java:660 - The following 1 profile is active: "prod-ehox"
2026-09-01 01:12:32,936 [main] INFO  [org.apache.coyote.http11.Http11NioProtocol] DirectJDKLog.java:173 - Initializing ProtocolHandler ["http-nio-8082"]
2026-09-01 01:12:32,937 [main] INFO  [org.apache.catalina.core.StandardService] DirectJDKLog.java:173 - Starting service [Tomcat]
2026-09-01 01:12:32,937 [main] INFO  [org.apache.catalina.core.StandardEngine] DirectJDKLog.java:173 - Starting Servlet engine: [Apache Tomcat/10.1.24]
2026-09-01 01:12:32,961 [main] INFO  [o.a.c.c.ContainerBase.[Tomcat].[localhost].[/api]] DirectJDKLog.java:173 - Initializing Spring embedded WebApplicationContext
2026-09-01 01:12:33,342 [main] INFO  [com.ehowms.redis.RedissonAutoConfiguration] RedissonAutoConfiguration.java:130 - 初始化 Redisson 配置
2026-09-01 01:12:33,425 [main] INFO  [org.redisson.Version] Version.java:43 - Redisson 3.32.0
2026-09-01 01:13:20,132 [main] INFO  [org.apache.catalina.core.StandardService] DirectJDKLog.java:173 - Stopping service [Tomcat]
2026-09-01 01:13:21,611 [main] INFO  [com.ehowms.admin.AdminApplication] StartupInfoLogger.java:50 - Starting AdminApplication v1.0.0 using Java 21.0.11 with PID 7 (/opt/apps/ehox-wms-encrypted.jar started by root in /opt/apps)
2026-09-01 01:13:21,615 [main] INFO  [com.ehowms.admin.AdminApplication] SpringApplication.java:660 - The following 1 profile is active: "prod-ehox"
2026-09-01 01:13:24,411 [main] INFO  [org.apache.coyote.http11.Http11NioProtocol] DirectJDKLog.java:173 - Initializing ProtocolHandler ["http-nio-8082"]
2026-09-01 01:13:24,413 [main] INFO  [org.apache.catalina.core.StandardService] DirectJDKLog.java:173 - Starting service [Tomcat]
2026-09-01 01:13:24,414 [main] INFO  [org.apache.catalina.core.StandardEngine] DirectJDKLog.java:173 - Starting Servlet engine: [Apache Tomcat/10.1.24]
2026-09-01 01:13:24,436 [main] INFO  [o.a.c.c.ContainerBase.[Tomcat].[localhost].[/api]] DirectJDKLog.java:173 - Initializing Spring embedded WebApplicationContext
2026-09-01 01:13:24,801 [main] INFO  [com.ehowms.redis.RedissonAutoConfiguration] RedissonAutoConfiguration.java:130 - 初始化 Redisson 配置
2026-09-01 01:13:24,881 [main] INFO  [org.redisson.Version] Version.java:43 - Redisson 3.32.0
2026-09-01 01:14:11,589 [main] INFO  [org.apache.catalina.core.StandardService] DirectJDKLog.java:173 - Stopping service [Tomcat]
2026-09-01 01:14:13,980 [main] INFO  [com.ehowms.admin.AdminApplication] StartupInfoLogger.java:50 - Starting AdminApplication v1.0.0 using Java 21.0.11 with PID 7 (/opt/apps/ehox-wms-encrypted.jar started by root in /opt/apps)
2026-09-01 01:14:13,984 [main] INFO  [com.ehowms.admin.AdminApplication] SpringApplication.java:660 - The following 1 profile is active: "prod-ehox"
2026-09-01 01:14:16,841 [main] INFO  [org.apache.coyote.http11.Http11NioProtocol] DirectJDKLog.java:173 - Initializing ProtocolHandler ["http-nio-8082"]
2026-09-01 01:14:16,843 [main] INFO  [org.apache.catalina.core.StandardService] DirectJDKLog.java:173 - Starting service [Tomcat]
2026-09-01 01:14:16,843 [main] INFO  [org.apache.catalina.core.StandardEngine] DirectJDKLog.java:173 - Starting Servlet engine: [Apache Tomcat/10.1.24]
2026-09-01 01:14:16,867 [main] INFO  [o.a.c.c.ContainerBase.[Tomcat].[localhost].[/api]] DirectJDKLog.java:173 - Initializing Spring embedded WebApplicationContext
2026-09-01 01:14:17,245 [main] INFO  [com.ehowms.redis.RedissonAutoConfiguration] RedissonAutoConfiguration.java:130 - 初始化 Redisson 配置
2026-09-01 01:14:17,325 [main] INFO  [org.redisson.Version] Version.java:43 - Redisson 3.32.0
2026-09-01 01:15:04,050 [main] INFO  [org.apache.catalina.core.StandardService] DirectJDKLog.java:173 - Stopping service [Tomcat]
2026-09-01 01:15:05,541 [main] INFO  [com.ehowms.admin.AdminApplication] StartupInfoLogger.java:50 - Starting AdminApplication v1.0.0 using Java 21.0.11 with PID 7 (/opt/apps/ehox-wms-encrypted.jar started by root in /opt/apps)
2026-09-01 01:15:05,544 [main] INFO  [com.ehowms.admin.AdminApplication] SpringApplication.java:660 - The following 1 profile is active: "prod-ehox"
2026-09-01 01:15:08,365 [main] INFO  [org.apache.coyote.http11.Http11NioProtocol] DirectJDKLog.java:173 - Initializing ProtocolHandler ["http-nio-8082"]
2026-09-01 01:15:08,366 [main] INFO  [org.apache.catalina.core.StandardService] DirectJDKLog.java:173 - Starting service [Tomcat]
2026-09-01 01:15:08,366 [main] INFO  [org.apache.catalina.core.StandardEngine] DirectJDKLog.java:173 - Starting Servlet engine: [Apache Tomcat/10.1.24]
2026-09-01 01:15:08,392 [main] INFO  [o.a.c.c.ContainerBase.[Tomcat].[localhost].[/api]] DirectJDKLog.java:173 - Initializing Spring embedded WebApplicationContext
2026-09-01 01:15:08,753 [main] INFO  [com.ehowms.redis.RedissonAutoConfiguration] RedissonAutoConfiguration.java:130 - 初始化 Redisson 配置
2026-09-01 01:15:08,835 [main] INFO  [org.redisson.Version] Version.java:43 - Redisson 3.32.0
2026-09-01 01:15:55,543 [main] INFO  [org.apache.catalina.core.StandardService] DirectJDKLog.java:173 - Stopping service [Tomcat]
2026-09-01 01:15:57,090 [main] INFO  [com.ehowms.admin.AdminApplication] StartupInfoLogger.java:50 - Starting AdminApplication v1.0.0 using Java 21.0.11 with PID 7 (/opt/apps/ehox-wms-encrypted.jar started by root in /opt/apps)
2026-09-01 01:15:57,093 [main] INFO  [com.ehowms.admin.AdminApplication] SpringApplication.java:660 - The following 1 profile is active: "prod-ehox"
2026-09-01 01:16:00,084 [main] INFO  [org.apache.coyote.http11.Http11NioProtocol] DirectJDKLog.java:173 - Initializing ProtocolHandler ["http-nio-8082"]
2026-09-01 01:16:00,086 [main] INFO  [org.apache.catalina.core.StandardService] DirectJDKLog.java:173 - Starting service [Tomcat]
2026-09-01 01:16:00,086 [main] INFO  [org.apache.catalina.core.StandardEngine] DirectJDKLog.java:173 - Starting Servlet engine: [Apache Tomcat/10.1.24]
2026-09-01 01:16:00,108 [main] INFO  [o.a.c.c.ContainerBase.[Tomcat].[localhost].[/api]] DirectJDKLog.java:173 - Initializing Spring embedded WebApplicationContext
2026-09-01 01:16:00,495 [main] INFO  [com.ehowms.redis.RedissonAutoConfiguration] RedissonAutoConfiguration.java:130 - 初始化 Redisson 配置
2026-09-01 01:16:00,580 [main] INFO  [org.redisson.Version] Version.java:43 - Redisson 3.32.0
2026-09-01 01:16:47,321 [main] INFO  [org.apache.catalina.core.StandardService] DirectJDKLog.java:173 - Stopping service [Tomcat]
2026-09-01 01:16:48,899 [main] INFO  [com.ehowms.admin.AdminApplication] StartupInfoLogger.java:50 - Starting AdminApplication v1.0.0 using Java 21.0.11 with PID 7 (/opt/apps/ehox-wms-encrypted.jar started by root in /opt/apps)
2026-09-01 01:16:48,902 [main] INFO  [com.ehowms.admin.AdminApplication] SpringApplication.java:660 - The following 1 profile is active: "prod-ehox"
2026-09-01 01:16:51,875 [main] INFO  [org.apache.coyote.http11.Http11NioProtocol] DirectJDKLog.java:173 - Initializing ProtocolHandler ["http-nio-8082"]
2026-09-01 01:16:51,876 [main] INFO  [org.apache.catalina.core.StandardService] DirectJDKLog.java:173 - Starting service [Tomcat]
2026-09-01 01:16:51,877 [main] INFO  [org.apache.catalina.core.StandardEngine] DirectJDKLog.java:173 - Starting Servlet engine: [Apache Tomcat/10.1.24]
2026-09-01 01:16:51,904 [main] INFO  [o.a.c.c.ContainerBase.[Tomcat].[localhost].[/api]] DirectJDKLog.java:173 - Initializing Spring embedded WebApplicationContext
2026-09-01 01:16:52,288 [main] INFO  [com.ehowms.redis.RedissonAutoConfiguration] RedissonAutoConfiguration.java:130 - 初始化 Redisson 配置
2026-09-01 01:16:52,373 [main] INFO  [org.redisson.Version] Version.java:43 - Redisson 3.32.0
2026-09-01 01:17:39,085 [main] INFO  [org.apache.catalina.core.StandardService] DirectJDKLog.java:173 - Stopping service [Tomcat]
2026-09-01 01:17:40,618 [main] INFO  [com.ehowms.admin.AdminApplication] StartupInfoLogger.java:50 - Starting AdminApplication v1.0.0 using Java 21.0.11 with PID 7 (/opt/apps/ehox-wms-encrypted.jar started by root in /opt/apps)
2026-09-01 01:17:40,622 [main] INFO  [com.ehowms.admin.AdminApplication] SpringApplication.java:660 - The following 1 profile is active: "prod-ehox"
2026-09-01 01:17:43,620 [main] INFO  [org.apache.coyote.http11.Http11NioProtocol] DirectJDKLog.java:173 - Initializing ProtocolHandler ["http-nio-8082"]
2026-09-01 01:17:43,621 [main] INFO  [org.apache.catalina.core.StandardService] DirectJDKLog.java:173 - Starting service [Tomcat]
2026-09-01 01:17:43,621 [main] INFO  [org.apache.catalina.core.StandardEngine] DirectJDKLog.java:173 - Starting Servlet engine: [Apache Tomcat/10.1.24]
2026-09-01 01:17:43,643 [main] INFO  [o.a.c.c.ContainerBase.[Tomcat].[localhost].[/api]] DirectJDKLog.java:173 - Initializing Spring embedded WebApplicationContext
2026-09-01 01:17:44,019 [main] INFO  [com.ehowms.redis.RedissonAutoConfiguration] RedissonAutoConfiguration.java:130 - 初始化 Redisson 配置
2026-09-01 01:17:44,102 [main] INFO  [org.redisson.Version] Version.java:43 - Redisson 3.32.0
2026-09-01 01:18:30,812 [main] INFO  [org.apache.catalina.core.StandardService] DirectJDKLog.java:173 - Stopping service [Tomcat]
2026-09-01 01:18:32,316 [main] INFO  [com.ehowms.admin.AdminApplication] StartupInfoLogger.java:50 - Starting AdminApplication v1.0.0 using Java 21.0.11 with PID 7 (/opt/apps/ehox-wms-encrypted.jar started by root in /opt/apps)
2026-09-01 01:18:32,322 [main] INFO  [com.ehowms.admin.AdminApplication] SpringApplication.java:660 - The following 1 profile is active: "prod-ehox"
2026-09-01 01:18:35,120 [main] INFO  [org.apache.coyote.http11.Http11NioProtocol] DirectJDKLog.java:173 - Initializing ProtocolHandler ["http-nio-8082"]
2026-09-01 01:18:35,122 [main] INFO  [org.apache.catalina.core.StandardService] DirectJDKLog.java:173 - Starting service [Tomcat]
2026-09-01 01:18:35,122 [main] INFO  [org.apache.catalina.core.StandardEngine] DirectJDKLog.java:173 - Starting Servlet engine: [Apache Tomcat/10.1.24]
2026-09-01 01:18:35,148 [main] INFO  [o.a.c.c.ContainerBase.[Tomcat].[localhost].[/api]] DirectJDKLog.java:173 - Initializing Spring embedded WebApplicationContext
2026-09-01 01:18:35,530 [main] INFO  [com.ehowms.redis.RedissonAutoConfiguration] RedissonAutoConfiguration.java:130 - 初始化 Redisson 配置
2026-09-01 01:18:35,609 [main] INFO  [org.redisson.Version] Version.java:43 - Redisson 3.32.0
2026-09-01 01:19:22,321 [main] INFO  [org.apache.catalina.core.StandardService] DirectJDKLog.java:173 - Stopping service [Tomcat]
2026-09-01 01:19:24,678 [main] INFO  [com.ehowms.admin.AdminApplication] StartupInfoLogger.java:50 - Starting AdminApplication v1.0.0 using Java 21.0.11 with PID 7 (/opt/apps/ehox-wms-encrypted.jar started by root in /opt/apps)
2026-09-01 01:19:24,681 [main] INFO  [com.ehowms.admin.AdminApplication] SpringApplication.java:660 - The following 1 profile is active: "prod-ehox"
2026-09-01 01:19:27,455 [main] INFO  [org.apache.coyote.http11.Http11NioProtocol] DirectJDKLog.java:173 - Initializing ProtocolHandler ["http-nio-8082"]
2026-09-01 01:19:27,457 [main] INFO  [org.apache.catalina.core.StandardService] DirectJDKLog.java:173 - Starting service [Tomcat]
2026-09-01 01:19:27,457 [main] INFO  [org.apache.catalina.core.StandardEngine] DirectJDKLog.java:173 - Starting Servlet engine: [Apache Tomcat/10.1.24]
2026-09-01 01:19:27,478 [main] INFO  [o.a.c.c.ContainerBase.[Tomcat].[localhost].[/api]] DirectJDKLog.java:173 - Initializing Spring embedded WebApplicationContext
2026-09-01 01:19:27,841 [main] INFO  [com.ehowms.redis.RedissonAutoConfiguration] RedissonAutoConfiguration.java:130 - 初始化 Redisson 配置
2026-09-01 01:19:27,919 [main] INFO  [org.redisson.Version] Version.java:43 - Redisson 3.32.0
2026-09-01 01:20:14,624 [main] INFO  [org.apache.catalina.core.StandardService] DirectJDKLog.java:173 - Stopping service [Tomcat]
2026-09-01 01:20:16,986 [main] INFO  [com.ehowms.admin.AdminApplication] StartupInfoLogger.java:50 - Starting AdminApplication v1.0.0 using Java 21.0.11 with PID 7 (/opt/apps/ehox-wms-encrypted.jar started by root in /opt/apps)
2026-09-01 01:20:16,989 [main] INFO  [com.ehowms.admin.AdminApplication] SpringApplication.java:660 - The following 1 profile is active: "prod-ehox"
2026-09-01 01:20:19,853 [main] INFO  [org.apache.coyote.http11.Http11NioProtocol] DirectJDKLog.java:173 - Initializing ProtocolHandler ["http-nio-8082"]
2026-09-01 01:20:19,854 [main] INFO  [org.apache.catalina.core.StandardService] DirectJDKLog.java:173 - Starting service [Tomcat]
2026-09-01 01:20:19,855 [main] INFO  [org.apache.catalina.core.StandardEngine] DirectJDKLog.java:173 - Starting Servlet engine: [Apache Tomcat/10.1.24]
2026-09-01 01:20:19,879 [main] INFO  [o.a.c.c.ContainerBase.[Tomcat].[localhost].[/api]] DirectJDKLog.java:173 - Initializing Spring embedded WebApplicationContext
2026-09-01 01:20:20,260 [main] INFO  [com.ehowms.redis.RedissonAutoConfiguration] RedissonAutoConfiguration.java:130 - 初始化 Redisson 配置
2026-09-01 01:20:20,341 [main] INFO  [org.redisson.Version] Version.java:43 - Redisson 3.32.0
2026-09-01 01:21:07,046 [main] INFO  [org.apache.catalina.core.StandardService] DirectJDKLog.java:173 - Stopping service [Tomcat]
2026-09-01 01:21:08,707 [main] INFO  [com.ehowms.admin.AdminApplication] StartupInfoLogger.java:50 - Starting AdminApplication v1.0.0 using Java 21.0.11 with PID 7 (/opt/apps/ehox-wms-encrypted.jar started by root in /opt/apps)
2026-09-01 01:21:08,712 [main] INFO  [com.ehowms.admin.AdminApplication] SpringApplication.java:660 - The following 1 profile is active: "prod-ehox"
2026-09-01 01:21:11,775 [main] INFO  [org.apache.coyote.http11.Http11NioProtocol] DirectJDKLog.java:173 - Initializing ProtocolHandler ["http-nio-8082"]
2026-09-01 01:21:11,776 [main] INFO  [org.apache.catalina.core.StandardService] DirectJDKLog.java:173 - Starting service [Tomcat]
2026-09-01 01:21:11,776 [main] INFO  [org.apache.catalina.core.StandardEngine] DirectJDKLog.java:173 - Starting Servlet engine: [Apache Tomcat/10.1.24]
2026-09-01 01:21:11,801 [main] INFO  [o.a.c.c.ContainerBase.[Tomcat].[localhost].[/api]] DirectJDKLog.java:173 - Initializing Spring embedded WebApplicationContext
2026-09-01 01:21:12,217 [main] INFO  [com.ehowms.redis.RedissonAutoConfiguration] RedissonAutoConfiguration.java:130 - 初始化 Redisson 配置
2026-09-01 01:21:12,304 [main] INFO  [org.redisson.Version] Version.java:43 - Redisson 3.32.0
2026-09-01 01:21:59,023 [main] INFO  [org.apache.catalina.core.StandardService] DirectJDKLog.java:173 - Stopping service [Tomcat]
2026-09-01 01:22:00,723 [main] INFO  [com.ehowms.admin.AdminApplication] StartupInfoLogger.java:50 - Starting AdminApplication v1.0.0 using Java 21.0.11 with PID 7 (/opt/apps/ehox-wms-encrypted.jar started by root in /opt/apps)
2026-09-01 01:22:00,727 [main] INFO  [com.ehowms.admin.AdminApplication] SpringApplication.java:660 - The following 1 profile is active: "prod-ehox"
2026-09-01 01:22:03,841 [main] INFO  [org.apache.coyote.http11.Http11NioProtocol] DirectJDKLog.java:173 - Initializing ProtocolHandler ["http-nio-8082"]
2026-09-01 01:22:03,842 [main] INFO  [org.apache.catalina.core.StandardService] DirectJDKLog.java:173 - Starting service [Tomcat]
2026-09-01 01:22:03,842 [main] INFO  [org.apache.catalina.core.StandardEngine] DirectJDKLog.java:173 - Starting Servlet engine: [Apache Tomcat/10.1.24]
2026-09-01 01:22:03,867 [main] INFO  [o.a.c.c.ContainerBase.[Tomcat].[localhost].[/api]] DirectJDKLog.java:173 - Initializing Spring embedded WebApplicationContext
2026-09-01 01:22:04,271 [main] INFO  [com.ehowms.redis.RedissonAutoConfiguration] RedissonAutoConfiguration.java:130 - 初始化 Redisson 配置
2026-09-01 01:22:04,352 [main] INFO  [org.redisson.Version] Version.java:43 - Redisson 3.32.0
2026-09-01 01:22:51,067 [main] INFO  [org.apache.catalina.core.StandardService] DirectJDKLog.java:173 - Stopping service [Tomcat]
2026-09-01 01:22:52,750 [main] INFO  [com.ehowms.admin.AdminApplication] StartupInfoLogger.java:50 - Starting AdminApplication v1.0.0 using Java 21.0.11 with PID 7 (/opt/apps/ehox-wms-encrypted.jar started by root in /opt/apps)
2026-09-01 01:22:52,754 [main] INFO  [com.ehowms.admin.AdminApplication] SpringApplication.java:660 - The following 1 profile is active: "prod-ehox"
2026-09-01 01:22:55,807 [main] INFO  [org.apache.coyote.http11.Http11NioProtocol] DirectJDKLog.java:173 - Initializing ProtocolHandler ["http-nio-8082"]
2026-09-01 01:22:55,808 [main] INFO  [org.apache.catalina.core.StandardService] DirectJDKLog.java:173 - Starting service [Tomcat]
2026-09-01 01:22:55,808 [main] INFO  [org.apache.catalina.core.StandardEngine] DirectJDKLog.java:173 - Starting Servlet engine: [Apache Tomcat/10.1.24]
2026-09-01 01:22:55,832 [main] INFO  [o.a.c.c.ContainerBase.[Tomcat].[localhost].[/api]] DirectJDKLog.java:173 - Initializing Spring embedded WebApplicationContext
2026-09-01 01:22:56,238 [main] INFO  [com.ehowms.redis.RedissonAutoConfiguration] RedissonAutoConfiguration.java:130 - 初始化 Redisson 配置
2026-09-01 01:22:56,323 [main] INFO  [org.redisson.Version] Version.java:43 - Redisson 3.32.0
2026-09-01 01:23:43,036 [main] INFO  [org.apache.catalina.core.StandardService] DirectJDKLog.java:173 - Stopping service [Tomcat]
2026-09-01 01:23:45,468 [main] INFO  [com.ehowms.admin.AdminApplication] StartupInfoLogger.java:50 - Starting AdminApplication v1.0.0 using Java 21.0.11 with PID 7 (/opt/apps/ehox-wms-encrypted.jar started by root in /opt/apps)
2026-09-01 01:23:45,471 [main] INFO  [com.ehowms.admin.AdminApplication] SpringApplication.java:660 - The following 1 profile is active: "prod-ehox"
2026-09-01 01:23:48,347 [main] INFO  [org.apache.coyote.http11.Http11NioProtocol] DirectJDKLog.java:173 - Initializing ProtocolHandler ["http-nio-8082"]
2026-09-01 01:23:48,349 [main] INFO  [org.apache.catalina.core.StandardService] DirectJDKLog.java:173 - Starting service [Tomcat]
2026-09-01 01:23:48,349 [main] INFO  [org.apache.catalina.core.StandardEngine] DirectJDKLog.java:173 - Starting Servlet engine: [Apache Tomcat/10.1.24]
2026-09-01 01:23:48,377 [main] INFO  [o.a.c.c.ContainerBase.[Tomcat].[localhost].[/api]] DirectJDKLog.java:173 - Initializing Spring embedded WebApplicationContext
2026-09-01 01:23:48,767 [main] INFO  [com.ehowms.redis.RedissonAutoConfiguration] RedissonAutoConfiguration.java:130 - 初始化 Redisson 配置
2026-09-01 01:23:48,850 [main] INFO  [org.redisson.Version] Version.java:43 - Redisson 3.32.0
2026-09-01 01:24:35,563 [main] INFO  [org.apache.catalina.core.StandardService] DirectJDKLog.java:173 - Stopping service [Tomcat]
2026-09-01 01:24:37,116 [main] INFO  [com.ehowms.admin.AdminApplication] StartupInfoLogger.java:50 - Starting AdminApplication v1.0.0 using Java 21.0.11 with PID 7 (/opt/apps/ehox-wms-encrypted.jar started by root in /opt/apps)
2026-09-01 01:24:37,120 [main] INFO  [com.ehowms.admin.AdminApplication] SpringApplication.java:660 - The following 1 profile is active: "prod-ehox"
2026-09-01 01:24:40,002 [main] INFO  [org.apache.coyote.http11.Http11NioProtocol] DirectJDKLog.java:173 - Initializing ProtocolHandler ["http-nio-8082"]
2026-09-01 01:24:40,003 [main] INFO  [org.apache.catalina.core.StandardService] DirectJDKLog.java:173 - Starting service [Tomcat]
2026-09-01 01:24:40,003 [main] INFO  [org.apache.catalina.core.StandardEngine] DirectJDKLog.java:173 - Starting Servlet engine: [Apache Tomcat/10.1.24]
2026-09-01 01:24:40,028 [main] INFO  [o.a.c.c.ContainerBase.[Tomcat].[localhost].[/api]] DirectJDKLog.java:173 - Initializing Spring embedded WebApplicationContext
2026-09-01 01:24:40,396 [main] INFO  [com.ehowms.redis.RedissonAutoConfiguration] RedissonAutoConfiguration.java:130 - 初始化 Redisson 配置
2026-09-01 01:24:40,475 [main] INFO  [org.redisson.Version] Version.java:43 - Redisson 3.32.0
2026-09-01 01:25:27,200 [main] INFO  [org.apache.catalina.core.StandardService] DirectJDKLog.java:173 - Stopping service [Tomcat]
2026-09-01 01:25:29,603 [main] INFO  [com.ehowms.admin.AdminApplication] StartupInfoLogger.java:50 - Starting AdminApplication v1.0.0 using Java 21.0.11 with PID 7 (/opt/apps/ehox-wms-encrypted.jar started by root in /opt/apps)
2026-09-01 01:25:29,608 [main] INFO  [com.ehowms.admin.AdminApplication] SpringApplication.java:660 - The following 1 profile is active: "prod-ehox"
2026-09-01 01:25:32,457 [main] INFO  [org.apache.coyote.http11.Http11NioProtocol] DirectJDKLog.java:173 - Initializing ProtocolHandler ["http-nio-8082"]
2026-09-01 01:25:32,458 [main] INFO  [org.apache.catalina.core.StandardService] DirectJDKLog.java:173 - Starting service [Tomcat]
2026-09-01 01:25:32,459 [main] INFO  [org.apache.catalina.core.StandardEngine] DirectJDKLog.java:173 - Starting Servlet engine: [Apache Tomcat/10.1.24]
2026-09-01 01:25:32,487 [main] INFO  [o.a.c.c.ContainerBase.[Tomcat].[localhost].[/api]] DirectJDKLog.java:173 - Initializing Spring embedded WebApplicationContext
2026-09-01 01:25:32,850 [main] INFO  [com.ehowms.redis.RedissonAutoConfiguration] RedissonAutoConfiguration.java:130 - 初始化 Redisson 配置
2026-09-01 01:25:32,936 [main] INFO  [org.redisson.Version] Version.java:43 - Redisson 3.32.0
2026-09-01 01:26:19,649 [main] INFO  [org.apache.catalina.core.StandardService] DirectJDKLog.java:173 - Stopping service [Tomcat]
2026-09-01 01:26:22,016 [main] INFO  [com.ehowms.admin.AdminApplication] StartupInfoLogger.java:50 - Starting AdminApplication v1.0.0 using Java 21.0.11 with PID 7 (/opt/apps/ehox-wms-encrypted.jar started by root in /opt/apps)
2026-09-01 01:26:22,019 [main] INFO  [com.ehowms.admin.AdminApplication] SpringApplication.java:660 - The following 1 profile is active: "prod-ehox"
2026-09-01 01:26:24,866 [main] INFO  [org.apache.coyote.http11.Http11NioProtocol] DirectJDKLog.java:173 - Initializing ProtocolHandler ["http-nio-8082"]
2026-09-01 01:26:24,867 [main] INFO  [org.apache.catalina.core.StandardService] DirectJDKLog.java:173 - Starting service [Tomcat]
2026-09-01 01:26:24,868 [main] INFO  [org.apache.catalina.core.StandardEngine] DirectJDKLog.java:173 - Starting Servlet engine: [Apache Tomcat/10.1.24]
2026-09-01 01:26:24,891 [main] INFO  [o.a.c.c.ContainerBase.[Tomcat].[localhost].[/api]] DirectJDKLog.java:173 - Initializing Spring embedded WebApplicationContext
2026-09-01 01:26:25,244 [main] INFO  [com.ehowms.redis.RedissonAutoConfiguration] RedissonAutoConfiguration.java:130 - 初始化 Redisson 配置
2026-09-01 01:26:25,328 [main] INFO  [org.redisson.Version] Version.java:43 - Redisson 3.32.0
2026-09-01 01:27:12,055 [main] INFO  [org.apache.catalina.core.StandardService] DirectJDKLog.java:173 - Stopping service [Tomcat]
2026-09-01 01:27:13,592 [main] INFO  [com.ehowms.admin.AdminApplication] StartupInfoLogger.java:50 - Starting AdminApplication v1.0.0 using Java 21.0.11 with PID 7 (/opt/apps/ehox-wms-encrypted.jar started by root in /opt/apps)
2026-09-01 01:27:13,595 [main] INFO  [com.ehowms.admin.AdminApplication] SpringApplication.java:660 - The following 1 profile is active: "prod-ehox"
2026-09-01 01:27:16,383 [main] INFO  [org.apache.coyote.http11.Http11NioProtocol] DirectJDKLog.java:173 - Initializing ProtocolHandler ["http-nio-8082"]
2026-09-01 01:27:16,384 [main] INFO  [org.apache.catalina.core.StandardService] DirectJDKLog.java:173 - Starting service [Tomcat]
2026-09-01 01:27:16,384 [main] INFO  [org.apache.catalina.core.StandardEngine] DirectJDKLog.java:173 - Starting Servlet engine: [Apache Tomcat/10.1.24]
2026-09-01 01:27:16,407 [main] INFO  [o.a.c.c.ContainerBase.[Tomcat].[localhost].[/api]] DirectJDKLog.java:173 - Initializing Spring embedded WebApplicationContext
2026-09-01 01:27:16,783 [main] INFO  [com.ehowms.redis.RedissonAutoConfiguration] RedissonAutoConfiguration.java:130 - 初始化 Redisson 配置
2026-09-01 01:27:16,862 [main] INFO  [org.redisson.Version] Version.java:43 - Redisson 3.32.0
2026-09-01 01:27:53,561 [main] INFO  [org.apache.catalina.core.StandardService] DirectJDKLog.java:173 - Stopping service [Tomcat]
2026-09-01 01:27:55,050 [main] INFO  [com.ehowms.admin.AdminApplication] StartupInfoLogger.java:50 - Starting AdminApplication v1.0.0 using Java 21.0.11 with PID 7 (/opt/apps/ehox-wms-encrypted.jar started by root in /opt/apps)
2026-09-01 01:27:55,054 [main] INFO  [com.ehowms.admin.AdminApplication] SpringApplication.java:660 - The following 1 profile is active: "prod-ehox"
2026-09-01 01:27:57,977 [main] INFO  [org.apache.coyote.http11.Http11NioProtocol] DirectJDKLog.java:173 - Initializing ProtocolHandler ["http-nio-8082"]
2026-09-01 01:27:57,978 [main] INFO  [org.apache.catalina.core.StandardService] DirectJDKLog.java:173 - Starting service [Tomcat]
2026-09-01 01:27:57,979 [main] INFO  [org.apache.catalina.core.StandardEngine] DirectJDKLog.java:173 - Starting Servlet engine: [Apache Tomcat/10.1.24]
2026-09-01 01:27:58,002 [main] INFO  [o.a.c.c.ContainerBase.[Tomcat].[localhost].[/api]] DirectJDKLog.java:173 - Initializing Spring embedded WebApplicationContext
2026-09-01 01:27:58,393 [main] INFO  [com.ehowms.redis.RedissonAutoConfiguration] RedissonAutoConfiguration.java:130 - 初始化 Redisson 配置
2026-09-01 01:27:58,476 [main] INFO  [org.redisson.Version] Version.java:43 - Redisson 3.32.0
2026-09-01 01:28:45,193 [main] INFO  [org.apache.catalina.core.StandardService] DirectJDKLog.java:173 - Stopping service [Tomcat]
2026-09-01 01:28:46,694 [main] INFO  [com.ehowms.admin.AdminApplication] StartupInfoLogger.java:50 - Starting AdminApplication v1.0.0 using Java 21.0.11 with PID 7 (/opt/apps/ehox-wms-encrypted.jar started by root in /opt/apps)
2026-09-01 01:28:46,697 [main] INFO  [com.ehowms.admin.AdminApplication] SpringApplication.java:660 - The following 1 profile is active: "prod-ehox"
2026-09-01 01:28:49,496 [main] INFO  [org.apache.coyote.http11.Http11NioProtocol] DirectJDKLog.java:173 - Initializing ProtocolHandler ["http-nio-8082"]
2026-09-01 01:28:49,497 [main] INFO  [org.apache.catalina.core.StandardService] DirectJDKLog.java:173 - Starting service [Tomcat]
2026-09-01 01:28:49,498 [main] INFO  [org.apache.catalina.core.StandardEngine] DirectJDKLog.java:173 - Starting Servlet engine: [Apache Tomcat/10.1.24]
2026-09-01 01:28:49,523 [main] INFO  [o.a.c.c.ContainerBase.[Tomcat].[localhost].[/api]] DirectJDKLog.java:173 - Initializing Spring embedded WebApplicationContext
2026-09-01 01:28:49,889 [main] INFO  [com.ehowms.redis.RedissonAutoConfiguration] RedissonAutoConfiguration.java:130 - 初始化 Redisson 配置
2026-09-01 01:28:49,971 [main] INFO  [org.redisson.Version] Version.java:43 - Redisson 3.32.0
2026-09-01 01:29:26,687 [main] INFO  [org.apache.catalina.core.StandardService] DirectJDKLog.java:173 - Stopping service [Tomcat]
2026-09-01 01:29:29,058 [main] INFO  [com.ehowms.admin.AdminApplication] StartupInfoLogger.java:50 - Starting AdminApplication v1.0.0 using Java 21.0.11 with PID 7 (/opt/apps/ehox-wms-encrypted.jar started by root in /opt/apps)
2026-09-01 01:29:29,062 [main] INFO  [com.ehowms.admin.AdminApplication] SpringApplication.java:660 - The following 1 profile is active: "prod-ehox"
2026-09-01 01:29:31,853 [main] INFO  [org.apache.coyote.http11.Http11NioProtocol] DirectJDKLog.java:173 - Initializing ProtocolHandler ["http-nio-8082"]
2026-09-01 01:29:31,854 [main] INFO  [org.apache.catalina.core.StandardService] DirectJDKLog.java:173 - Starting service [Tomcat]
2026-09-01 01:29:31,855 [main] INFO  [org.apache.catalina.core.StandardEngine] DirectJDKLog.java:173 - Starting Servlet engine: [Apache Tomcat/10.1.24]
2026-09-01 01:29:31,876 [main] INFO  [o.a.c.c.ContainerBase.[Tomcat].[localhost].[/api]] DirectJDKLog.java:173 - Initializing Spring embedded WebApplicationContext
2026-09-01 01:29:32,239 [main] INFO  [com.ehowms.redis.RedissonAutoConfiguration] RedissonAutoConfiguration.java:130 - 初始化 Redisson 配置
2026-09-01 01:29:32,320 [main] INFO  [org.redisson.Version] Version.java:43 - Redisson 3.32.0
2026-09-01 01:30:19,047 [main] INFO  [org.apache.catalina.core.StandardService] DirectJDKLog.java:173 - Stopping service [Tomcat]
2026-09-01 01:30:20,561 [main] INFO  [com.ehowms.admin.AdminApplication] StartupInfoLogger.java:50 - Starting AdminApplication v1.0.0 using Java 21.0.11 with PID 7 (/opt/apps/ehox-wms-encrypted.jar started by root in /opt/apps)
2026-09-01 01:30:20,564 [main] INFO  [com.ehowms.admin.AdminApplication] SpringApplication.java:660 - The following 1 profile is active: "prod-ehox"
2026-09-01 01:30:23,387 [main] INFO  [org.apache.coyote.http11.Http11NioProtocol] DirectJDKLog.java:173 - Initializing ProtocolHandler ["http-nio-8082"]
2026-09-01 01:30:23,389 [main] INFO  [org.apache.catalina.core.StandardService] DirectJDKLog.java:173 - Starting service [Tomcat]
2026-09-01 01:30:23,389 [main] INFO  [org.apache.catalina.core.StandardEngine] DirectJDKLog.java:173 - Starting Servlet engine: [Apache Tomcat/10.1.24]
2026-09-01 01:30:23,413 [main] INFO  [o.a.c.c.ContainerBase.[Tomcat].[localhost].[/api]] DirectJDKLog.java:173 - Initializing Spring embedded WebApplicationContext
2026-09-01 01:30:23,786 [main] INFO  [com.ehowms.redis.RedissonAutoConfiguration] RedissonAutoConfiguration.java:130 - 初始化 Redisson 配置
2026-09-01 01:30:23,871 [main] INFO  [org.redisson.Version] Version.java:43 - Redisson 3.32.0
2026-09-01 01:31:10,599 [main] INFO  [org.apache.catalina.core.StandardService] DirectJDKLog.java:173 - Stopping service [Tomcat]
2026-09-01 01:31:12,097 [main] INFO  [com.ehowms.admin.AdminApplication] StartupInfoLogger.java:50 - Starting AdminApplication v1.0.0 using Java 21.0.11 with PID 7 (/opt/apps/ehox-wms-encrypted.jar started by root in /opt/apps)
2026-09-01 01:31:12,100 [main] INFO  [com.ehowms.admin.AdminApplication] SpringApplication.java:660 - The following 1 profile is active: "prod-ehox"
2026-09-01 01:31:14,885 [main] INFO  [org.apache.coyote.http11.Http11NioProtocol] DirectJDKLog.java:173 - Initializing ProtocolHandler ["http-nio-8082"]
2026-09-01 01:31:14,886 [main] INFO  [org.apache.catalina.core.StandardService] DirectJDKLog.java:173 - Starting service [Tomcat]
2026-09-01 01:31:14,887 [main] INFO  [org.apache.catalina.core.StandardEngine] DirectJDKLog.java:173 - Starting Servlet engine: [Apache Tomcat/10.1.24]
2026-09-01 01:31:14,913 [main] INFO  [o.a.c.c.ContainerBase.[Tomcat].[localhost].[/api]] DirectJDKLog.java:173 - Initializing Spring embedded WebApplicationContext
2026-09-01 01:31:15,274 [main] INFO  [com.ehowms.redis.RedissonAutoConfiguration] RedissonAutoConfiguration.java:130 - 初始化 Redisson 配置
2026-09-01 01:31:15,363 [main] INFO  [org.redisson.Version] Version.java:43 - Redisson 3.32.0
2026-09-01 01:32:02,096 [main] INFO  [org.apache.catalina.core.StandardService] DirectJDKLog.java:173 - Stopping service [Tomcat]
2026-09-01 01:32:03,606 [main] INFO  [com.ehowms.admin.AdminApplication] StartupInfoLogger.java:50 - Starting AdminApplication v1.0.0 using Java 21.0.11 with PID 7 (/opt/apps/ehox-wms-encrypted.jar started by root in /opt/apps)
2026-09-01 01:32:03,609 [main] INFO  [com.ehowms.admin.AdminApplication] SpringApplication.java:660 - The following 1 profile is active: "prod-ehox"
2026-09-01 01:32:06,462 [main] INFO  [org.apache.coyote.http11.Http11NioProtocol] DirectJDKLog.java:173 - Initializing ProtocolHandler ["http-nio-8082"]
2026-09-01 01:32:06,463 [main] INFO  [org.apache.catalina.core.StandardService] DirectJDKLog.java:173 - Starting service [Tomcat]
2026-09-01 01:32:06,464 [main] INFO  [org.apache.catalina.core.StandardEngine] DirectJDKLog.java:173 - Starting Servlet engine: [Apache Tomcat/10.1.24]
2026-09-01 01:32:06,488 [main] INFO  [o.a.c.c.ContainerBase.[Tomcat].[localhost].[/api]] DirectJDKLog.java:173 - Initializing Spring embedded WebApplicationContext
2026-09-01 01:32:06,866 [main] INFO  [com.ehowms.redis.RedissonAutoConfiguration] RedissonAutoConfiguration.java:130 - 初始化 Redisson 配置
2026-09-01 01:32:06,955 [main] INFO  [org.redisson.Version] Version.java:43 - Redisson 3.32.0
2026-09-01 01:32:53,675 [main] INFO  [org.apache.catalina.core.StandardService] DirectJDKLog.java:173 - Stopping service [Tomcat]
2026-09-01 01:32:55,199 [main] INFO  [com.ehowms.admin.AdminApplication] StartupInfoLogger.java:50 - Starting AdminApplication v1.0.0 using Java 21.0.11 with PID 7 (/opt/apps/ehox-wms-encrypted.jar started by root in /opt/apps)
2026-09-01 01:32:55,203 [main] INFO  [com.ehowms.admin.AdminApplication] SpringApplication.java:660 - The following 1 profile is active: "prod-ehox"
2026-09-01 01:32:57,992 [main] INFO  [org.apache.coyote.http11.Http11NioProtocol] DirectJDKLog.java:173 - Initializing ProtocolHandler ["http-nio-8082"]
2026-09-01 01:32:57,993 [main] INFO  [org.apache.catalina.core.StandardService] DirectJDKLog.java:173 - Starting service [Tomcat]
2026-09-01 01:32:57,993 [main] INFO  [org.apache.catalina.core.StandardEngine] DirectJDKLog.java:173 - Starting Servlet engine: [Apache Tomcat/10.1.24]
2026-09-01 01:32:58,022 [main] INFO  [o.a.c.c.ContainerBase.[Tomcat].[localhost].[/api]] DirectJDKLog.java:173 - Initializing Spring embedded WebApplicationContext
2026-09-01 01:32:58,378 [main] INFO  [com.ehowms.redis.RedissonAutoConfiguration] RedissonAutoConfiguration.java:130 - 初始化 Redisson 配置
2026-09-01 01:32:58,456 [main] INFO  [org.redisson.Version] Version.java:43 - Redisson 3.32.0
2026-09-01 01:33:42,333 [main] INFO  [org.apache.catalina.core.StandardService] DirectJDKLog.java:173 - Stopping service [Tomcat]
2026-09-01 01:33:44,694 [main] INFO  [com.ehowms.admin.AdminApplication] StartupInfoLogger.java:50 - Starting AdminApplication v1.0.0 using Java 21.0.11 with PID 7 (/opt/apps/ehox-wms-encrypted.jar started by root in /opt/apps)
2026-09-01 01:33:44,698 [main] INFO  [com.ehowms.admin.AdminApplication] SpringApplication.java:660 - The following 1 profile is active: "prod-ehox"
2026-09-01 01:33:47,497 [main] INFO  [org.apache.coyote.http11.Http11NioProtocol] DirectJDKLog.java:173 - Initializing ProtocolHandler ["http-nio-8082"]
2026-09-01 01:33:47,499 [main] INFO  [org.apache.catalina.core.StandardService] DirectJDKLog.java:173 - Starting service [Tomcat]
2026-09-01 01:33:47,499 [main] INFO  [org.apache.catalina.core.StandardEngine] DirectJDKLog.java:173 - Starting Servlet engine: [Apache Tomcat/10.1.24]
2026-09-01 01:33:47,521 [main] INFO  [o.a.c.c.ContainerBase.[Tomcat].[localhost].[/api]] DirectJDKLog.java:173 - Initializing Spring embedded WebApplicationContext
2026-09-01 01:33:47,906 [main] INFO  [com.ehowms.redis.RedissonAutoConfiguration] RedissonAutoConfiguration.java:130 - 初始化 Redisson 配置
2026-09-01 01:33:47,986 [main] INFO  [org.redisson.Version] Version.java:43 - Redisson 3.32.0
2026-09-01 01:34:34,698 [main] INFO  [org.apache.catalina.core.StandardService] DirectJDKLog.java:173 - Stopping service [Tomcat]
2026-09-02 01:38:45,816 [main] INFO  [com.ehowms.admin.AdminApplication] StartupInfoLogger.java:50 - Starting AdminApplication v1.0.0 using Java 21.0.11 with PID 7 (/opt/apps/ehox-wms-encrypted.jar started by root in /opt/apps)
2026-09-02 01:38:45,836 [main] INFO  [com.ehowms.admin.AdminApplication] SpringApplication.java:660 - The following 1 profile is active: "prod-ehox"
2026-09-02 01:38:53,938 [main] INFO  [org.apache.coyote.http11.Http11NioProtocol] DirectJDKLog.java:173 - Initializing ProtocolHandler ["http-nio-8082"]
2026-09-02 01:38:53,944 [main] INFO  [org.apache.catalina.core.StandardService] DirectJDKLog.java:173 - Starting service [Tomcat]
2026-09-02 01:38:53,944 [main] INFO  [org.apache.catalina.core.StandardEngine] DirectJDKLog.java:173 - Starting Servlet engine: [Apache Tomcat/10.1.24]
2026-09-02 01:38:54,021 [main] INFO  [o.a.c.c.ContainerBase.[Tomcat].[localhost].[/api]] DirectJDKLog.java:173 - Initializing Spring embedded WebApplicationContext
2026-09-02 01:38:55,803 [main] INFO  [com.ehowms.redis.RedissonAutoConfiguration] RedissonAutoConfiguration.java:130 - 初始化 Redisson 配置
2026-09-02 01:38:56,044 [main] INFO  [org.redisson.Version] Version.java:43 - Redisson 3.32.0
2026-09-02 01:39:43,171 [main] INFO  [org.apache.catalina.core.StandardService] DirectJDKLog.java:173 - Stopping service [Tomcat]
2026-09-02 01:43:06,829 [main] INFO  [com.ehowms.admin.AdminApplication] StartupInfoLogger.java:50 - Starting AdminApplication v1.0.0 using Java 21.0.11 with PID 7 (/opt/apps/ehox-wms-encrypted.jar started by root in /opt/apps)
2026-09-02 01:43:06,836 [main] INFO  [com.ehowms.admin.AdminApplication] SpringApplication.java:660 - The following 1 profile is active: "prod-ehox"
2026-09-02 01:43:11,102 [main] INFO  [org.apache.coyote.http11.Http11NioProtocol] DirectJDKLog.java:173 - Initializing ProtocolHandler ["http-nio-8082"]
2026-09-02 01:43:11,105 [main] INFO  [org.apache.catalina.core.StandardService] DirectJDKLog.java:173 - Starting service [Tomcat]
2026-09-02 01:43:11,105 [main] INFO  [org.apache.catalina.core.StandardEngine] DirectJDKLog.java:173 - Starting Servlet engine: [Apache Tomcat/10.1.24]
2026-09-02 01:43:11,138 [main] INFO  [o.a.c.c.ContainerBase.[Tomcat].[localhost].[/api]] DirectJDKLog.java:173 - Initializing Spring embedded WebApplicationContext
2026-09-02 01:43:11,793 [main] INFO  [com.ehowms.redis.RedissonAutoConfiguration] RedissonAutoConfiguration.java:130 - 初始化 Redisson 配置
2026-09-02 01:43:11,969 [main] INFO  [org.redisson.Version] Version.java:43 - Redisson 3.32.0
2026-09-02 01:43:59,710 [main] INFO  [org.apache.catalina.core.StandardService] DirectJDKLog.java:173 - Stopping service [Tomcat]
2026-09-02 01:44:02,284 [main] INFO  [com.ehowms.admin.AdminApplication] StartupInfoLogger.java:50 - Starting AdminApplication v1.0.0 using Java 21.0.11 with PID 7 (/opt/apps/ehox-wms-encrypted.jar started by root in /opt/apps)
2026-09-02 01:44:02,287 [main] INFO  [com.ehowms.admin.AdminApplication] SpringApplication.java:660 - The following 1 profile is active: "prod-ehox"
2026-09-02 01:44:05,131 [main] INFO  [org.apache.coyote.http11.Http11NioProtocol] DirectJDKLog.java:173 - Initializing ProtocolHandler ["http-nio-8082"]
2026-09-02 01:44:05,133 [main] INFO  [org.apache.catalina.core.StandardService] DirectJDKLog.java:173 - Starting service [Tomcat]
2026-09-02 01:44:05,133 [main] INFO  [org.apache.catalina.core.StandardEngine] DirectJDKLog.java:173 - Starting Servlet engine: [Apache Tomcat/10.1.24]
2026-09-02 01:44:05,157 [main] INFO  [o.a.c.c.ContainerBase.[Tomcat].[localhost].[/api]] DirectJDKLog.java:173 - Initializing Spring embedded WebApplicationContext
2026-09-02 01:44:05,517 [main] INFO  [com.ehowms.redis.RedissonAutoConfiguration] RedissonAutoConfiguration.java:130 - 初始化 Redisson 配置
2026-09-02 01:44:05,598 [main] INFO  [org.redisson.Version] Version.java:43 - Redisson 3.32.0
2026-09-02 01:44:52,309 [main] INFO  [org.apache.catalina.core.StandardService] DirectJDKLog.java:173 - Stopping service [Tomcat]
2026-09-02 01:44:53,803 [main] INFO  [com.ehowms.admin.AdminApplication] StartupInfoLogger.java:50 - Starting AdminApplication v1.0.0 using Java 21.0.11 with PID 7 (/opt/apps/ehox-wms-encrypted.jar started by root in /opt/apps)
2026-09-02 01:44:53,808 [main] INFO  [com.ehowms.admin.AdminApplication] SpringApplication.java:660 - The following 1 profile is active: "prod-ehox"
2026-09-02 01:44:56,598 [main] INFO  [org.apache.coyote.http11.Http11NioProtocol] DirectJDKLog.java:173 - Initializing ProtocolHandler ["http-nio-8082"]
2026-09-02 01:44:56,599 [main] INFO  [org.apache.catalina.core.StandardService] DirectJDKLog.java:173 - Starting service [Tomcat]
2026-09-02 01:44:56,599 [main] INFO  [org.apache.catalina.core.StandardEngine] DirectJDKLog.java:173 - Starting Servlet engine: [Apache Tomcat/10.1.24]
2026-09-02 01:44:56,621 [main] INFO  [o.a.c.c.ContainerBase.[Tomcat].[localhost].[/api]] DirectJDKLog.java:173 - Initializing Spring embedded WebApplicationContext
2026-09-02 01:44:56,980 [main] INFO  [com.ehowms.redis.RedissonAutoConfiguration] RedissonAutoConfiguration.java:130 - 初始化 Redisson 配置
2026-09-02 01:44:57,056 [main] INFO  [org.redisson.Version] Version.java:43 - Redisson 3.32.0
2026-09-02 01:45:40,959 [main] INFO  [org.apache.catalina.core.StandardService] DirectJDKLog.java:173 - Stopping service [Tomcat]
2026-09-02 01:45:43,239 [main] INFO  [com.ehowms.admin.AdminApplication] StartupInfoLogger.java:50 - Starting AdminApplication v1.0.0 using Java 21.0.11 with PID 7 (/opt/apps/ehox-wms-encrypted.jar started by root in /opt/apps)
2026-09-02 01:45:43,247 [main] INFO  [com.ehowms.admin.AdminApplication] SpringApplication.java:660 - The following 1 profile is active: "prod-ehox"
2026-09-02 01:45:46,110 [main] INFO  [org.apache.coyote.http11.Http11NioProtocol] DirectJDKLog.java:173 - Initializing ProtocolHandler ["http-nio-8082"]
2026-09-02 01:45:46,111 [main] INFO  [org.apache.catalina.core.StandardService] DirectJDKLog.java:173 - Starting service [Tomcat]
2026-09-02 01:45:46,112 [main] INFO  [org.apache.catalina.core.StandardEngine] DirectJDKLog.java:173 - Starting Servlet engine: [Apache Tomcat/10.1.24]
2026-09-02 01:45:46,134 [main] INFO  [o.a.c.c.ContainerBase.[Tomcat].[localhost].[/api]] DirectJDKLog.java:173 - Initializing Spring embedded WebApplicationContext
2026-09-02 01:45:46,494 [main] INFO  [com.ehowms.redis.RedissonAutoConfiguration] RedissonAutoConfiguration.java:130 - 初始化 Redisson 配置
2026-09-02 01:45:46,572 [main] INFO  [org.redisson.Version] Version.java:43 - Redisson 3.32.0
2026-09-02 01:46:33,279 [main] INFO  [org.apache.catalina.core.StandardService] DirectJDKLog.java:173 - Stopping service [Tomcat]
2026-09-02 01:46:35,656 [main] INFO  [com.ehowms.admin.AdminApplication] StartupInfoLogger.java:50 - Starting AdminApplication v1.0.0 using Java 21.0.11 with PID 7 (/opt/apps/ehox-wms-encrypted.jar started by root in /opt/apps)
2026-09-02 01:46:35,660 [main] INFO  [com.ehowms.admin.AdminApplication] SpringApplication.java:660 - The following 1 profile is active: "prod-ehox"
2026-09-02 01:46:38,531 [main] INFO  [org.apache.coyote.http11.Http11NioProtocol] DirectJDKLog.java:173 - Initializing ProtocolHandler ["http-nio-8082"]
2026-09-02 01:46:38,532 [main] INFO  [org.apache.catalina.core.StandardService] DirectJDKLog.java:173 - Starting service [Tomcat]
2026-09-02 01:46:38,532 [main] INFO  [org.apache.catalina.core.StandardEngine] DirectJDKLog.java:173 - Starting Servlet engine: [Apache Tomcat/10.1.24]
2026-09-02 01:46:38,555 [main] INFO  [o.a.c.c.ContainerBase.[Tomcat].[localhost].[/api]] DirectJDKLog.java:173 - Initializing Spring embedded WebApplicationContext
2026-09-02 01:46:38,925 [main] INFO  [com.ehowms.redis.RedissonAutoConfiguration] RedissonAutoConfiguration.java:130 - 初始化 Redisson 配置
2026-09-02 01:46:39,003 [main] INFO  [org.redisson.Version] Version.java:43 - Redisson 3.32.0
2026-09-02 01:47:25,703 [main] INFO  [org.apache.catalina.core.StandardService] DirectJDKLog.java:173 - Stopping service [Tomcat]
2026-09-02 01:47:27,101 [main] INFO  [com.ehowms.admin.AdminApplication] StartupInfoLogger.java:50 - Starting AdminApplication v1.0.0 using Java 21.0.11 with PID 7 (/opt/apps/ehox-wms-encrypted.jar started by root in /opt/apps)
2026-09-02 01:47:27,105 [main] INFO  [com.ehowms.admin.AdminApplication] SpringApplication.java:660 - The following 1 profile is active: "prod-ehox"
2026-09-02 01:47:29,921 [main] INFO  [org.apache.coyote.http11.Http11NioProtocol] DirectJDKLog.java:173 - Initializing ProtocolHandler ["http-nio-8082"]
2026-09-02 01:47:29,922 [main] INFO  [org.apache.catalina.core.StandardService] DirectJDKLog.java:173 - Starting service [Tomcat]
2026-09-02 01:47:29,922 [main] INFO  [org.apache.catalina.core.StandardEngine] DirectJDKLog.java:173 - Starting Servlet engine: [Apache Tomcat/10.1.24]
2026-09-02 01:47:29,945 [main] INFO  [o.a.c.c.ContainerBase.[Tomcat].[localhost].[/api]] DirectJDKLog.java:173 - Initializing Spring embedded WebApplicationContext
2026-09-02 01:47:30,295 [main] INFO  [com.ehowms.redis.RedissonAutoConfiguration] RedissonAutoConfiguration.java:130 - 初始化 Redisson 配置
2026-09-02 01:47:30,374 [main] INFO  [org.redisson.Version] Version.java:43 - Redisson 3.32.0
2026-09-02 01:48:17,080 [main] INFO  [org.apache.catalina.core.StandardService] DirectJDKLog.java:173 - Stopping service [Tomcat]
2026-09-02 01:48:18,517 [main] INFO  [com.ehowms.admin.AdminApplication] StartupInfoLogger.java:50 - Starting AdminApplication v1.0.0 using Java 21.0.11 with PID 7 (/opt/apps/ehox-wms-encrypted.jar started by root in /opt/apps)
2026-09-02 01:48:18,521 [main] INFO  [com.ehowms.admin.AdminApplication] SpringApplication.java:660 - The following 1 profile is active: "prod-ehox"
2026-09-02 01:48:21,362 [main] INFO  [org.apache.coyote.http11.Http11NioProtocol] DirectJDKLog.java:173 - Initializing ProtocolHandler ["http-nio-8082"]
2026-09-02 01:48:21,363 [main] INFO  [org.apache.catalina.core.StandardService] DirectJDKLog.java:173 - Starting service [Tomcat]
2026-09-02 01:48:21,364 [main] INFO  [org.apache.catalina.core.StandardEngine] DirectJDKLog.java:173 - Starting Servlet engine: [Apache Tomcat/10.1.24]
2026-09-02 01:48:21,385 [main] INFO  [o.a.c.c.ContainerBase.[Tomcat].[localhost].[/api]] DirectJDKLog.java:173 - Initializing Spring embedded WebApplicationContext
2026-09-02 01:48:21,755 [main] INFO  [com.ehowms.redis.RedissonAutoConfiguration] RedissonAutoConfiguration.java:130 - 初始化 Redisson 配置
2026-09-02 01:48:21,834 [main] INFO  [org.redisson.Version] Version.java:43 - Redisson 3.32.0
2026-09-02 01:49:08,550 [main] INFO  [org.apache.catalina.core.StandardService] DirectJDKLog.java:173 - Stopping service [Tomcat]
2026-09-02 01:49:10,856 [main] INFO  [com.ehowms.admin.AdminApplication] StartupInfoLogger.java:50 - Starting AdminApplication v1.0.0 using Java 21.0.11 with PID 7 (/opt/apps/ehox-wms-encrypted.jar started by root in /opt/apps)
2026-09-02 01:49:10,859 [main] INFO  [com.ehowms.admin.AdminApplication] SpringApplication.java:660 - The following 1 profile is active: "prod-ehox"
2026-09-02 01:49:13,641 [main] INFO  [org.apache.coyote.http11.Http11NioProtocol] DirectJDKLog.java:173 - Initializing ProtocolHandler ["http-nio-8082"]
2026-09-02 01:49:13,643 [main] INFO  [org.apache.catalina.core.StandardService] DirectJDKLog.java:173 - Starting service [Tomcat]
2026-09-02 01:49:13,643 [main] INFO  [org.apache.catalina.core.StandardEngine] DirectJDKLog.java:173 - Starting Servlet engine: [Apache Tomcat/10.1.24]
2026-09-02 01:49:13,665 [main] INFO  [o.a.c.c.ContainerBase.[Tomcat].[localhost].[/api]] DirectJDKLog.java:173 - Initializing Spring embedded WebApplicationContext
2026-09-02 01:49:14,016 [main] INFO  [com.ehowms.redis.RedissonAutoConfiguration] RedissonAutoConfiguration.java:130 - 初始化 Redisson 配置
2026-09-02 01:49:14,093 [main] INFO  [org.redisson.Version] Version.java:43 - Redisson 3.32.0
2026-09-02 01:50:00,825 [main] INFO  [org.apache.catalina.core.StandardService] DirectJDKLog.java:173 - Stopping service [Tomcat]
2026-09-02 01:50:02,518 [main] INFO  [com.ehowms.admin.AdminApplication] StartupInfoLogger.java:50 - Starting AdminApplication v1.0.0 using Java 21.0.11 with PID 7 (/opt/apps/ehox-wms-encrypted.jar started by root in /opt/apps)
2026-09-02 01:50:02,523 [main] INFO  [com.ehowms.admin.AdminApplication] SpringApplication.java:660 - The following 1 profile is active: "prod-ehox"
2026-09-02 01:50:05,714 [main] INFO  [org.apache.coyote.http11.Http11NioProtocol] DirectJDKLog.java:173 - Initializing ProtocolHandler ["http-nio-8082"]
2026-09-02 01:50:05,716 [main] INFO  [org.apache.catalina.core.StandardService] DirectJDKLog.java:173 - Starting service [Tomcat]
2026-09-02 01:50:05,716 [main] INFO  [org.apache.catalina.core.StandardEngine] DirectJDKLog.java:173 - Starting Servlet engine: [Apache Tomcat/10.1.24]
2026-09-02 01:50:05,746 [main] INFO  [o.a.c.c.ContainerBase.[Tomcat].[localhost].[/api]] DirectJDKLog.java:173 - Initializing Spring embedded WebApplicationContext
2026-09-02 01:50:06,114 [main] INFO  [com.ehowms.redis.RedissonAutoConfiguration] RedissonAutoConfiguration.java:130 - 初始化 Redisson 配置
2026-09-02 01:50:06,198 [main] INFO  [org.redisson.Version] Version.java:43 - Redisson 3.32.0
2026-09-02 01:50:52,896 [main] INFO  [org.apache.catalina.core.StandardService] DirectJDKLog.java:173 - Stopping service [Tomcat]
2026-09-02 01:50:55,191 [main] INFO  [com.ehowms.admin.AdminApplication] StartupInfoLogger.java:50 - Starting AdminApplication v1.0.0 using Java 21.0.11 with PID 7 (/opt/apps/ehox-wms-encrypted.jar started by root in /opt/apps)
2026-09-02 01:50:55,194 [main] INFO  [com.ehowms.admin.AdminApplication] SpringApplication.java:660 - The following 1 profile is active: "prod-ehox"
2026-09-02 01:50:57,912 [main] INFO  [org.apache.coyote.http11.Http11NioProtocol] DirectJDKLog.java:173 - Initializing ProtocolHandler ["http-nio-8082"]
2026-09-02 01:50:57,914 [main] INFO  [org.apache.catalina.core.StandardService] DirectJDKLog.java:173 - Starting service [Tomcat]
2026-09-02 01:50:57,914 [main] INFO  [org.apache.catalina.core.StandardEngine] DirectJDKLog.java:173 - Starting Servlet engine: [Apache Tomcat/10.1.24]
2026-09-02 01:50:57,940 [main] INFO  [o.a.c.c.ContainerBase.[Tomcat].[localhost].[/api]] DirectJDKLog.java:173 - Initializing Spring embedded WebApplicationContext
2026-09-02 01:50:58,299 [main] INFO  [com.ehowms.redis.RedissonAutoConfiguration] RedissonAutoConfiguration.java:130 - 初始化 Redisson 配置
2026-09-02 01:50:58,376 [main] INFO  [org.redisson.Version] Version.java:43 - Redisson 3.32.0
2026-09-02 01:51:45,080 [main] INFO  [org.apache.catalina.core.StandardService] DirectJDKLog.java:173 - Stopping service [Tomcat]
2026-09-02 01:51:46,528 [main] INFO  [com.ehowms.admin.AdminApplication] StartupInfoLogger.java:50 - Starting AdminApplication v1.0.0 using Java 21.0.11 with PID 7 (/opt/apps/ehox-wms-encrypted.jar started by root in /opt/apps)
2026-09-02 01:51:46,531 [main] INFO  [com.ehowms.admin.AdminApplication] SpringApplication.java:660 - The following 1 profile is active: "prod-ehox"
2026-09-02 01:51:49,328 [main] INFO  [org.apache.coyote.http11.Http11NioProtocol] DirectJDKLog.java:173 - Initializing ProtocolHandler ["http-nio-8082"]
2026-09-02 01:51:49,329 [main] INFO  [org.apache.catalina.core.StandardService] DirectJDKLog.java:173 - Starting service [Tomcat]
2026-09-02 01:51:49,329 [main] INFO  [org.apache.catalina.core.StandardEngine] DirectJDKLog.java:173 - Starting Servlet engine: [Apache Tomcat/10.1.24]
2026-09-02 01:51:49,352 [main] INFO  [o.a.c.c.ContainerBase.[Tomcat].[localhost].[/api]] DirectJDKLog.java:173 - Initializing Spring embedded WebApplicationContext
2026-09-02 01:51:49,713 [main] INFO  [com.ehowms.redis.RedissonAutoConfiguration] RedissonAutoConfiguration.java:130 - 初始化 Redisson 配置
2026-09-02 01:51:49,796 [main] INFO  [org.redisson.Version] Version.java:43 - Redisson 3.32.0
2026-09-02 01:52:36,515 [main] INFO  [org.apache.catalina.core.StandardService] DirectJDKLog.java:173 - Stopping service [Tomcat]
2026-09-02 01:52:37,947 [main] INFO  [com.ehowms.admin.AdminApplication] StartupInfoLogger.java:50 - Starting AdminApplication v1.0.0 using Java 21.0.11 with PID 7 (/opt/apps/ehox-wms-encrypted.jar started by root in /opt/apps)
2026-09-02 01:52:37,950 [main] INFO  [com.ehowms.admin.AdminApplication] SpringApplication.java:660 - The following 1 profile is active: "prod-ehox"
2026-09-02 01:52:40,661 [main] INFO  [org.apache.coyote.http11.Http11NioProtocol] DirectJDKLog.java:173 - Initializing ProtocolHandler ["http-nio-8082"]
2026-09-02 01:52:40,662 [main] INFO  [org.apache.catalina.core.StandardService] DirectJDKLog.java:173 - Starting service [Tomcat]
2026-09-02 01:52:40,662 [main] INFO  [org.apache.catalina.core.StandardEngine] DirectJDKLog.java:173 - Starting Servlet engine: [Apache Tomcat/10.1.24]
2026-09-02 01:52:40,685 [main] INFO  [o.a.c.c.ContainerBase.[Tomcat].[localhost].[/api]] DirectJDKLog.java:173 - Initializing Spring embedded WebApplicationContext
2026-09-02 01:52:41,016 [main] INFO  [com.ehowms.redis.RedissonAutoConfiguration] RedissonAutoConfiguration.java:130 - 初始化 Redisson 配置
2026-09-02 01:52:41,096 [main] INFO  [org.redisson.Version] Version.java:43 - Redisson 3.32.0
2026-09-02 01:53:19,833 [main] INFO  [org.apache.catalina.core.StandardService] DirectJDKLog.java:173 - Stopping service [Tomcat]
2026-09-02 01:53:21,225 [main] INFO  [com.ehowms.admin.AdminApplication] StartupInfoLogger.java:50 - Starting AdminApplication v1.0.0 using Java 21.0.11 with PID 7 (/opt/apps/ehox-wms-encrypted.jar started by root in /opt/apps)
2026-09-02 01:53:21,228 [main] INFO  [com.ehowms.admin.AdminApplication] SpringApplication.java:660 - The following 1 profile is active: "prod-ehox"
2026-09-02 01:53:23,887 [main] INFO  [org.apache.coyote.http11.Http11NioProtocol] DirectJDKLog.java:173 - Initializing ProtocolHandler ["http-nio-8082"]
2026-09-02 01:53:23,889 [main] INFO  [org.apache.catalina.core.StandardService] DirectJDKLog.java:173 - Starting service [Tomcat]
2026-09-02 01:53:23,889 [main] INFO  [org.apache.catalina.core.StandardEngine] DirectJDKLog.java:173 - Starting Servlet engine: [Apache Tomcat/10.1.24]
2026-09-02 01:53:23,911 [main] INFO  [o.a.c.c.ContainerBase.[Tomcat].[localhost].[/api]] DirectJDKLog.java:173 - Initializing Spring embedded WebApplicationContext
2026-09-02 01:53:24,257 [main] INFO  [com.ehowms.redis.RedissonAutoConfiguration] RedissonAutoConfiguration.java:130 - 初始化 Redisson 配置
2026-09-02 01:53:24,338 [main] INFO  [org.redisson.Version] Version.java:43 - Redisson 3.32.0
2026-09-02 01:54:11,058 [main] INFO  [org.apache.catalina.core.StandardService] DirectJDKLog.java:173 - Stopping service [Tomcat]
2026-09-02 01:54:12,480 [main] INFO  [com.ehowms.admin.AdminApplication] StartupInfoLogger.java:50 - Starting AdminApplication v1.0.0 using Java 21.0.11 with PID 8 (/opt/apps/ehox-wms-encrypted.jar started by root in /opt/apps)
2026-09-02 01:54:12,483 [main] INFO  [com.ehowms.admin.AdminApplication] SpringApplication.java:660 - The following 1 profile is active: "prod-ehox"
2026-09-02 01:54:15,197 [main] INFO  [org.apache.coyote.http11.Http11NioProtocol] DirectJDKLog.java:173 - Initializing ProtocolHandler ["http-nio-8082"]
2026-09-02 01:54:15,199 [main] INFO  [org.apache.catalina.core.StandardService] DirectJDKLog.java:173 - Starting service [Tomcat]
2026-09-02 01:54:15,199 [main] INFO  [org.apache.catalina.core.StandardEngine] DirectJDKLog.java:173 - Starting Servlet engine: [Apache Tomcat/10.1.24]
2026-09-02 01:54:15,220 [main] INFO  [o.a.c.c.ContainerBase.[Tomcat].[localhost].[/api]] DirectJDKLog.java:173 - Initializing Spring embedded WebApplicationContext
2026-09-02 01:54:15,576 [main] INFO  [com.ehowms.redis.RedissonAutoConfiguration] RedissonAutoConfiguration.java:130 - 初始化 Redisson 配置
2026-09-02 01:54:15,655 [main] INFO  [org.redisson.Version] Version.java:43 - Redisson 3.32.0
2026-09-02 01:55:02,357 [main] INFO  [org.apache.catalina.core.StandardService] DirectJDKLog.java:173 - Stopping service [Tomcat]
2026-09-02 01:55:03,779 [main] INFO  [com.ehowms.admin.AdminApplication] StartupInfoLogger.java:50 - Starting AdminApplication v1.0.0 using Java 21.0.11 with PID 7 (/opt/apps/ehox-wms-encrypted.jar started by root in /opt/apps)
2026-09-02 01:55:03,782 [main] INFO  [com.ehowms.admin.AdminApplication] SpringApplication.java:660 - The following 1 profile is active: "prod-ehox"
2026-09-02 01:55:06,554 [main] INFO  [org.apache.coyote.http11.Http11NioProtocol] DirectJDKLog.java:173 - Initializing ProtocolHandler ["http-nio-8082"]
2026-09-02 01:55:06,555 [main] INFO  [org.apache.catalina.core.StandardService] DirectJDKLog.java:173 - Starting service [Tomcat]
2026-09-02 01:55:06,555 [main] INFO  [org.apache.catalina.core.StandardEngine] DirectJDKLog.java:173 - Starting Servlet engine: [Apache Tomcat/10.1.24]
2026-09-02 01:55:06,578 [main] INFO  [o.a.c.c.ContainerBase.[Tomcat].[localhost].[/api]] DirectJDKLog.java:173 - Initializing Spring embedded WebApplicationContext
2026-09-02 01:55:06,935 [main] INFO  [com.ehowms.redis.RedissonAutoConfiguration] RedissonAutoConfiguration.java:130 - 初始化 Redisson 配置
2026-09-02 01:55:07,014 [main] INFO  [org.redisson.Version] Version.java:43 - Redisson 3.32.0
2026-09-02 01:55:53,729 [main] INFO  [org.apache.catalina.core.StandardService] DirectJDKLog.java:173 - Stopping service [Tomcat]
2026-09-02 01:55:55,156 [main] INFO  [com.ehowms.admin.AdminApplication] StartupInfoLogger.java:50 - Starting AdminApplication v1.0.0 using Java 21.0.11 with PID 7 (/opt/apps/ehox-wms-encrypted.jar started by root in /opt/apps)
2026-09-02 01:55:55,159 [main] INFO  [com.ehowms.admin.AdminApplication] SpringApplication.java:660 - The following 1 profile is active: "prod-ehox"
2026-09-02 01:55:57,899 [main] INFO  [org.apache.coyote.http11.Http11NioProtocol] DirectJDKLog.java:173 - Initializing ProtocolHandler ["http-nio-8082"]
2026-09-02 01:55:57,901 [main] INFO  [org.apache.catalina.core.StandardService] DirectJDKLog.java:173 - Starting service [Tomcat]
2026-09-02 01:55:57,901 [main] INFO  [org.apache.catalina.core.StandardEngine] DirectJDKLog.java:173 - Starting Servlet engine: [Apache Tomcat/10.1.24]
2026-09-02 01:55:57,928 [main] INFO  [o.a.c.c.ContainerBase.[Tomcat].[localhost].[/api]] DirectJDKLog.java:173 - Initializing Spring embedded WebApplicationContext
2026-09-02 01:55:58,301 [main] INFO  [com.ehowms.redis.RedissonAutoConfiguration] RedissonAutoConfiguration.java:130 - 初始化 Redisson 配置
2026-09-02 01:55:58,384 [main] INFO  [org.redisson.Version] Version.java:43 - Redisson 3.32.0
2026-09-02 01:56:45,101 [main] INFO  [org.apache.catalina.core.StandardService] DirectJDKLog.java:173 - Stopping service [Tomcat]
2026-09-02 01:56:46,819 [main] INFO  [com.ehowms.admin.AdminApplication] StartupInfoLogger.java:50 - Starting AdminApplication v1.0.0 using Java 21.0.11 with PID 7 (/opt/apps/ehox-wms-encrypted.jar started by root in /opt/apps)
2026-09-02 01:56:46,824 [main] INFO  [com.ehowms.admin.AdminApplication] SpringApplication.java:660 - The following 1 profile is active: "prod-ehox"
2026-09-02 01:56:49,914 [main] INFO  [org.apache.coyote.http11.Http11NioProtocol] DirectJDKLog.java:173 - Initializing ProtocolHandler ["http-nio-8082"]
2026-09-02 01:56:49,915 [main] INFO  [org.apache.catalina.core.StandardService] DirectJDKLog.java:173 - Starting service [Tomcat]
2026-09-02 01:56:49,915 [main] INFO  [org.apache.catalina.core.StandardEngine] DirectJDKLog.java:173 - Starting Servlet engine: [Apache Tomcat/10.1.24]
2026-09-02 01:56:49,940 [main] INFO  [o.a.c.c.ContainerBase.[Tomcat].[localhost].[/api]] DirectJDKLog.java:173 - Initializing Spring embedded WebApplicationContext
2026-09-02 01:56:50,340 [main] INFO  [com.ehowms.redis.RedissonAutoConfiguration] RedissonAutoConfiguration.java:130 - 初始化 Redisson 配置
2026-09-02 01:56:50,419 [main] INFO  [org.redisson.Version] Version.java:43 - Redisson 3.32.0
2026-09-02 01:57:37,127 [main] INFO  [org.apache.catalina.core.StandardService] DirectJDKLog.java:173 - Stopping service [Tomcat]
2026-09-02 01:57:39,432 [main] INFO  [com.ehowms.admin.AdminApplication] StartupInfoLogger.java:50 - Starting AdminApplication v1.0.0 using Java 21.0.11 with PID 7 (/opt/apps/ehox-wms-encrypted.jar started by root in /opt/apps)
2026-09-02 01:57:39,435 [main] INFO  [com.ehowms.admin.AdminApplication] SpringApplication.java:660 - The following 1 profile is active: "prod-ehox"
2026-09-02 01:57:42,203 [main] INFO  [org.apache.coyote.http11.Http11NioProtocol] DirectJDKLog.java:173 - Initializing ProtocolHandler ["http-nio-8082"]
2026-09-02 01:57:42,204 [main] INFO  [org.apache.catalina.core.StandardService] DirectJDKLog.java:173 - Starting service [Tomcat]
2026-09-02 01:57:42,204 [main] INFO  [org.apache.catalina.core.StandardEngine] DirectJDKLog.java:173 - Starting Servlet engine: [Apache Tomcat/10.1.24]
2026-09-02 01:57:42,229 [main] INFO  [o.a.c.c.ContainerBase.[Tomcat].[localhost].[/api]] DirectJDKLog.java:173 - Initializing Spring embedded WebApplicationContext
2026-09-02 01:57:42,584 [main] INFO  [com.ehowms.redis.RedissonAutoConfiguration] RedissonAutoConfiguration.java:130 - 初始化 Redisson 配置
2026-09-02 01:57:42,663 [main] INFO  [org.redisson.Version] Version.java:43 - Redisson 3.32.0
2026-09-02 01:58:29,365 [main] INFO  [org.apache.catalina.core.StandardService] DirectJDKLog.java:173 - Stopping service [Tomcat]
2026-09-02 01:58:31,113 [main] INFO  [com.ehowms.admin.AdminApplication] StartupInfoLogger.java:50 - Starting AdminApplication v1.0.0 using Java 21.0.11 with PID 7 (/opt/apps/ehox-wms-encrypted.jar started by root in /opt/apps)
2026-09-02 01:58:31,120 [main] INFO  [com.ehowms.admin.AdminApplication] SpringApplication.java:660 - The following 1 profile is active: "prod-ehox"
2026-09-02 01:58:34,637 [main] INFO  [org.apache.coyote.http11.Http11NioProtocol] DirectJDKLog.java:173 - Initializing ProtocolHandler ["http-nio-8082"]
2026-09-02 01:58:34,639 [main] INFO  [org.apache.catalina.core.StandardService] DirectJDKLog.java:173 - Starting service [Tomcat]
2026-09-02 01:58:34,639 [main] INFO  [org.apache.catalina.core.StandardEngine] DirectJDKLog.java:173 - Starting Servlet engine: [Apache Tomcat/10.1.24]
2026-09-02 01:58:34,668 [main] INFO  [o.a.c.c.ContainerBase.[Tomcat].[localhost].[/api]] DirectJDKLog.java:173 - Initializing Spring embedded WebApplicationContext
2026-09-02 01:58:35,034 [main] INFO  [com.ehowms.redis.RedissonAutoConfiguration] RedissonAutoConfiguration.java:130 - 初始化 Redisson 配置
2026-09-02 01:58:35,120 [main] INFO  [org.redisson.Version] Version.java:43 - Redisson 3.32.0
2026-09-02 01:59:21,852 [main] INFO  [org.apache.catalina.core.StandardService] DirectJDKLog.java:173 - Stopping service [Tomcat]
2026-09-02 01:59:23,278 [main] INFO  [com.ehowms.admin.AdminApplication] StartupInfoLogger.java:50 - Starting AdminApplication v1.0.0 using Java 21.0.11 with PID 7 (/opt/apps/ehox-wms-encrypted.jar started by root in /opt/apps)
2026-09-02 01:59:23,281 [main] INFO  [com.ehowms.admin.AdminApplication] SpringApplication.java:660 - The following 1 profile is active: "prod-ehox"
2026-09-02 01:59:26,005 [main] INFO  [org.apache.coyote.http11.Http11NioProtocol] DirectJDKLog.java:173 - Initializing ProtocolHandler ["http-nio-8082"]
2026-09-02 01:59:26,007 [main] INFO  [org.apache.catalina.core.StandardService] DirectJDKLog.java:173 - Starting service [Tomcat]
2026-09-02 01:59:26,007 [main] INFO  [org.apache.catalina.core.StandardEngine] DirectJDKLog.java:173 - Starting Servlet engine: [Apache Tomcat/10.1.24]
2026-09-02 01:59:26,029 [main] INFO  [o.a.c.c.ContainerBase.[Tomcat].[localhost].[/api]] DirectJDKLog.java:173 - Initializing Spring embedded WebApplicationContext
2026-09-02 01:59:26,396 [main] INFO  [com.ehowms.redis.RedissonAutoConfiguration] RedissonAutoConfiguration.java:130 - 初始化 Redisson 配置
2026-09-02 01:59:26,473 [main] INFO  [org.redisson.Version] Version.java:43 - Redisson 3.32.0
2026-09-02 02:00:13,193 [main] INFO  [org.apache.catalina.core.StandardService] DirectJDKLog.java:173 - Stopping service [Tomcat]
2026-09-02 02:00:14,601 [main] INFO  [com.ehowms.admin.AdminApplication] StartupInfoLogger.java:50 - Starting AdminApplication v1.0.0 using Java 21.0.11 with PID 7 (/opt/apps/ehox-wms-encrypted.jar started by root in /opt/apps)
2026-09-02 02:00:14,605 [main] INFO  [com.ehowms.admin.AdminApplication] SpringApplication.java:660 - The following 1 profile is active: "prod-ehox"
2026-09-02 02:00:17,379 [main] INFO  [org.apache.coyote.http11.Http11NioProtocol] DirectJDKLog.java:173 - Initializing ProtocolHandler ["http-nio-8082"]
2026-09-02 02:00:17,380 [main] INFO  [org.apache.catalina.core.StandardService] DirectJDKLog.java:173 - Starting service [Tomcat]
2026-09-02 02:00:17,380 [main] INFO  [org.apache.catalina.core.StandardEngine] DirectJDKLog.java:173 - Starting Servlet engine: [Apache Tomcat/10.1.24]
2026-09-02 02:00:17,403 [main] INFO  [o.a.c.c.ContainerBase.[Tomcat].[localhost].[/api]] DirectJDKLog.java:173 - Initializing Spring embedded WebApplicationContext
2026-09-02 02:00:17,771 [main] INFO  [com.ehowms.redis.RedissonAutoConfiguration] RedissonAutoConfiguration.java:130 - 初始化 Redisson 配置
2026-09-02 02:00:17,851 [main] INFO  [org.redisson.Version] Version.java:43 - Redisson 3.32.0
2026-09-02 02:01:04,564 [main] INFO  [org.apache.catalina.core.StandardService] DirectJDKLog.java:173 - Stopping service [Tomcat]
2026-09-02 02:01:06,878 [main] INFO  [com.ehowms.admin.AdminApplication] StartupInfoLogger.java:50 - Starting AdminApplication v1.0.0 using Java 21.0.11 with PID 7 (/opt/apps/ehox-wms-encrypted.jar started by root in /opt/apps)
2026-09-02 02:01:06,882 [main] INFO  [com.ehowms.admin.AdminApplication] SpringApplication.java:660 - The following 1 profile is active: "prod-ehox"
2026-09-02 02:01:09,606 [main] INFO  [org.apache.coyote.http11.Http11NioProtocol] DirectJDKLog.java:173 - Initializing ProtocolHandler ["http-nio-8082"]
2026-09-02 02:01:09,607 [main] INFO  [org.apache.catalina.core.StandardService] DirectJDKLog.java:173 - Starting service [Tomcat]
2026-09-02 02:01:09,607 [main] INFO  [org.apache.catalina.core.StandardEngine] DirectJDKLog.java:173 - Starting Servlet engine: [Apache Tomcat/10.1.24]
2026-09-02 02:01:09,629 [main] INFO  [o.a.c.c.ContainerBase.[Tomcat].[localhost].[/api]] DirectJDKLog.java:173 - Initializing Spring embedded WebApplicationContext
2026-09-02 02:01:09,995 [main] INFO  [com.ehowms.redis.RedissonAutoConfiguration] RedissonAutoConfiguration.java:130 - 初始化 Redisson 配置
2026-09-02 02:01:10,076 [main] INFO  [org.redisson.Version] Version.java:43 - Redisson 3.32.0
2026-09-02 02:01:56,786 [main] INFO  [org.apache.catalina.core.StandardService] DirectJDKLog.java:173 - Stopping service [Tomcat]
2026-09-02 02:01:58,175 [main] INFO  [com.ehowms.admin.AdminApplication] StartupInfoLogger.java:50 - Starting AdminApplication v1.0.0 using Java 21.0.11 with PID 7 (/opt/apps/ehox-wms-encrypted.jar started by root in /opt/apps)
2026-09-02 02:01:58,179 [main] INFO  [com.ehowms.admin.AdminApplication] SpringApplication.java:660 - The following 1 profile is active: "prod-ehox"
2026-09-02 02:02:00,939 [main] INFO  [org.apache.coyote.http11.Http11NioProtocol] DirectJDKLog.java:173 - Initializing ProtocolHandler ["http-nio-8082"]
2026-09-02 02:02:00,940 [main] INFO  [org.apache.catalina.core.StandardService] DirectJDKLog.java:173 - Starting service [Tomcat]
2026-09-02 02:02:00,941 [main] INFO  [org.apache.catalina.core.StandardEngine] DirectJDKLog.java:173 - Starting Servlet engine: [Apache Tomcat/10.1.24]
2026-09-02 02:02:00,963 [main] INFO  [o.a.c.c.ContainerBase.[Tomcat].[localhost].[/api]] DirectJDKLog.java:173 - Initializing Spring embedded WebApplicationContext
2026-09-02 02:02:01,323 [main] INFO  [com.ehowms.redis.RedissonAutoConfiguration] RedissonAutoConfiguration.java:130 - 初始化 Redisson 配置
2026-09-02 02:02:01,400 [main] INFO  [org.redisson.Version] Version.java:43 - Redisson 3.32.0
2026-09-02 02:02:48,127 [main] INFO  [org.apache.catalina.core.StandardService] DirectJDKLog.java:173 - Stopping service [Tomcat]
2026-09-02 02:02:49,503 [main] INFO  [com.ehowms.admin.AdminApplication] StartupInfoLogger.java:50 - Starting AdminApplication v1.0.0 using Java 21.0.11 with PID 7 (/opt/apps/ehox-wms-encrypted.jar started by root in /opt/apps)
2026-09-02 02:02:49,506 [main] INFO  [com.ehowms.admin.AdminApplication] SpringApplication.java:660 - The following 1 profile is active: "prod-ehox"
2026-09-02 02:02:52,421 [main] INFO  [org.apache.coyote.http11.Http11NioProtocol] DirectJDKLog.java:173 - Initializing ProtocolHandler ["http-nio-8082"]
2026-09-02 02:02:52,422 [main] INFO  [org.apache.catalina.core.StandardService] DirectJDKLog.java:173 - Starting service [Tomcat]
2026-09-02 02:02:52,423 [main] INFO  [org.apache.catalina.core.StandardEngine] DirectJDKLog.java:173 - Starting Servlet engine: [Apache Tomcat/10.1.24]
2026-09-02 02:02:52,450 [main] INFO  [o.a.c.c.ContainerBase.[Tomcat].[localhost].[/api]] DirectJDKLog.java:173 - Initializing Spring embedded WebApplicationContext
2026-09-02 02:02:52,825 [main] INFO  [com.ehowms.redis.RedissonAutoConfiguration] RedissonAutoConfiguration.java:130 - 初始化 Redisson 配置
2026-09-02 02:02:52,909 [main] INFO  [org.redisson.Version] Version.java:43 - Redisson 3.32.0
2026-09-02 02:03:39,647 [main] INFO  [org.apache.catalina.core.StandardService] DirectJDKLog.java:173 - Stopping service [Tomcat]
2026-09-02 02:03:41,081 [main] INFO  [com.ehowms.admin.AdminApplication] StartupInfoLogger.java:50 - Starting AdminApplication v1.0.0 using Java 21.0.11 with PID 7 (/opt/apps/ehox-wms-encrypted.jar started by root in /opt/apps)
2026-09-02 02:03:41,084 [main] INFO  [com.ehowms.admin.AdminApplication] SpringApplication.java:660 - The following 1 profile is active: "prod-ehox"
2026-09-02 02:03:43,858 [main] INFO  [org.apache.coyote.http11.Http11NioProtocol] DirectJDKLog.java:173 - Initializing ProtocolHandler ["http-nio-8082"]
2026-09-02 02:03:43,860 [main] INFO  [org.apache.catalina.core.StandardService] DirectJDKLog.java:173 - Starting service [Tomcat]
2026-09-02 02:03:43,860 [main] INFO  [org.apache.catalina.core.StandardEngine] DirectJDKLog.java:173 - Starting Servlet engine: [Apache Tomcat/10.1.24]
2026-09-02 02:03:43,882 [main] INFO  [o.a.c.c.ContainerBase.[Tomcat].[localhost].[/api]] DirectJDKLog.java:173 - Initializing Spring embedded WebApplicationContext
2026-09-02 02:03:44,252 [main] INFO  [com.ehowms.redis.RedissonAutoConfiguration] RedissonAutoConfiguration.java:130 - 初始化 Redisson 配置
2026-09-02 02:03:44,331 [main] INFO  [org.redisson.Version] Version.java:43 - Redisson 3.32.0
2026-09-02 02:04:31,043 [main] INFO  [org.apache.catalina.core.StandardService] DirectJDKLog.java:173 - Stopping service [Tomcat]
2026-09-02 02:04:32,472 [main] INFO  [com.ehowms.admin.AdminApplication] StartupInfoLogger.java:50 - Starting AdminApplication v1.0.0 using Java 21.0.11 with PID 7 (/opt/apps/ehox-wms-encrypted.jar started by root in /opt/apps)
2026-09-02 02:04:32,475 [main] INFO  [com.ehowms.admin.AdminApplication] SpringApplication.java:660 - The following 1 profile is active: "prod-ehox"
2026-09-02 02:04:35,362 [main] INFO  [org.apache.coyote.http11.Http11NioProtocol] DirectJDKLog.java:173 - Initializing ProtocolHandler ["http-nio-8082"]
2026-09-02 02:04:35,363 [main] INFO  [org.apache.catalina.core.StandardService] DirectJDKLog.java:173 - Starting service [Tomcat]
2026-09-02 02:04:35,363 [main] INFO  [org.apache.catalina.core.StandardEngine] DirectJDKLog.java:173 - Starting Servlet engine: [Apache Tomcat/10.1.24]
2026-09-02 02:04:35,391 [main] INFO  [o.a.c.c.ContainerBase.[Tomcat].[localhost].[/api]] DirectJDKLog.java:173 - Initializing Spring embedded WebApplicationContext
2026-09-02 02:04:35,763 [main] INFO  [com.ehowms.redis.RedissonAutoConfiguration] RedissonAutoConfiguration.java:130 - 初始化 Redisson 配置
2026-09-02 02:04:35,847 [main] INFO  [org.redisson.Version] Version.java:43 - Redisson 3.32.0
2026-09-02 02:05:22,561 [main] INFO  [org.apache.catalina.core.StandardService] DirectJDKLog.java:173 - Stopping service [Tomcat]
2026-09-02 02:05:23,959 [main] INFO  [com.ehowms.admin.AdminApplication] StartupInfoLogger.java:50 - Starting AdminApplication v1.0.0 using Java 21.0.11 with PID 7 (/opt/apps/ehox-wms-encrypted.jar started by root in /opt/apps)
2026-09-02 02:05:23,963 [main] INFO  [com.ehowms.admin.AdminApplication] SpringApplication.java:660 - The following 1 profile is active: "prod-ehox"
2026-09-02 02:05:26,717 [main] INFO  [org.apache.coyote.http11.Http11NioProtocol] DirectJDKLog.java:173 - Initializing ProtocolHandler ["http-nio-8082"]
2026-09-02 02:05:26,718 [main] INFO  [org.apache.catalina.core.StandardService] DirectJDKLog.java:173 - Starting service [Tomcat]
2026-09-02 02:05:26,718 [main] INFO  [org.apache.catalina.core.StandardEngine] DirectJDKLog.java:173 - Starting Servlet engine: [Apache Tomcat/10.1.24]
2026-09-02 02:05:26,743 [main] INFO  [o.a.c.c.ContainerBase.[Tomcat].[localhost].[/api]] DirectJDKLog.java:173 - Initializing Spring embedded WebApplicationContext
2026-09-02 02:05:27,097 [main] INFO  [com.ehowms.redis.RedissonAutoConfiguration] RedissonAutoConfiguration.java:130 - 初始化 Redisson 配置
2026-09-02 02:05:27,177 [main] INFO  [org.redisson.Version] Version.java:43 - Redisson 3.32.0
2026-09-02 02:06:13,882 [main] INFO  [org.apache.catalina.core.StandardService] DirectJDKLog.java:173 - Stopping service [Tomcat]
2026-09-02 02:06:15,296 [main] INFO  [com.ehowms.admin.AdminApplication] StartupInfoLogger.java:50 - Starting AdminApplication v1.0.0 using Java 21.0.11 with PID 7 (/opt/apps/ehox-wms-encrypted.jar started by root in /opt/apps)
2026-09-02 02:06:15,299 [main] INFO  [com.ehowms.admin.AdminApplication] SpringApplication.java:660 - The following 1 profile is active: "prod-ehox"
2026-09-02 02:06:18,118 [main] INFO  [org.apache.coyote.http11.Http11NioProtocol] DirectJDKLog.java:173 - Initializing ProtocolHandler ["http-nio-8082"]
2026-09-02 02:06:18,119 [main] INFO  [org.apache.catalina.core.StandardService] DirectJDKLog.java:173 - Starting service [Tomcat]
2026-09-02 02:06:18,119 [main] INFO  [org.apache.catalina.core.StandardEngine] DirectJDKLog.java:173 - Starting Servlet engine: [Apache Tomcat/10.1.24]
2026-09-02 02:06:18,143 [main] INFO  [o.a.c.c.ContainerBase.[Tomcat].[localhost].[/api]] DirectJDKLog.java:173 - Initializing Spring embedded WebApplicationContext
2026-09-02 02:06:18,532 [main] INFO  [com.ehowms.redis.RedissonAutoConfiguration] RedissonAutoConfiguration.java:130 - 初始化 Redisson 配置
2026-09-02 02:06:18,612 [main] INFO  [org.redisson.Version] Version.java:43 - Redisson 3.32.0
2026-09-02 02:07:05,325 [main] INFO  [org.apache.catalina.core.StandardService] DirectJDKLog.java:173 - Stopping service [Tomcat]
2026-09-02 02:07:06,731 [main] INFO  [com.ehowms.admin.AdminApplication] StartupInfoLogger.java:50 - Starting AdminApplication v1.0.0 using Java 21.0.11 with PID 7 (/opt/apps/ehox-wms-encrypted.jar started by root in /opt/apps)
2026-09-02 02:07:06,734 [main] INFO  [com.ehowms.admin.AdminApplication] SpringApplication.java:660 - The following 1 profile is active: "prod-ehox"
2026-09-02 02:07:09,458 [main] INFO  [org.apache.coyote.http11.Http11NioProtocol] DirectJDKLog.java:173 - Initializing ProtocolHandler ["http-nio-8082"]
2026-09-02 02:07:09,459 [main] INFO  [org.apache.catalina.core.StandardService] DirectJDKLog.java:173 - Starting service [Tomcat]
2026-09-02 02:07:09,460 [main] INFO  [org.apache.catalina.core.StandardEngine] DirectJDKLog.java:173 - Starting Servlet engine: [Apache Tomcat/10.1.24]
2026-09-02 02:07:09,485 [main] INFO  [o.a.c.c.ContainerBase.[Tomcat].[localhost].[/api]] DirectJDKLog.java:173 - Initializing Spring embedded WebApplicationContext
2026-09-02 02:07:09,843 [main] INFO  [com.ehowms.redis.RedissonAutoConfiguration] RedissonAutoConfiguration.java:130 - 初始化 Redisson 配置
2026-09-02 02:07:09,922 [main] INFO  [org.redisson.Version] Version.java:43 - Redisson 3.32.0
2026-09-02 02:07:56,637 [main] INFO  [org.apache.catalina.core.StandardService] DirectJDKLog.java:173 - Stopping service [Tomcat]
2026-09-02 02:07:58,082 [main] INFO  [com.ehowms.admin.AdminApplication] StartupInfoLogger.java:50 - Starting AdminApplication v1.0.0 using Java 21.0.11 with PID 7 (/opt/apps/ehox-wms-encrypted.jar started by root in /opt/apps)
2026-09-02 02:07:58,085 [main] INFO  [com.ehowms.admin.AdminApplication] SpringApplication.java:660 - The following 1 profile is active: "prod-ehox"
2026-09-02 02:08:00,890 [main] INFO  [org.apache.coyote.http11.Http11NioProtocol] DirectJDKLog.java:173 - Initializing ProtocolHandler ["http-nio-8082"]
2026-09-02 02:08:00,892 [main] INFO  [org.apache.catalina.core.StandardService] DirectJDKLog.java:173 - Starting service [Tomcat]
2026-09-02 02:08:00,892 [main] INFO  [org.apache.catalina.core.StandardEngine] DirectJDKLog.java:173 - Starting Servlet engine: [Apache Tomcat/10.1.24]
2026-09-02 02:08:00,917 [main] INFO  [o.a.c.c.ContainerBase.[Tomcat].[localhost].[/api]] DirectJDKLog.java:173 - Initializing Spring embedded WebApplicationContext
2026-09-02 02:08:01,292 [main] INFO  [com.ehowms.redis.RedissonAutoConfiguration] RedissonAutoConfiguration.java:130 - 初始化 Redisson 配置
2026-09-02 02:08:01,371 [main] INFO  [org.redisson.Version] Version.java:43 - Redisson 3.32.0
2026-09-02 02:08:45,264 [main] INFO  [org.apache.catalina.core.StandardService] DirectJDKLog.java:173 - Stopping service [Tomcat]
2026-09-02 02:08:47,556 [main] INFO  [com.ehowms.admin.AdminApplication] StartupInfoLogger.java:50 - Starting AdminApplication v1.0.0 using Java 21.0.11 with PID 7 (/opt/apps/ehox-wms-encrypted.jar started by root in /opt/apps)
2026-09-02 02:08:47,559 [main] INFO  [com.ehowms.admin.AdminApplication] SpringApplication.java:660 - The following 1 profile is active: "prod-ehox"
2026-09-02 02:08:50,279 [main] INFO  [org.apache.coyote.http11.Http11NioProtocol] DirectJDKLog.java:173 - Initializing ProtocolHandler ["http-nio-8082"]
2026-09-02 02:08:50,281 [main] INFO  [org.apache.catalina.core.StandardService] DirectJDKLog.java:173 - Starting service [Tomcat]
2026-09-02 02:08:50,281 [main] INFO  [org.apache.catalina.core.StandardEngine] DirectJDKLog.java:173 - Starting Servlet engine: [Apache Tomcat/10.1.24]
2026-09-02 02:08:50,304 [main] INFO  [o.a.c.c.ContainerBase.[Tomcat].[localhost].[/api]] DirectJDKLog.java:173 - Initializing Spring embedded WebApplicationContext
2026-09-02 02:08:50,677 [main] INFO  [com.ehowms.redis.RedissonAutoConfiguration] RedissonAutoConfiguration.java:130 - 初始化 Redisson 配置
2026-09-02 02:08:50,757 [main] INFO  [org.redisson.Version] Version.java:43 - Redisson 3.32.0
2026-09-02 02:09:37,473 [main] INFO  [org.apache.catalina.core.StandardService] DirectJDKLog.java:173 - Stopping service [Tomcat]
2026-09-02 02:09:38,876 [main] INFO  [com.ehowms.admin.AdminApplication] StartupInfoLogger.java:50 - Starting AdminApplication v1.0.0 using Java 21.0.11 with PID 7 (/opt/apps/ehox-wms-encrypted.jar started by root in /opt/apps)
2026-09-02 02:09:38,879 [main] INFO  [com.ehowms.admin.AdminApplication] SpringApplication.java:660 - The following 1 profile is active: "prod-ehox"
2026-09-02 02:09:41,662 [main] INFO  [org.apache.coyote.http11.Http11NioProtocol] DirectJDKLog.java:173 - Initializing ProtocolHandler ["http-nio-8082"]
2026-09-02 02:09:41,664 [main] INFO  [org.apache.catalina.core.StandardService] DirectJDKLog.java:173 - Starting service [Tomcat]
2026-09-02 02:09:41,664 [main] INFO  [org.apache.catalina.core.StandardEngine] DirectJDKLog.java:173 - Starting Servlet engine: [Apache Tomcat/10.1.24]
2026-09-02 02:09:41,688 [main] INFO  [o.a.c.c.ContainerBase.[Tomcat].[localhost].[/api]] DirectJDKLog.java:173 - Initializing Spring embedded WebApplicationContext
2026-09-02 02:09:42,057 [main] INFO  [com.ehowms.redis.RedissonAutoConfiguration] RedissonAutoConfiguration.java:130 - 初始化 Redisson 配置
2026-09-02 02:09:42,140 [main] INFO  [org.redisson.Version] Version.java:43 - Redisson 3.32.0
2026-09-02 02:10:28,869 [main] INFO  [org.apache.catalina.core.StandardService] DirectJDKLog.java:173 - Stopping service [Tomcat]
2026-09-02 02:10:31,151 [main] INFO  [com.ehowms.admin.AdminApplication] StartupInfoLogger.java:50 - Starting AdminApplication v1.0.0 using Java 21.0.11 with PID 7 (/opt/apps/ehox-wms-encrypted.jar started by root in /opt/apps)
2026-09-02 02:10:31,155 [main] INFO  [com.ehowms.admin.AdminApplication] SpringApplication.java:660 - The following 1 profile is active: "prod-ehox"
2026-09-02 02:10:33,842 [main] INFO  [org.apache.coyote.http11.Http11NioProtocol] DirectJDKLog.java:173 - Initializing ProtocolHandler ["http-nio-8082"]
2026-09-02 02:10:33,843 [main] INFO  [org.apache.catalina.core.StandardService] DirectJDKLog.java:173 - Starting service [Tomcat]
2026-09-02 02:10:33,843 [main] INFO  [org.apache.catalina.core.StandardEngine] DirectJDKLog.java:173 - Starting Servlet engine: [Apache Tomcat/10.1.24]
2026-09-02 02:10:33,864 [main] INFO  [o.a.c.c.ContainerBase.[Tomcat].[localhost].[/api]] DirectJDKLog.java:173 - Initializing Spring embedded WebApplicationContext
2026-09-02 02:10:34,218 [main] INFO  [com.ehowms.redis.RedissonAutoConfiguration] RedissonAutoConfiguration.java:130 - 初始化 Redisson 配置
2026-09-02 02:10:34,296 [main] INFO  [org.redisson.Version] Version.java:43 - Redisson 3.32.0
2026-09-02 02:11:21,021 [main] INFO  [org.apache.catalina.core.StandardService] DirectJDKLog.java:173 - Stopping service [Tomcat]
2026-09-02 02:11:22,460 [main] INFO  [com.ehowms.admin.AdminApplication] StartupInfoLogger.java:50 - Starting AdminApplication v1.0.0 using Java 21.0.11 with PID 7 (/opt/apps/ehox-wms-encrypted.jar started by root in /opt/apps)
2026-09-02 02:11:22,463 [main] INFO  [com.ehowms.admin.AdminApplication] SpringApplication.java:660 - The following 1 profile is active: "prod-ehox"
2026-09-02 02:11:25,171 [main] INFO  [org.apache.coyote.http11.Http11NioProtocol] DirectJDKLog.java:173 - Initializing ProtocolHandler ["http-nio-8082"]
2026-09-02 02:11:25,172 [main] INFO  [org.apache.catalina.core.StandardService] DirectJDKLog.java:173 - Starting service [Tomcat]
2026-09-02 02:11:25,172 [main] INFO  [org.apache.catalina.core.StandardEngine] DirectJDKLog.java:173 - Starting Servlet engine: [Apache Tomcat/10.1.24]
2026-09-02 02:11:25,195 [main] INFO  [o.a.c.c.ContainerBase.[Tomcat].[localhost].[/api]] DirectJDKLog.java:173 - Initializing Spring embedded WebApplicationContext
2026-09-02 02:11:25,543 [main] INFO  [com.ehowms.redis.RedissonAutoConfiguration] RedissonAutoConfiguration.java:130 - 初始化 Redisson 配置
2026-09-02 02:11:25,622 [main] INFO  [org.redisson.Version] Version.java:43 - Redisson 3.32.0
2026-09-02 02:12:12,343 [main] INFO  [org.apache.catalina.core.StandardService] DirectJDKLog.java:173 - Stopping service [Tomcat]
2026-09-02 02:12:13,811 [main] INFO  [com.ehowms.admin.AdminApplication] StartupInfoLogger.java:50 - Starting AdminApplication v1.0.0 using Java 21.0.11 with PID 7 (/opt/apps/ehox-wms-encrypted.jar started by root in /opt/apps)
2026-09-02 02:12:13,815 [main] INFO  [com.ehowms.admin.AdminApplication] SpringApplication.java:660 - The following 1 profile is active: "prod-ehox"
2026-09-02 02:12:16,554 [main] INFO  [org.apache.coyote.http11.Http11NioProtocol] DirectJDKLog.java:173 - Initializing ProtocolHandler ["http-nio-8082"]
2026-09-02 02:12:16,555 [main] INFO  [org.apache.catalina.core.StandardService] DirectJDKLog.java:173 - Starting service [Tomcat]
2026-09-02 02:12:16,556 [main] INFO  [org.apache.catalina.core.StandardEngine] DirectJDKLog.java:173 - Starting Servlet engine: [Apache Tomcat/10.1.24]
2026-09-02 02:12:16,578 [main] INFO  [o.a.c.c.ContainerBase.[Tomcat].[localhost].[/api]] DirectJDKLog.java:173 - Initializing Spring embedded WebApplicationContext
2026-09-02 02:12:16,924 [main] INFO  [com.ehowms.redis.RedissonAutoConfiguration] RedissonAutoConfiguration.java:130 - 初始化 Redisson 配置
2026-09-02 02:12:17,006 [main] INFO  [org.redisson.Version] Version.java:43 - Redisson 3.32.0
2026-09-02 02:13:03,701 [main] INFO  [org.apache.catalina.core.StandardService] DirectJDKLog.java:173 - Stopping service [Tomcat]
2026-09-02 02:13:05,141 [main] INFO  [com.ehowms.admin.AdminApplication] StartupInfoLogger.java:50 - Starting AdminApplication v1.0.0 using Java 21.0.11 with PID 7 (/opt/apps/ehox-wms-encrypted.jar started by root in /opt/apps)
2026-09-02 02:13:05,145 [main] INFO  [com.ehowms.admin.AdminApplication] SpringApplication.java:660 - The following 1 profile is active: "prod-ehox"
2026-09-02 02:13:07,852 [main] INFO  [org.apache.coyote.http11.Http11NioProtocol] DirectJDKLog.java:173 - Initializing ProtocolHandler ["http-nio-8082"]
2026-09-02 02:13:07,853 [main] INFO  [org.apache.catalina.core.StandardService] DirectJDKLog.java:173 - Starting service [Tomcat]
2026-09-02 02:13:07,853 [main] INFO  [org.apache.catalina.core.StandardEngine] DirectJDKLog.java:173 - Starting Servlet engine: [Apache Tomcat/10.1.24]
2026-09-02 02:13:07,875 [main] INFO  [o.a.c.c.ContainerBase.[Tomcat].[localhost].[/api]] DirectJDKLog.java:173 - Initializing Spring embedded WebApplicationContext
2026-09-02 02:13:08,230 [main] INFO  [com.ehowms.redis.RedissonAutoConfiguration] RedissonAutoConfiguration.java:130 - 初始化 Redisson 配置
2026-09-02 02:13:08,313 [main] INFO  [org.redisson.Version] Version.java:43 - Redisson 3.32.0
2026-09-02 02:13:55,024 [main] INFO  [org.apache.catalina.core.StandardService] DirectJDKLog.java:173 - Stopping service [Tomcat]
2026-09-02 02:13:56,644 [main] INFO  [com.ehowms.admin.AdminApplication] StartupInfoLogger.java:50 - Starting AdminApplication v1.0.0 using Java 21.0.11 with PID 7 (/opt/apps/ehox-wms-encrypted.jar started by root in /opt/apps)
2026-09-02 02:13:56,648 [main] INFO  [com.ehowms.admin.AdminApplication] SpringApplication.java:660 - The following 1 profile is active: "prod-ehox"
2026-09-02 02:13:59,702 [main] INFO  [org.apache.coyote.http11.Http11NioProtocol] DirectJDKLog.java:173 - Initializing ProtocolHandler ["http-nio-8082"]
2026-09-02 02:13:59,703 [main] INFO  [org.apache.catalina.core.StandardService] DirectJDKLog.java:173 - Starting service [Tomcat]
2026-09-02 02:13:59,704 [main] INFO  [org.apache.catalina.core.StandardEngine] DirectJDKLog.java:173 - Starting Servlet engine: [Apache Tomcat/10.1.24]
2026-09-02 02:13:59,730 [main] INFO  [o.a.c.c.ContainerBase.[Tomcat].[localhost].[/api]] DirectJDKLog.java:173 - Initializing Spring embedded WebApplicationContext
2026-09-02 02:14:00,139 [main] INFO  [com.ehowms.redis.RedissonAutoConfiguration] RedissonAutoConfiguration.java:130 - 初始化 Redisson 配置
2026-09-02 02:14:00,225 [main] INFO  [org.redisson.Version] Version.java:43 - Redisson 3.32.0
2026-09-02 02:14:44,098 [main] INFO  [org.apache.catalina.core.StandardService] DirectJDKLog.java:173 - Stopping service [Tomcat]
2026-09-02 02:14:45,651 [main] INFO  [com.ehowms.admin.AdminApplication] StartupInfoLogger.java:50 - Starting AdminApplication v1.0.0 using Java 21.0.11 with PID 7 (/opt/apps/ehox-wms-encrypted.jar started by root in /opt/apps)
2026-09-02 02:14:45,655 [main] INFO  [com.ehowms.admin.AdminApplication] SpringApplication.java:660 - The following 1 profile is active: "prod-ehox"
2026-09-02 02:14:48,557 [main] INFO  [org.apache.coyote.http11.Http11NioProtocol] DirectJDKLog.java:173 - Initializing ProtocolHandler ["http-nio-8082"]
2026-09-02 02:14:48,559 [main] INFO  [org.apache.catalina.core.StandardService] DirectJDKLog.java:173 - Starting service [Tomcat]
2026-09-02 02:14:48,559 [main] INFO  [org.apache.catalina.core.StandardEngine] DirectJDKLog.java:173 - Starting Servlet engine: [Apache Tomcat/10.1.24]
2026-09-02 02:14:48,587 [main] INFO  [o.a.c.c.ContainerBase.[Tomcat].[localhost].[/api]] DirectJDKLog.java:173 - Initializing Spring embedded WebApplicationContext
2026-09-02 02:14:48,992 [main] INFO  [com.ehowms.redis.RedissonAutoConfiguration] RedissonAutoConfiguration.java:130 - 初始化 Redisson 配置
2026-09-02 02:14:49,074 [main] INFO  [org.redisson.Version] Version.java:43 - Redisson 3.32.0
2026-09-02 02:15:35,792 [main] INFO  [org.apache.catalina.core.StandardService] DirectJDKLog.java:173 - Stopping service [Tomcat]
2026-09-02 02:15:37,431 [main] INFO  [com.ehowms.admin.AdminApplication] StartupInfoLogger.java:50 - Starting AdminApplication v1.0.0 using Java 21.0.11 with PID 7 (/opt/apps/ehox-wms-encrypted.jar started by root in /opt/apps)
2026-09-02 02:15:37,435 [main] INFO  [com.ehowms.admin.AdminApplication] SpringApplication.java:660 - The following 1 profile is active: "prod-ehox"
2026-09-02 02:15:40,434 [main] INFO  [org.apache.coyote.http11.Http11NioProtocol] DirectJDKLog.java:173 - Initializing ProtocolHandler ["http-nio-8082"]
2026-09-02 02:15:40,435 [main] INFO  [org.apache.catalina.core.StandardService] DirectJDKLog.java:173 - Starting service [Tomcat]
2026-09-02 02:15:40,435 [main] INFO  [org.apache.catalina.core.StandardEngine] DirectJDKLog.java:173 - Starting Servlet engine: [Apache Tomcat/10.1.24]
2026-09-02 02:15:40,458 [main] INFO  [o.a.c.c.ContainerBase.[Tomcat].[localhost].[/api]] DirectJDKLog.java:173 - Initializing Spring embedded WebApplicationContext
2026-09-02 02:15:40,850 [main] INFO  [com.ehowms.redis.RedissonAutoConfiguration] RedissonAutoConfiguration.java:130 - 初始化 Redisson 配置
2026-09-02 02:15:40,936 [main] INFO  [org.redisson.Version] Version.java:43 - Redisson 3.32.0
2026-09-02 02:16:27,651 [main] INFO  [org.apache.catalina.core.StandardService] DirectJDKLog.java:173 - Stopping service [Tomcat]
2026-09-02 02:16:29,181 [main] INFO  [com.ehowms.admin.AdminApplication] StartupInfoLogger.java:50 - Starting AdminApplication v1.0.0 using Java 21.0.11 with PID 7 (/opt/apps/ehox-wms-encrypted.jar started by root in /opt/apps)
2026-09-02 02:16:29,184 [main] INFO  [com.ehowms.admin.AdminApplication] SpringApplication.java:660 - The following 1 profile is active: "prod-ehox"
2026-09-02 02:16:32,178 [main] INFO  [org.apache.coyote.http11.Http11NioProtocol] DirectJDKLog.java:173 - Initializing ProtocolHandler ["http-nio-8082"]
2026-09-02 02:16:32,180 [main] INFO  [org.apache.catalina.core.StandardService] DirectJDKLog.java:173 - Starting service [Tomcat]
2026-09-02 02:16:32,180 [main] INFO  [org.apache.catalina.core.StandardEngine] DirectJDKLog.java:173 - Starting Servlet engine: [Apache Tomcat/10.1.24]
2026-09-02 02:16:32,210 [main] INFO  [o.a.c.c.ContainerBase.[Tomcat].[localhost].[/api]] DirectJDKLog.java:173 - Initializing Spring embedded WebApplicationContext
2026-09-02 02:16:32,598 [main] INFO  [com.ehowms.redis.RedissonAutoConfiguration] RedissonAutoConfiguration.java:130 - 初始化 Redisson 配置
2026-09-02 02:16:32,680 [main] INFO  [org.redisson.Version] Version.java:43 - Redisson 3.32.0
2026-09-02 02:17:19,399 [main] INFO  [org.apache.catalina.core.StandardService] DirectJDKLog.java:173 - Stopping service [Tomcat]
2026-09-02 02:17:20,941 [main] INFO  [com.ehowms.admin.AdminApplication] StartupInfoLogger.java:50 - Starting AdminApplication v1.0.0 using Java 21.0.11 with PID 7 (/opt/apps/ehox-wms-encrypted.jar started by root in /opt/apps)
2026-09-02 02:17:20,944 [main] INFO  [com.ehowms.admin.AdminApplication] SpringApplication.java:660 - The following 1 profile is active: "prod-ehox"
2026-09-02 02:17:23,914 [main] INFO  [org.apache.coyote.http11.Http11NioProtocol] DirectJDKLog.java:173 - Initializing ProtocolHandler ["http-nio-8082"]
2026-09-02 02:17:23,916 [main] INFO  [org.apache.catalina.core.StandardService] DirectJDKLog.java:173 - Starting service [Tomcat]
2026-09-02 02:17:23,916 [main] INFO  [org.apache.catalina.core.StandardEngine] DirectJDKLog.java:173 - Starting Servlet engine: [Apache Tomcat/10.1.24]
2026-09-02 02:17:23,940 [main] INFO  [o.a.c.c.ContainerBase.[Tomcat].[localhost].[/api]] DirectJDKLog.java:173 - Initializing Spring embedded WebApplicationContext
2026-09-02 02:17:24,324 [main] INFO  [com.ehowms.redis.RedissonAutoConfiguration] RedissonAutoConfiguration.java:130 - 初始化 Redisson 配置
2026-09-02 02:17:24,409 [main] INFO  [org.redisson.Version] Version.java:43 - Redisson 3.32.0
2026-09-02 02:18:11,115 [main] INFO  [org.apache.catalina.core.StandardService] DirectJDKLog.java:173 - Stopping service [Tomcat]
2026-09-02 02:18:12,641 [main] INFO  [com.ehowms.admin.AdminApplication] StartupInfoLogger.java:50 - Starting AdminApplication v1.0.0 using Java 21.0.11 with PID 7 (/opt/apps/ehox-wms-encrypted.jar started by root in /opt/apps)
2026-09-02 02:18:12,645 [main] INFO  [com.ehowms.admin.AdminApplication] SpringApplication.java:660 - The following 1 profile is active: "prod-ehox"
2026-09-02 02:18:15,549 [main] INFO  [org.apache.coyote.http11.Http11NioProtocol] DirectJDKLog.java:173 - Initializing ProtocolHandler ["http-nio-8082"]
2026-09-02 02:18:15,551 [main] INFO  [org.apache.catalina.core.StandardService] DirectJDKLog.java:173 - Starting service [Tomcat]
2026-09-02 02:18:15,551 [main] INFO  [org.apache.catalina.core.StandardEngine] DirectJDKLog.java:173 - Starting Servlet engine: [Apache Tomcat/10.1.24]
2026-09-02 02:18:15,574 [main] INFO  [o.a.c.c.ContainerBase.[Tomcat].[localhost].[/api]] DirectJDKLog.java:173 - Initializing Spring embedded WebApplicationContext
2026-09-02 02:18:15,978 [main] INFO  [com.ehowms.redis.RedissonAutoConfiguration] RedissonAutoConfiguration.java:130 - 初始化 Redisson 配置
2026-09-02 02:18:16,064 [main] INFO  [org.redisson.Version] Version.java:43 - Redisson 3.32.0
2026-09-02 02:19:02,782 [main] INFO  [org.apache.catalina.core.StandardService] DirectJDKLog.java:173 - Stopping service [Tomcat]
2026-09-02 02:19:04,326 [main] INFO  [com.ehowms.admin.AdminApplication] StartupInfoLogger.java:50 - Starting AdminApplication v1.0.0 using Java 21.0.11 with PID 7 (/opt/apps/ehox-wms-encrypted.jar started by root in /opt/apps)
2026-09-02 02:19:04,331 [main] INFO  [com.ehowms.admin.AdminApplication] SpringApplication.java:660 - The following 1 profile is active: "prod-ehox"
2026-09-02 02:19:07,247 [main] INFO  [org.apache.coyote.http11.Http11NioProtocol] DirectJDKLog.java:173 - Initializing ProtocolHandler ["http-nio-8082"]
2026-09-02 02:19:07,249 [main] INFO  [org.apache.catalina.core.StandardService] DirectJDKLog.java:173 - Starting service [Tomcat]
2026-09-02 02:19:07,249 [main] INFO  [org.apache.catalina.core.StandardEngine] DirectJDKLog.java:173 - Starting Servlet engine: [Apache Tomcat/10.1.24]
2026-09-02 02:19:07,276 [main] INFO  [o.a.c.c.ContainerBase.[Tomcat].[localhost].[/api]] DirectJDKLog.java:173 - Initializing Spring embedded WebApplicationContext
2026-09-02 02:19:07,654 [main] INFO  [com.ehowms.redis.RedissonAutoConfiguration] RedissonAutoConfiguration.java:130 - 初始化 Redisson 配置
2026-09-02 02:19:07,733 [main] INFO  [org.redisson.Version] Version.java:43 - Redisson 3.32.0
2026-09-02 10:54:45,508 [main] INFO  [com.ehowms.admin.AdminApplication] StartupInfoLogger.java:50 - Starting AdminApplication v1.0.0 using Java 21.0.11 with PID 7 (/opt/apps/ehox-wms-encrypted.jar started by root in /opt/apps)
2026-09-02 10:54:45,516 [main] INFO  [com.ehowms.admin.AdminApplication] SpringApplication.java:660 - The following 1 profile is active: "prod-ehox"
2026-09-02 10:54:50,774 [main] INFO  [org.apache.coyote.http11.Http11NioProtocol] DirectJDKLog.java:173 - Initializing ProtocolHandler ["http-nio-8082"]
2026-09-02 10:54:50,777 [main] INFO  [org.apache.catalina.core.StandardService] DirectJDKLog.java:173 - Starting service [Tomcat]
2026-09-02 10:54:50,777 [main] INFO  [org.apache.catalina.core.StandardEngine] DirectJDKLog.java:173 - Starting Servlet engine: [Apache Tomcat/10.1.24]
2026-09-02 10:54:50,821 [main] INFO  [o.a.c.c.ContainerBase.[Tomcat].[localhost].[/api]] DirectJDKLog.java:173 - Initializing Spring embedded WebApplicationContext
2026-09-02 10:54:51,488 [main] INFO  [com.ehowms.redis.RedissonAutoConfiguration] RedissonAutoConfiguration.java:130 - 初始化 Redisson 配置
2026-09-02 10:54:51,695 [main] INFO  [org.redisson.Version] Version.java:43 - Redisson 3.32.0
2026-09-02 10:55:38,809 [main] INFO  [org.apache.catalina.core.StandardService] DirectJDKLog.java:173 - Stopping service [Tomcat]
2026-09-02 10:55:40,838 [main] INFO  [com.ehowms.admin.AdminApplication] StartupInfoLogger.java:50 - Starting AdminApplication v1.0.0 using Java 21.0.11 with PID 7 (/opt/apps/ehox-wms-encrypted.jar started by root in /opt/apps)
2026-09-02 10:55:40,842 [main] INFO  [com.ehowms.admin.AdminApplication] SpringApplication.java:660 - The following 1 profile is active: "prod-ehox"
2026-09-02 10:55:44,059 [main] INFO  [org.apache.coyote.http11.Http11NioProtocol] DirectJDKLog.java:173 - Initializing ProtocolHandler ["http-nio-8082"]
2026-09-02 10:55:44,060 [main] INFO  [org.apache.catalina.core.StandardService] DirectJDKLog.java:173 - Starting service [Tomcat]
2026-09-02 10:55:44,060 [main] INFO  [org.apache.catalina.core.StandardEngine] DirectJDKLog.java:173 - Starting Servlet engine: [Apache Tomcat/10.1.24]
2026-09-02 10:55:44,087 [main] INFO  [o.a.c.c.ContainerBase.[Tomcat].[localhost].[/api]] DirectJDKLog.java:173 - Initializing Spring embedded WebApplicationContext
2026-09-02 10:55:44,454 [main] INFO  [com.ehowms.redis.RedissonAutoConfiguration] RedissonAutoConfiguration.java:130 - 初始化 Redisson 配置
2026-09-02 10:55:44,542 [main] INFO  [org.redisson.Version] Version.java:43 - Redisson 3.32.0
2026-09-02 10:56:31,265 [main] INFO  [org.apache.catalina.core.StandardService] DirectJDKLog.java:173 - Stopping service [Tomcat]
2026-09-02 10:56:32,825 [main] INFO  [com.ehowms.admin.AdminApplication] StartupInfoLogger.java:50 - Starting AdminApplication v1.0.0 using Java 21.0.11 with PID 7 (/opt/apps/ehox-wms-encrypted.jar started by root in /opt/apps)
2026-09-02 10:56:32,828 [main] INFO  [com.ehowms.admin.AdminApplication] SpringApplication.java:660 - The following 1 profile is active: "prod-ehox"
2026-09-02 10:56:35,883 [main] INFO  [org.apache.coyote.http11.Http11NioProtocol] DirectJDKLog.java:173 - Initializing ProtocolHandler ["http-nio-8082"]
2026-09-02 10:56:35,884 [main] INFO  [org.apache.catalina.core.StandardService] DirectJDKLog.java:173 - Starting service [Tomcat]
2026-09-02 10:56:35,884 [main] INFO  [org.apache.catalina.core.StandardEngine] DirectJDKLog.java:173 - Starting Servlet engine: [Apache Tomcat/10.1.24]
2026-09-02 10:56:35,911 [main] INFO  [o.a.c.c.ContainerBase.[Tomcat].[localhost].[/api]] DirectJDKLog.java:173 - Initializing Spring embedded WebApplicationContext
2026-09-02 10:56:36,287 [main] INFO  [com.ehowms.redis.RedissonAutoConfiguration] RedissonAutoConfiguration.java:130 - 初始化 Redisson 配置
2026-09-02 10:56:36,374 [main] INFO  [org.redisson.Version] Version.java:43 - Redisson 3.32.0
2026-09-02 10:57:23,095 [main] INFO  [org.apache.catalina.core.StandardService] DirectJDKLog.java:173 - Stopping service [Tomcat]
2026-09-02 10:57:24,714 [main] INFO  [com.ehowms.admin.AdminApplication] StartupInfoLogger.java:50 - Starting AdminApplication v1.0.0 using Java 21.0.11 with PID 7 (/opt/apps/ehox-wms-encrypted.jar started by root in /opt/apps)
2026-09-02 10:57:24,719 [main] INFO  [com.ehowms.admin.AdminApplication] SpringApplication.java:660 - The following 1 profile is active: "prod-ehox"
2026-09-02 10:57:27,595 [main] INFO  [org.apache.coyote.http11.Http11NioProtocol] DirectJDKLog.java:173 - Initializing ProtocolHandler ["http-nio-8082"]
2026-09-02 10:57:27,596 [main] INFO  [org.apache.catalina.core.StandardService] DirectJDKLog.java:173 - Starting service [Tomcat]
2026-09-02 10:57:27,596 [main] INFO  [org.apache.catalina.core.StandardEngine] DirectJDKLog.java:173 - Starting Servlet engine: [Apache Tomcat/10.1.24]
2026-09-02 10:57:27,624 [main] INFO  [o.a.c.c.ContainerBase.[Tomcat].[localhost].[/api]] DirectJDKLog.java:173 - Initializing Spring embedded WebApplicationContext
2026-09-02 10:57:27,990 [main] INFO  [com.ehowms.redis.RedissonAutoConfiguration] RedissonAutoConfiguration.java:130 - 初始化 Redisson 配置
2026-09-02 10:57:28,074 [main] INFO  [org.redisson.Version] Version.java:43 - Redisson 3.32.0
2026-09-02 10:58:14,791 [main] INFO  [org.apache.catalina.core.StandardService] DirectJDKLog.java:173 - Stopping service [Tomcat]
2026-09-02 10:58:16,349 [main] INFO  [com.ehowms.admin.AdminApplication] StartupInfoLogger.java:50 - Starting AdminApplication v1.0.0 using Java 21.0.11 with PID 7 (/opt/apps/ehox-wms-encrypted.jar started by root in /opt/apps)
2026-09-02 10:58:16,352 [main] INFO  [com.ehowms.admin.AdminApplication] SpringApplication.java:660 - The following 1 profile is active: "prod-ehox"
2026-09-02 10:58:19,336 [main] INFO  [org.apache.coyote.http11.Http11NioProtocol] DirectJDKLog.java:173 - Initializing ProtocolHandler ["http-nio-8082"]
2026-09-02 10:58:19,337 [main] INFO  [org.apache.catalina.core.StandardService] DirectJDKLog.java:173 - Starting service [Tomcat]
2026-09-02 10:58:19,338 [main] INFO  [org.apache.catalina.core.StandardEngine] DirectJDKLog.java:173 - Starting Servlet engine: [Apache Tomcat/10.1.24]
2026-09-02 10:58:19,361 [main] INFO  [o.a.c.c.ContainerBase.[Tomcat].[localhost].[/api]] DirectJDKLog.java:173 - Initializing Spring embedded WebApplicationContext
2026-09-02 10:58:19,767 [main] INFO  [com.ehowms.redis.RedissonAutoConfiguration] RedissonAutoConfiguration.java:130 - 初始化 Redisson 配置
2026-09-02 10:58:19,855 [main] INFO  [org.redisson.Version] Version.java:43 - Redisson 3.32.0
2026-09-02 10:59:06,581 [main] INFO  [org.apache.catalina.core.StandardService] DirectJDKLog.java:173 - Stopping service [Tomcat]
2026-09-02 10:59:08,153 [main] INFO  [com.ehowms.admin.AdminApplication] StartupInfoLogger.java:50 - Starting AdminApplication v1.0.0 using Java 21.0.11 with PID 7 (/opt/apps/ehox-wms-encrypted.jar started by root in /opt/apps)
2026-09-02 10:59:08,157 [main] INFO  [com.ehowms.admin.AdminApplication] SpringApplication.java:660 - The following 1 profile is active: "prod-ehox"
2026-09-02 10:59:11,389 [main] INFO  [org.apache.coyote.http11.Http11NioProtocol] DirectJDKLog.java:173 - Initializing ProtocolHandler ["http-nio-8082"]
2026-09-02 10:59:11,390 [main] INFO  [org.apache.catalina.core.StandardService] DirectJDKLog.java:173 - Starting service [Tomcat]
2026-09-02 10:59:11,391 [main] INFO  [org.apache.catalina.core.StandardEngine] DirectJDKLog.java:173 - Starting Servlet engine: [Apache Tomcat/10.1.24]
2026-09-02 10:59:11,418 [main] INFO  [o.a.c.c.ContainerBase.[Tomcat].[localhost].[/api]] DirectJDKLog.java:173 - Initializing Spring embedded WebApplicationContext
2026-09-02 10:59:11,843 [main] INFO  [com.ehowms.redis.RedissonAutoConfiguration] RedissonAutoConfiguration.java:130 - 初始化 Redisson 配置
2026-09-02 10:59:11,939 [main] INFO  [org.redisson.Version] Version.java:43 - Redisson 3.32.0
2026-09-02 10:59:58,675 [main] INFO  [org.apache.catalina.core.StandardService] DirectJDKLog.java:173 - Stopping service [Tomcat]
2026-09-02 11:00:00,238 [main] INFO  [com.ehowms.admin.AdminApplication] StartupInfoLogger.java:50 - Starting AdminApplication v1.0.0 using Java 21.0.11 with PID 7 (/opt/apps/ehox-wms-encrypted.jar started by root in /opt/apps)
2026-09-02 11:00:00,244 [main] INFO  [com.ehowms.admin.AdminApplication] SpringApplication.java:660 - The following 1 profile is active: "prod-ehox"
2026-09-02 11:00:03,220 [main] INFO  [org.apache.coyote.http11.Http11NioProtocol] DirectJDKLog.java:173 - Initializing ProtocolHandler ["http-nio-8082"]
2026-09-02 11:00:03,221 [main] INFO  [org.apache.catalina.core.StandardService] DirectJDKLog.java:173 - Starting service [Tomcat]
2026-09-02 11:00:03,221 [main] INFO  [org.apache.catalina.core.StandardEngine] DirectJDKLog.java:173 - Starting Servlet engine: [Apache Tomcat/10.1.24]
2026-09-02 11:00:03,248 [main] INFO  [o.a.c.c.ContainerBase.[Tomcat].[localhost].[/api]] DirectJDKLog.java:173 - Initializing Spring embedded WebApplicationContext
2026-09-02 11:00:03,631 [main] INFO  [com.ehowms.redis.RedissonAutoConfiguration] RedissonAutoConfiguration.java:130 - 初始化 Redisson 配置
2026-09-02 11:00:03,712 [main] INFO  [org.redisson.Version] Version.java:43 - Redisson 3.32.0
2026-09-02 11:00:50,410 [main] INFO  [org.apache.catalina.core.StandardService] DirectJDKLog.java:173 - Stopping service [Tomcat]
2026-09-02 11:00:51,919 [main] INFO  [com.ehowms.admin.AdminApplication] StartupInfoLogger.java:50 - Starting AdminApplication v1.0.0 using Java 21.0.11 with PID 7 (/opt/apps/ehox-wms-encrypted.jar started by root in /opt/apps)
2026-09-02 11:00:51,924 [main] INFO  [com.ehowms.admin.AdminApplication] SpringApplication.java:660 - The following 1 profile is active: "prod-ehox"
2026-09-02 11:00:54,782 [main] INFO  [org.apache.coyote.http11.Http11NioProtocol] DirectJDKLog.java:173 - Initializing ProtocolHandler ["http-nio-8082"]
2026-09-02 11:00:54,784 [main] INFO  [org.apache.catalina.core.StandardService] DirectJDKLog.java:173 - Starting service [Tomcat]
2026-09-02 11:00:54,784 [main] INFO  [org.apache.catalina.core.StandardEngine] DirectJDKLog.java:173 - Starting Servlet engine: [Apache Tomcat/10.1.24]
2026-09-02 11:00:54,807 [main] INFO  [o.a.c.c.ContainerBase.[Tomcat].[localhost].[/api]] DirectJDKLog.java:173 - Initializing Spring embedded WebApplicationContext
2026-09-02 11:00:55,202 [main] INFO  [com.ehowms.redis.RedissonAutoConfiguration] RedissonAutoConfiguration.java:130 - 初始化 Redisson 配置
2026-09-02 11:00:55,295 [main] INFO  [org.redisson.Version] Version.java:43 - Redisson 3.32.0
2026-09-02 11:01:42,004 [main] INFO  [org.apache.catalina.core.StandardService] DirectJDKLog.java:173 - Stopping service [Tomcat]
2026-09-02 11:01:43,514 [main] INFO  [com.ehowms.admin.AdminApplication] StartupInfoLogger.java:50 - Starting AdminApplication v1.0.0 using Java 21.0.11 with PID 7 (/opt/apps/ehox-wms-encrypted.jar started by root in /opt/apps)
2026-09-02 11:01:43,517 [main] INFO  [com.ehowms.admin.AdminApplication] SpringApplication.java:660 - The following 1 profile is active: "prod-ehox"
2026-09-02 11:01:46,489 [main] INFO  [org.apache.coyote.http11.Http11NioProtocol] DirectJDKLog.java:173 - Initializing ProtocolHandler ["http-nio-8082"]
2026-09-02 11:01:46,491 [main] INFO  [org.apache.catalina.core.StandardService] DirectJDKLog.java:173 - Starting service [Tomcat]
2026-09-02 11:01:46,491 [main] INFO  [org.apache.catalina.core.StandardEngine] DirectJDKLog.java:173 - Starting Servlet engine: [Apache Tomcat/10.1.24]
2026-09-02 11:01:46,520 [main] INFO  [o.a.c.c.ContainerBase.[Tomcat].[localhost].[/api]] DirectJDKLog.java:173 - Initializing Spring embedded WebApplicationContext
2026-09-02 11:01:46,901 [main] INFO  [com.ehowms.redis.RedissonAutoConfiguration] RedissonAutoConfiguration.java:130 - 初始化 Redisson 配置
2026-09-02 11:01:46,984 [main] INFO  [org.redisson.Version] Version.java:43 - Redisson 3.32.0
2026-09-02 11:02:33,688 [main] INFO  [org.apache.catalina.core.StandardService] DirectJDKLog.java:173 - Stopping service [Tomcat]
2026-09-02 11:02:35,282 [main] INFO  [com.ehowms.admin.AdminApplication] StartupInfoLogger.java:50 - Starting AdminApplication v1.0.0 using Java 21.0.11 with PID 7 (/opt/apps/ehox-wms-encrypted.jar started by root in /opt/apps)
2026-09-02 11:02:35,286 [main] INFO  [com.ehowms.admin.AdminApplication] SpringApplication.java:660 - The following 1 profile is active: "prod-ehox"
2026-09-02 11:02:38,313 [main] INFO  [org.apache.coyote.http11.Http11NioProtocol] DirectJDKLog.java:173 - Initializing ProtocolHandler ["http-nio-8082"]
2026-09-02 11:02:38,315 [main] INFO  [org.apache.catalina.core.StandardService] DirectJDKLog.java:173 - Starting service [Tomcat]
2026-09-02 11:02:38,315 [main] INFO  [org.apache.catalina.core.StandardEngine] DirectJDKLog.java:173 - Starting Servlet engine: [Apache Tomcat/10.1.24]
2026-09-02 11:02:38,342 [main] INFO  [o.a.c.c.ContainerBase.[Tomcat].[localhost].[/api]] DirectJDKLog.java:173 - Initializing Spring embedded WebApplicationContext
2026-09-02 11:02:38,764 [main] INFO  [com.ehowms.redis.RedissonAutoConfiguration] RedissonAutoConfiguration.java:130 - 初始化 Redisson 配置
2026-09-02 11:02:38,851 [main] INFO  [org.redisson.Version] Version.java:43 - Redisson 3.32.0
2026-09-02 11:37:45,984 [main] INFO  [com.ehowms.admin.AdminApplication] StartupInfoLogger.java:50 - Starting AdminApplication v1.0.0 using Java 21.0.11 with PID 7 (/opt/apps/ehox-wms-encrypted.jar started by root in /opt/apps)
2026-09-02 11:37:45,996 [main] INFO  [com.ehowms.admin.AdminApplication] SpringApplication.java:660 - The following 1 profile is active: "prod-ehox"
2026-09-02 11:37:50,620 [main] INFO  [org.apache.coyote.http11.Http11NioProtocol] DirectJDKLog.java:173 - Initializing ProtocolHandler ["http-nio-8082"]
2026-09-02 11:37:50,627 [main] INFO  [org.apache.catalina.core.StandardService] DirectJDKLog.java:173 - Starting service [Tomcat]
2026-09-02 11:37:50,627 [main] INFO  [org.apache.catalina.core.StandardEngine] DirectJDKLog.java:173 - Starting Servlet engine: [Apache Tomcat/10.1.24]
2026-09-02 11:37:50,664 [main] INFO  [o.a.c.c.ContainerBase.[Tomcat].[localhost].[/api]] DirectJDKLog.java:173 - Initializing Spring embedded WebApplicationContext
2026-09-02 11:37:51,384 [main] INFO  [com.ehowms.redis.RedissonAutoConfiguration] RedissonAutoConfiguration.java:130 - 初始化 Redisson 配置
2026-09-02 11:37:51,593 [main] INFO  [org.redisson.Version] Version.java:43 - Redisson 3.32.0
2026-09-02 11:38:39,255 [main] INFO  [org.apache.catalina.core.StandardService] DirectJDKLog.java:173 - Stopping service [Tomcat]
2026-09-02 11:38:41,665 [main] INFO  [com.ehowms.admin.AdminApplication] StartupInfoLogger.java:50 - Starting AdminApplication v1.0.0 using Java 21.0.11 with PID 7 (/opt/apps/ehox-wms-encrypted.jar started by root in /opt/apps)
2026-09-02 11:38:41,668 [main] INFO  [com.ehowms.admin.AdminApplication] SpringApplication.java:660 - The following 1 profile is active: "prod-ehox"
2026-09-02 11:38:44,606 [main] INFO  [org.apache.coyote.http11.Http11NioProtocol] DirectJDKLog.java:173 - Initializing ProtocolHandler ["http-nio-8082"]
2026-09-02 11:38:44,608 [main] INFO  [org.apache.catalina.core.StandardService] DirectJDKLog.java:173 - Starting service [Tomcat]
2026-09-02 11:38:44,608 [main] INFO  [org.apache.catalina.core.StandardEngine] DirectJDKLog.java:173 - Starting Servlet engine: [Apache Tomcat/10.1.24]
2026-09-02 11:38:44,634 [main] INFO  [o.a.c.c.ContainerBase.[Tomcat].[localhost].[/api]] DirectJDKLog.java:173 - Initializing Spring embedded WebApplicationContext
2026-09-02 11:38:45,046 [main] INFO  [com.ehowms.redis.RedissonAutoConfiguration] RedissonAutoConfiguration.java:130 - 初始化 Redisson 配置
2026-09-02 11:38:45,136 [main] INFO  [org.redisson.Version] Version.java:43 - Redisson 3.32.0
2026-09-02 11:39:31,847 [main] INFO  [org.apache.catalina.core.StandardService] DirectJDKLog.java:173 - Stopping service [Tomcat]
2026-09-02 11:39:34,176 [main] INFO  [com.ehowms.admin.AdminApplication] StartupInfoLogger.java:50 - Starting AdminApplication v1.0.0 using Java 21.0.11 with PID 7 (/opt/apps/ehox-wms-encrypted.jar started by root in /opt/apps)
2026-09-02 11:39:34,179 [main] INFO  [com.ehowms.admin.AdminApplication] SpringApplication.java:660 - The following 1 profile is active: "prod-ehox"
2026-09-02 11:39:36,965 [main] INFO  [org.apache.coyote.http11.Http11NioProtocol] DirectJDKLog.java:173 - Initializing ProtocolHandler ["http-nio-8082"]
2026-09-02 11:39:36,966 [main] INFO  [org.apache.catalina.core.StandardService] DirectJDKLog.java:173 - Starting service [Tomcat]
2026-09-02 11:39:36,966 [main] INFO  [org.apache.catalina.core.StandardEngine] DirectJDKLog.java:173 - Starting Servlet engine: [Apache Tomcat/10.1.24]
2026-09-02 11:39:36,986 [main] INFO  [o.a.c.c.ContainerBase.[Tomcat].[localhost].[/api]] DirectJDKLog.java:173 - Initializing Spring embedded WebApplicationContext
2026-09-02 11:39:37,348 [main] INFO  [com.ehowms.redis.RedissonAutoConfiguration] RedissonAutoConfiguration.java:130 - 初始化 Redisson 配置
2026-09-02 11:39:37,428 [main] INFO  [org.redisson.Version] Version.java:43 - Redisson 3.32.0
2026-09-02 11:40:24,138 [main] INFO  [org.apache.catalina.core.StandardService] DirectJDKLog.java:173 - Stopping service [Tomcat]
2026-09-02 11:40:26,444 [main] INFO  [com.ehowms.admin.AdminApplication] StartupInfoLogger.java:50 - Starting AdminApplication v1.0.0 using Java 21.0.11 with PID 7 (/opt/apps/ehox-wms-encrypted.jar started by root in /opt/apps)
2026-09-02 11:40:26,448 [main] INFO  [com.ehowms.admin.AdminApplication] SpringApplication.java:660 - The following 1 profile is active: "prod-ehox"
2026-09-02 11:40:29,397 [main] INFO  [org.apache.coyote.http11.Http11NioProtocol] DirectJDKLog.java:173 - Initializing ProtocolHandler ["http-nio-8082"]
2026-09-02 11:40:29,399 [main] INFO  [org.apache.catalina.core.StandardService] DirectJDKLog.java:173 - Starting service [Tomcat]
2026-09-02 11:40:29,399 [main] INFO  [org.apache.catalina.core.StandardEngine] DirectJDKLog.java:173 - Starting Servlet engine: [Apache Tomcat/10.1.24]
2026-09-02 11:40:29,423 [main] INFO  [o.a.c.c.ContainerBase.[Tomcat].[localhost].[/api]] DirectJDKLog.java:173 - Initializing Spring embedded WebApplicationContext
2026-09-02 11:40:29,802 [main] INFO  [com.ehowms.redis.RedissonAutoConfiguration] RedissonAutoConfiguration.java:130 - 初始化 Redisson 配置
2026-09-02 11:40:29,887 [main] INFO  [org.redisson.Version] Version.java:43 - Redisson 3.32.0
2026-09-02 11:41:16,602 [main] INFO  [org.apache.catalina.core.StandardService] DirectJDKLog.java:173 - Stopping service [Tomcat]
2026-09-02 11:41:18,104 [main] INFO  [com.ehowms.admin.AdminApplication] StartupInfoLogger.java:50 - Starting AdminApplication v1.0.0 using Java 21.0.11 with PID 7 (/opt/apps/ehox-wms-encrypted.jar started by root in /opt/apps)
2026-09-02 11:41:18,108 [main] INFO  [com.ehowms.admin.AdminApplication] SpringApplication.java:660 - The following 1 profile is active: "prod-ehox"
2026-09-02 11:41:21,017 [main] INFO  [org.apache.coyote.http11.Http11NioProtocol] DirectJDKLog.java:173 - Initializing ProtocolHandler ["http-nio-8082"]
2026-09-02 11:41:21,018 [main] INFO  [org.apache.catalina.core.StandardService] DirectJDKLog.java:173 - Starting service [Tomcat]
2026-09-02 11:41:21,018 [main] INFO  [org.apache.catalina.core.StandardEngine] DirectJDKLog.java:173 - Starting Servlet engine: [Apache Tomcat/10.1.24]
2026-09-02 11:41:21,041 [main] INFO  [o.a.c.c.ContainerBase.[Tomcat].[localhost].[/api]] DirectJDKLog.java:173 - Initializing Spring embedded WebApplicationContext
2026-09-02 11:41:21,411 [main] INFO  [com.ehowms.redis.RedissonAutoConfiguration] RedissonAutoConfiguration.java:130 - 初始化 Redisson 配置
2026-09-02 11:41:21,501 [main] INFO  [org.redisson.Version] Version.java:43 - Redisson 3.32.0
2026-09-02 11:42:08,233 [main] INFO  [org.apache.catalina.core.StandardService] DirectJDKLog.java:173 - Stopping service [Tomcat]
2026-09-02 11:42:25,935 [main] INFO  [com.ehowms.admin.AdminApplication] StartupInfoLogger.java:50 - Starting AdminApplication v1.0.0 using Java 21.0.11 with PID 7 (/opt/apps/ehox-wms-encrypted.jar started by root in /opt/apps)
2026-09-02 11:42:25,946 [main] INFO  [com.ehowms.admin.AdminApplication] SpringApplication.java:660 - The following 1 profile is active: "prod-ehox"
2026-09-02 11:42:32,285 [main] INFO  [org.apache.coyote.http11.Http11NioProtocol] DirectJDKLog.java:173 - Initializing ProtocolHandler ["http-nio-8082"]
2026-09-02 11:42:32,292 [main] INFO  [org.apache.catalina.core.StandardService] DirectJDKLog.java:173 - Starting service [Tomcat]
2026-09-02 11:42:32,292 [main] INFO  [org.apache.catalina.core.StandardEngine] DirectJDKLog.java:173 - Starting Servlet engine: [Apache Tomcat/10.1.24]
2026-09-02 11:42:32,379 [main] INFO  [o.a.c.c.ContainerBase.[Tomcat].[localhost].[/api]] DirectJDKLog.java:173 - Initializing Spring embedded WebApplicationContext
2026-09-02 11:42:33,343 [main] INFO  [com.ehowms.redis.RedissonAutoConfiguration] RedissonAutoConfiguration.java:130 - 初始化 Redisson 配置
2026-09-02 11:42:33,552 [main] INFO  [org.redisson.Version] Version.java:43 - Redisson 3.32.0
2026-09-02 11:43:20,653 [main] INFO  [org.apache.catalina.core.StandardService] DirectJDKLog.java:173 - Stopping service [Tomcat]
2026-09-02 11:43:22,422 [main] INFO  [com.ehowms.admin.AdminApplication] StartupInfoLogger.java:50 - Starting AdminApplication v1.0.0 using Java 21.0.11 with PID 7 (/opt/apps/ehox-wms-encrypted.jar started by root in /opt/apps)
2026-09-02 11:43:22,428 [main] INFO  [com.ehowms.admin.AdminApplication] SpringApplication.java:660 - The following 1 profile is active: "prod-ehox"
2026-09-02 11:43:25,180 [main] INFO  [org.apache.coyote.http11.Http11NioProtocol] DirectJDKLog.java:173 - Initializing ProtocolHandler ["http-nio-8082"]
2026-09-02 11:43:25,181 [main] INFO  [org.apache.catalina.core.StandardService] DirectJDKLog.java:173 - Starting service [Tomcat]
2026-09-02 11:43:25,181 [main] INFO  [org.apache.catalina.core.StandardEngine] DirectJDKLog.java:173 - Starting Servlet engine: [Apache Tomcat/10.1.24]
2026-09-02 11:43:25,207 [main] INFO  [o.a.c.c.ContainerBase.[Tomcat].[localhost].[/api]] DirectJDKLog.java:173 - Initializing Spring embedded WebApplicationContext
2026-09-02 11:43:25,568 [main] INFO  [com.ehowms.redis.RedissonAutoConfiguration] RedissonAutoConfiguration.java:130 - 初始化 Redisson 配置
2026-09-02 11:43:25,650 [main] INFO  [org.redisson.Version] Version.java:43 - Redisson 3.32.0
2026-09-02 11:44:12,398 [main] INFO  [org.apache.catalina.core.StandardService] DirectJDKLog.java:173 - Stopping service [Tomcat]
2026-09-02 11:44:14,695 [main] INFO  [com.ehowms.admin.AdminApplication] StartupInfoLogger.java:50 - Starting AdminApplication v1.0.0 using Java 21.0.11 with PID 7 (/opt/apps/ehox-wms-encrypted.jar started by root in /opt/apps)
2026-09-02 11:44:14,698 [main] INFO  [com.ehowms.admin.AdminApplication] SpringApplication.java:660 - The following 1 profile is active: "prod-ehox"
2026-09-02 11:44:17,404 [main] INFO  [org.apache.coyote.http11.Http11NioProtocol] DirectJDKLog.java:173 - Initializing ProtocolHandler ["http-nio-8082"]
2026-09-02 11:44:17,405 [main] INFO  [org.apache.catalina.core.StandardService] DirectJDKLog.java:173 - Starting service [Tomcat]
2026-09-02 11:44:17,405 [main] INFO  [org.apache.catalina.core.StandardEngine] DirectJDKLog.java:173 - Starting Servlet engine: [Apache Tomcat/10.1.24]
2026-09-02 11:44:17,426 [main] INFO  [o.a.c.c.ContainerBase.[Tomcat].[localhost].[/api]] DirectJDKLog.java:173 - Initializing Spring embedded WebApplicationContext
2026-09-02 11:44:17,803 [main] INFO  [com.ehowms.redis.RedissonAutoConfiguration] RedissonAutoConfiguration.java:130 - 初始化 Redisson 配置
2026-09-02 11:44:17,877 [main] INFO  [org.redisson.Version] Version.java:43 - Redisson 3.32.0
2026-09-02 11:45:04,588 [main] INFO  [org.apache.catalina.core.StandardService] DirectJDKLog.java:173 - Stopping service [Tomcat]
2026-09-02 11:45:06,110 [main] INFO  [com.ehowms.admin.AdminApplication] StartupInfoLogger.java:50 - Starting AdminApplication v1.0.0 using Java 21.0.11 with PID 7 (/opt/apps/ehox-wms-encrypted.jar started by root in /opt/apps)
2026-09-02 11:45:06,114 [main] INFO  [com.ehowms.admin.AdminApplication] SpringApplication.java:660 - The following 1 profile is active: "prod-ehox"
2026-09-02 11:45:09,000 [main] INFO  [org.apache.coyote.http11.Http11NioProtocol] DirectJDKLog.java:173 - Initializing ProtocolHandler ["http-nio-8082"]
2026-09-02 11:45:09,001 [main] INFO  [org.apache.catalina.core.StandardService] DirectJDKLog.java:173 - Starting service [Tomcat]
2026-09-02 11:45:09,001 [main] INFO  [org.apache.catalina.core.StandardEngine] DirectJDKLog.java:173 - Starting Servlet engine: [Apache Tomcat/10.1.24]
2026-09-02 11:45:09,024 [main] INFO  [o.a.c.c.ContainerBase.[Tomcat].[localhost].[/api]] DirectJDKLog.java:173 - Initializing Spring embedded WebApplicationContext
2026-09-02 11:45:09,394 [main] INFO  [com.ehowms.redis.RedissonAutoConfiguration] RedissonAutoConfiguration.java:130 - 初始化 Redisson 配置
2026-09-02 11:45:09,478 [main] INFO  [org.redisson.Version] Version.java:43 - Redisson 3.32.0
2026-09-02 11:45:56,207 [main] INFO  [org.apache.catalina.core.StandardService] DirectJDKLog.java:173 - Stopping service [Tomcat]
2026-09-02 11:45:57,668 [main] INFO  [com.ehowms.admin.AdminApplication] StartupInfoLogger.java:50 - Starting AdminApplication v1.0.0 using Java 21.0.11 with PID 7 (/opt/apps/ehox-wms-encrypted.jar started by root in /opt/apps)
2026-09-02 11:45:57,671 [main] INFO  [com.ehowms.admin.AdminApplication] SpringApplication.java:660 - The following 1 profile is active: "prod-ehox"
2026-09-02 11:46:00,398 [main] INFO  [org.apache.coyote.http11.Http11NioProtocol] DirectJDKLog.java:173 - Initializing ProtocolHandler ["http-nio-8082"]
2026-09-02 11:46:00,400 [main] INFO  [org.apache.catalina.core.StandardService] DirectJDKLog.java:173 - Starting service [Tomcat]
2026-09-02 11:46:00,400 [main] INFO  [org.apache.catalina.core.StandardEngine] DirectJDKLog.java:173 - Starting Servlet engine: [Apache Tomcat/10.1.24]
2026-09-02 11:46:00,425 [main] INFO  [o.a.c.c.ContainerBase.[Tomcat].[localhost].[/api]] DirectJDKLog.java:173 - Initializing Spring embedded WebApplicationContext
2026-09-02 11:46:00,789 [main] INFO  [com.ehowms.redis.RedissonAutoConfiguration] RedissonAutoConfiguration.java:130 - 初始化 Redisson 配置
2026-09-02 11:46:00,866 [main] INFO  [org.redisson.Version] Version.java:43 - Redisson 3.32.0
2026-09-02 11:46:40,631 [main] INFO  [org.apache.catalina.core.StandardService] DirectJDKLog.java:173 - Stopping service [Tomcat]
2026-09-02 11:46:42,081 [main] INFO  [com.ehowms.admin.AdminApplication] StartupInfoLogger.java:50 - Starting AdminApplication v1.0.0 using Java 21.0.11 with PID 7 (/opt/apps/ehox-wms-encrypted.jar started by root in /opt/apps)
2026-09-02 11:46:42,084 [main] INFO  [com.ehowms.admin.AdminApplication] SpringApplication.java:660 - The following 1 profile is active: "prod-ehox"
2026-09-02 11:46:44,833 [main] INFO  [org.apache.coyote.http11.Http11NioProtocol] DirectJDKLog.java:173 - Initializing ProtocolHandler ["http-nio-8082"]
2026-09-02 11:46:44,834 [main] INFO  [org.apache.catalina.core.StandardService] DirectJDKLog.java:173 - Starting service [Tomcat]
2026-09-02 11:46:44,834 [main] INFO  [org.apache.catalina.core.StandardEngine] DirectJDKLog.java:173 - Starting Servlet engine: [Apache Tomcat/10.1.24]
2026-09-02 11:46:44,857 [main] INFO  [o.a.c.c.ContainerBase.[Tomcat].[localhost].[/api]] DirectJDKLog.java:173 - Initializing Spring embedded WebApplicationContext
2026-09-02 11:46:45,223 [main] INFO  [com.ehowms.redis.RedissonAutoConfiguration] RedissonAutoConfiguration.java:130 - 初始化 Redisson 配置
2026-09-02 11:46:45,301 [main] INFO  [org.redisson.Version] Version.java:43 - Redisson 3.32.0
2026-09-02 11:47:32,009 [main] INFO  [org.apache.catalina.core.StandardService] DirectJDKLog.java:173 - Stopping service [Tomcat]
2026-09-02 11:47:33,465 [main] INFO  [com.ehowms.admin.AdminApplication] StartupInfoLogger.java:50 - Starting AdminApplication v1.0.0 using Java 21.0.11 with PID 7 (/opt/apps/ehox-wms-encrypted.jar started by root in /opt/apps)
2026-09-02 11:47:33,469 [main] INFO  [com.ehowms.admin.AdminApplication] SpringApplication.java:660 - The following 1 profile is active: "prod-ehox"
2026-09-02 11:47:36,543 [main] INFO  [org.apache.coyote.http11.Http11NioProtocol] DirectJDKLog.java:173 - Initializing ProtocolHandler ["http-nio-8082"]
2026-09-02 11:47:36,546 [main] INFO  [org.apache.catalina.core.StandardService] DirectJDKLog.java:173 - Starting service [Tomcat]
2026-09-02 11:47:36,546 [main] INFO  [org.apache.catalina.core.StandardEngine] DirectJDKLog.java:173 - Starting Servlet engine: [Apache Tomcat/10.1.24]
2026-09-02 11:47:36,572 [main] INFO  [o.a.c.c.ContainerBase.[Tomcat].[localhost].[/api]] DirectJDKLog.java:173 - Initializing Spring embedded WebApplicationContext
2026-09-02 11:47:36,956 [main] INFO  [com.ehowms.redis.RedissonAutoConfiguration] RedissonAutoConfiguration.java:130 - 初始化 Redisson 配置
2026-09-02 11:47:37,040 [main] INFO  [org.redisson.Version] Version.java:43 - Redisson 3.32.0
2026-09-02 11:48:23,769 [main] INFO  [org.apache.catalina.core.StandardService] DirectJDKLog.java:173 - Stopping service [Tomcat]
2026-09-02 11:48:25,221 [main] INFO  [com.ehowms.admin.AdminApplication] StartupInfoLogger.java:50 - Starting AdminApplication v1.0.0 using Java 21.0.11 with PID 7 (/opt/apps/ehox-wms-encrypted.jar started by root in /opt/apps)
2026-09-02 11:48:25,226 [main] INFO  [com.ehowms.admin.AdminApplication] SpringApplication.java:660 - The following 1 profile is active: "prod-ehox"
2026-09-02 11:48:28,019 [main] INFO  [org.apache.coyote.http11.Http11NioProtocol] DirectJDKLog.java:173 - Initializing ProtocolHandler ["http-nio-8082"]
2026-09-02 11:48:28,020 [main] INFO  [org.apache.catalina.core.StandardService] DirectJDKLog.java:173 - Starting service [Tomcat]
2026-09-02 11:48:28,020 [main] INFO  [org.apache.catalina.core.StandardEngine] DirectJDKLog.java:173 - Starting Servlet engine: [Apache Tomcat/10.1.24]
2026-09-02 11:48:28,046 [main] INFO  [o.a.c.c.ContainerBase.[Tomcat].[localhost].[/api]] DirectJDKLog.java:173 - Initializing Spring embedded WebApplicationContext
2026-09-02 11:48:28,412 [main] INFO  [com.ehowms.redis.RedissonAutoConfiguration] RedissonAutoConfiguration.java:130 - 初始化 Redisson 配置
2026-09-02 11:48:28,493 [main] INFO  [org.redisson.Version] Version.java:43 - Redisson 3.32.0
2026-09-02 11:49:15,228 [main] INFO  [org.apache.catalina.core.StandardService] DirectJDKLog.java:173 - Stopping service [Tomcat]
2026-09-02 11:49:16,772 [main] INFO  [com.ehowms.admin.AdminApplication] StartupInfoLogger.java:50 - Starting AdminApplication v1.0.0 using Java 21.0.11 with PID 7 (/opt/apps/ehox-wms-encrypted.jar started by root in /opt/apps)
2026-09-02 11:49:16,776 [main] INFO  [com.ehowms.admin.AdminApplication] SpringApplication.java:660 - The following 1 profile is active: "prod-ehox"
2026-09-02 11:49:19,798 [main] INFO  [org.apache.coyote.http11.Http11NioProtocol] DirectJDKLog.java:173 - Initializing ProtocolHandler ["http-nio-8082"]
2026-09-02 11:49:19,805 [main] INFO  [org.apache.catalina.core.StandardService] DirectJDKLog.java:173 - Starting service [Tomcat]
2026-09-02 11:49:19,805 [main] INFO  [org.apache.catalina.core.StandardEngine] DirectJDKLog.java:173 - Starting Servlet engine: [Apache Tomcat/10.1.24]
2026-09-02 11:49:19,829 [main] INFO  [o.a.c.c.ContainerBase.[Tomcat].[localhost].[/api]] DirectJDKLog.java:173 - Initializing Spring embedded WebApplicationContext
2026-09-02 11:49:20,206 [main] INFO  [com.ehowms.redis.RedissonAutoConfiguration] RedissonAutoConfiguration.java:130 - 初始化 Redisson 配置
2026-09-02 11:49:20,288 [main] INFO  [org.redisson.Version] Version.java:43 - Redisson 3.32.0
2026-09-02 11:50:07,015 [main] INFO  [org.apache.catalina.core.StandardService] DirectJDKLog.java:173 - Stopping service [Tomcat]
2026-09-02 11:50:08,475 [main] INFO  [com.ehowms.admin.AdminApplication] StartupInfoLogger.java:50 - Starting AdminApplication v1.0.0 using Java 21.0.11 with PID 7 (/opt/apps/ehox-wms-encrypted.jar started by root in /opt/apps)
2026-09-02 11:50:08,478 [main] INFO  [com.ehowms.admin.AdminApplication] SpringApplication.java:660 - The following 1 profile is active: "prod-ehox"
2026-09-02 11:50:11,354 [main] INFO  [org.apache.coyote.http11.Http11NioProtocol] DirectJDKLog.java:173 - Initializing ProtocolHandler ["http-nio-8082"]
2026-09-02 11:50:11,355 [main] INFO  [org.apache.catalina.core.StandardService] DirectJDKLog.java:173 - Starting service [Tomcat]
2026-09-02 11:50:11,355 [main] INFO  [org.apache.catalina.core.StandardEngine] DirectJDKLog.java:173 - Starting Servlet engine: [Apache Tomcat/10.1.24]
2026-09-02 11:50:11,383 [main] INFO  [o.a.c.c.ContainerBase.[Tomcat].[localhost].[/api]] DirectJDKLog.java:173 - Initializing Spring embedded WebApplicationContext
2026-09-02 11:50:11,759 [main] INFO  [com.ehowms.redis.RedissonAutoConfiguration] RedissonAutoConfiguration.java:130 - 初始化 Redisson 配置
2026-09-02 11:50:11,840 [main] INFO  [org.redisson.Version] Version.java:43 - Redisson 3.32.0
2026-09-02 11:50:58,557 [main] INFO  [org.apache.catalina.core.StandardService] DirectJDKLog.java:173 - Stopping service [Tomcat]
2026-09-02 11:51:00,192 [main] INFO  [com.ehowms.admin.AdminApplication] StartupInfoLogger.java:50 - Starting AdminApplication v1.0.0 using Java 21.0.11 with PID 7 (/opt/apps/ehox-wms-encrypted.jar started by root in /opt/apps)
2026-09-02 11:51:00,195 [main] INFO  [com.ehowms.admin.AdminApplication] SpringApplication.java:660 - The following 1 profile is active: "prod-ehox"
2026-09-02 11:51:03,273 [main] INFO  [org.apache.coyote.http11.Http11NioProtocol] DirectJDKLog.java:173 - Initializing ProtocolHandler ["http-nio-8082"]
2026-09-02 11:51:03,274 [main] INFO  [org.apache.catalina.core.StandardService] DirectJDKLog.java:173 - Starting service [Tomcat]
2026-09-02 11:51:03,274 [main] INFO  [org.apache.catalina.core.StandardEngine] DirectJDKLog.java:173 - Starting Servlet engine: [Apache Tomcat/10.1.24]
2026-09-02 11:51:03,301 [main] INFO  [o.a.c.c.ContainerBase.[Tomcat].[localhost].[/api]] DirectJDKLog.java:173 - Initializing Spring embedded WebApplicationContext
2026-09-02 11:51:03,683 [main] INFO  [com.ehowms.redis.RedissonAutoConfiguration] RedissonAutoConfiguration.java:130 - 初始化 Redisson 配置
2026-09-02 11:51:03,768 [main] INFO  [org.redisson.Version] Version.java:43 - Redisson 3.32.0
2026-09-02 11:51:50,497 [main] INFO  [org.apache.catalina.core.StandardService] DirectJDKLog.java:173 - Stopping service [Tomcat]
2026-09-02 11:51:52,803 [main] INFO  [com.ehowms.admin.AdminApplication] StartupInfoLogger.java:50 - Starting AdminApplication v1.0.0 using Java 21.0.11 with PID 7 (/opt/apps/ehox-wms-encrypted.jar started by root in /opt/apps)
2026-09-02 11:51:52,808 [main] INFO  [com.ehowms.admin.AdminApplication] SpringApplication.java:660 - The following 1 profile is active: "prod-ehox"
2026-09-02 11:51:55,715 [main] INFO  [org.apache.coyote.http11.Http11NioProtocol] DirectJDKLog.java:173 - Initializing ProtocolHandler ["http-nio-8082"]
2026-09-02 11:51:55,716 [main] INFO  [org.apache.catalina.core.StandardService] DirectJDKLog.java:173 - Starting service [Tomcat]
2026-09-02 11:51:55,717 [main] INFO  [org.apache.catalina.core.StandardEngine] DirectJDKLog.java:173 - Starting Servlet engine: [Apache Tomcat/10.1.24]
2026-09-02 11:51:55,744 [main] INFO  [o.a.c.c.ContainerBase.[Tomcat].[localhost].[/api]] DirectJDKLog.java:173 - Initializing Spring embedded WebApplicationContext
2026-09-02 11:51:56,107 [main] INFO  [com.ehowms.redis.RedissonAutoConfiguration] RedissonAutoConfiguration.java:130 - 初始化 Redisson 配置
2026-09-02 11:51:56,193 [main] INFO  [org.redisson.Version] Version.java:43 - Redisson 3.32.0
2026-09-02 11:52:42,905 [main] INFO  [org.apache.catalina.core.StandardService] DirectJDKLog.java:173 - Stopping service [Tomcat]
2026-09-02 11:52:44,456 [main] INFO  [com.ehowms.admin.AdminApplication] StartupInfoLogger.java:50 - Starting AdminApplication v1.0.0 using Java 21.0.11 with PID 7 (/opt/apps/ehox-wms-encrypted.jar started by root in /opt/apps)
2026-09-02 11:52:44,461 [main] INFO  [com.ehowms.admin.AdminApplication] SpringApplication.java:660 - The following 1 profile is active: "prod-ehox"
2026-09-02 11:52:47,507 [main] INFO  [org.apache.coyote.http11.Http11NioProtocol] DirectJDKLog.java:173 - Initializing ProtocolHandler ["http-nio-8082"]
2026-09-02 11:52:47,508 [main] INFO  [org.apache.catalina.core.StandardService] DirectJDKLog.java:173 - Starting service [Tomcat]
2026-09-02 11:52:47,508 [main] INFO  [org.apache.catalina.core.StandardEngine] DirectJDKLog.java:173 - Starting Servlet engine: [Apache Tomcat/10.1.24]
2026-09-02 11:52:47,532 [main] INFO  [o.a.c.c.ContainerBase.[Tomcat].[localhost].[/api]] DirectJDKLog.java:173 - Initializing Spring embedded WebApplicationContext
2026-09-02 11:52:47,918 [main] INFO  [com.ehowms.redis.RedissonAutoConfiguration] RedissonAutoConfiguration.java:130 - 初始化 Redisson 配置
2026-09-02 11:52:47,997 [main] INFO  [org.redisson.Version] Version.java:43 - Redisson 3.32.0
2026-09-02 11:53:34,717 [main] INFO  [org.apache.catalina.core.StandardService] DirectJDKLog.java:173 - Stopping service [Tomcat]
2026-09-02 11:53:36,184 [main] INFO  [com.ehowms.admin.AdminApplication] StartupInfoLogger.java:50 - Starting AdminApplication v1.0.0 using Java 21.0.11 with PID 7 (/opt/apps/ehox-wms-encrypted.jar started by root in /opt/apps)
2026-09-02 11:53:36,188 [main] INFO  [com.ehowms.admin.AdminApplication] SpringApplication.java:660 - The following 1 profile is active: "prod-ehox"
2026-09-02 11:53:39,024 [main] INFO  [org.apache.coyote.http11.Http11NioProtocol] DirectJDKLog.java:173 - Initializing ProtocolHandler ["http-nio-8082"]
2026-09-02 11:53:39,025 [main] INFO  [org.apache.catalina.core.StandardService] DirectJDKLog.java:173 - Starting service [Tomcat]
2026-09-02 11:53:39,026 [main] INFO  [org.apache.catalina.core.StandardEngine] DirectJDKLog.java:173 - Starting Servlet engine: [Apache Tomcat/10.1.24]
2026-09-02 11:53:39,048 [main] INFO  [o.a.c.c.ContainerBase.[Tomcat].[localhost].[/api]] DirectJDKLog.java:173 - Initializing Spring embedded WebApplicationContext
2026-09-02 11:53:39,427 [main] INFO  [com.ehowms.redis.RedissonAutoConfiguration] RedissonAutoConfiguration.java:130 - 初始化 Redisson 配置
2026-09-02 11:53:39,507 [main] INFO  [org.redisson.Version] Version.java:43 - Redisson 3.32.0
2026-09-02 11:54:26,210 [main] INFO  [org.apache.catalina.core.StandardService] DirectJDKLog.java:173 - Stopping service [Tomcat]
2026-09-02 11:54:27,691 [main] INFO  [com.ehowms.admin.AdminApplication] StartupInfoLogger.java:50 - Starting AdminApplication v1.0.0 using Java 21.0.11 with PID 7 (/opt/apps/ehox-wms-encrypted.jar started by root in /opt/apps)
2026-09-02 11:54:27,694 [main] INFO  [com.ehowms.admin.AdminApplication] SpringApplication.java:660 - The following 1 profile is active: "prod-ehox"
2026-09-02 11:54:30,781 [main] INFO  [org.apache.coyote.http11.Http11NioProtocol] DirectJDKLog.java:173 - Initializing ProtocolHandler ["http-nio-8082"]
2026-09-02 11:54:30,783 [main] INFO  [org.apache.catalina.core.StandardService] DirectJDKLog.java:173 - Starting service [Tomcat]
2026-09-02 11:54:30,783 [main] INFO  [org.apache.catalina.core.StandardEngine] DirectJDKLog.java:173 - Starting Servlet engine: [Apache Tomcat/10.1.24]
2026-09-02 11:54:30,807 [main] INFO  [o.a.c.c.ContainerBase.[Tomcat].[localhost].[/api]] DirectJDKLog.java:173 - Initializing Spring embedded WebApplicationContext
2026-09-02 11:54:31,222 [main] INFO  [com.ehowms.redis.RedissonAutoConfiguration] RedissonAutoConfiguration.java:130 - 初始化 Redisson 配置
2026-09-02 11:54:31,312 [main] INFO  [org.redisson.Version] Version.java:43 - Redisson 3.32.0
2026-09-02 11:55:18,046 [main] INFO  [org.apache.catalina.core.StandardService] DirectJDKLog.java:173 - Stopping service [Tomcat]
2026-09-02 11:55:20,382 [main] INFO  [com.ehowms.admin.AdminApplication] StartupInfoLogger.java:50 - Starting AdminApplication v1.0.0 using Java 21.0.11 with PID 7 (/opt/apps/ehox-wms-encrypted.jar started by root in /opt/apps)
2026-09-02 11:55:20,386 [main] INFO  [com.ehowms.admin.AdminApplication] SpringApplication.java:660 - The following 1 profile is active: "prod-ehox"
2026-09-02 11:55:23,268 [main] INFO  [org.apache.coyote.http11.Http11NioProtocol] DirectJDKLog.java:173 - Initializing ProtocolHandler ["http-nio-8082"]
2026-09-02 11:55:23,270 [main] INFO  [org.apache.catalina.core.StandardService] DirectJDKLog.java:173 - Starting service [Tomcat]
2026-09-02 11:55:23,270 [main] INFO  [org.apache.catalina.core.StandardEngine] DirectJDKLog.java:173 - Starting Servlet engine: [Apache Tomcat/10.1.24]
2026-09-02 11:55:23,294 [main] INFO  [o.a.c.c.ContainerBase.[Tomcat].[localhost].[/api]] DirectJDKLog.java:173 - Initializing Spring embedded WebApplicationContext
2026-09-02 11:55:23,658 [main] INFO  [com.ehowms.redis.RedissonAutoConfiguration] RedissonAutoConfiguration.java:130 - 初始化 Redisson 配置
2026-09-02 11:55:23,739 [main] INFO  [org.redisson.Version] Version.java:43 - Redisson 3.32.0
2026-09-02 11:56:10,459 [main] INFO  [org.apache.catalina.core.StandardService] DirectJDKLog.java:173 - Stopping service [Tomcat]
2026-09-02 11:56:12,850 [main] INFO  [com.ehowms.admin.AdminApplication] StartupInfoLogger.java:50 - Starting AdminApplication v1.0.0 using Java 21.0.11 with PID 7 (/opt/apps/ehox-wms-encrypted.jar started by root in /opt/apps)
2026-09-02 11:56:12,854 [main] INFO  [com.ehowms.admin.AdminApplication] SpringApplication.java:660 - The following 1 profile is active: "prod-ehox"
2026-09-02 11:56:15,869 [main] INFO  [org.apache.coyote.http11.Http11NioProtocol] DirectJDKLog.java:173 - Initializing ProtocolHandler ["http-nio-8082"]
2026-09-02 11:56:15,870 [main] INFO  [org.apache.catalina.core.StandardService] DirectJDKLog.java:173 - Starting service [Tomcat]
2026-09-02 11:56:15,870 [main] INFO  [org.apache.catalina.core.StandardEngine] DirectJDKLog.java:173 - Starting Servlet engine: [Apache Tomcat/10.1.24]
2026-09-02 11:56:15,892 [main] INFO  [o.a.c.c.ContainerBase.[Tomcat].[localhost].[/api]] DirectJDKLog.java:173 - Initializing Spring embedded WebApplicationContext
2026-09-02 11:56:16,274 [main] INFO  [com.ehowms.redis.RedissonAutoConfiguration] RedissonAutoConfiguration.java:130 - 初始化 Redisson 配置
2026-09-02 11:56:16,357 [main] INFO  [org.redisson.Version] Version.java:43 - Redisson 3.32.0
2026-09-02 11:57:03,048 [main] INFO  [org.apache.catalina.core.StandardService] DirectJDKLog.java:173 - Stopping service [Tomcat]
2026-09-02 11:57:04,507 [main] INFO  [com.ehowms.admin.AdminApplication] StartupInfoLogger.java:50 - Starting AdminApplication v1.0.0 using Java 21.0.11 with PID 7 (/opt/apps/ehox-wms-encrypted.jar started by root in /opt/apps)
2026-09-02 11:57:04,512 [main] INFO  [com.ehowms.admin.AdminApplication] SpringApplication.java:660 - The following 1 profile is active: "prod-ehox"
2026-09-02 11:57:07,384 [main] INFO  [org.apache.coyote.http11.Http11NioProtocol] DirectJDKLog.java:173 - Initializing ProtocolHandler ["http-nio-8082"]
2026-09-02 11:57:07,385 [main] INFO  [org.apache.catalina.core.StandardService] DirectJDKLog.java:173 - Starting service [Tomcat]
2026-09-02 11:57:07,385 [main] INFO  [org.apache.catalina.core.StandardEngine] DirectJDKLog.java:173 - Starting Servlet engine: [Apache Tomcat/10.1.24]
2026-09-02 11:57:07,407 [main] INFO  [o.a.c.c.ContainerBase.[Tomcat].[localhost].[/api]] DirectJDKLog.java:173 - Initializing Spring embedded WebApplicationContext
2026-09-02 11:57:07,771 [main] INFO  [com.ehowms.redis.RedissonAutoConfiguration] RedissonAutoConfiguration.java:130 - 初始化 Redisson 配置
2026-09-02 11:57:07,851 [main] INFO  [org.redisson.Version] Version.java:43 - Redisson 3.32.0
2026-09-02 11:57:54,562 [main] INFO  [org.apache.catalina.core.StandardService] DirectJDKLog.java:173 - Stopping service [Tomcat]
2026-09-02 11:57:56,939 [main] INFO  [com.ehowms.admin.AdminApplication] StartupInfoLogger.java:50 - Starting AdminApplication v1.0.0 using Java 21.0.11 with PID 7 (/opt/apps/ehox-wms-encrypted.jar started by root in /opt/apps)
2026-09-02 11:57:56,942 [main] INFO  [com.ehowms.admin.AdminApplication] SpringApplication.java:660 - The following 1 profile is active: "prod-ehox"
2026-09-02 11:58:00,012 [main] INFO  [org.apache.coyote.http11.Http11NioProtocol] DirectJDKLog.java:173 - Initializing ProtocolHandler ["http-nio-8082"]
2026-09-02 11:58:00,013 [main] INFO  [org.apache.catalina.core.StandardService] DirectJDKLog.java:173 - Starting service [Tomcat]
2026-09-02 11:58:00,014 [main] INFO  [org.apache.catalina.core.StandardEngine] DirectJDKLog.java:173 - Starting Servlet engine: [Apache Tomcat/10.1.24]
2026-09-02 11:58:00,036 [main] INFO  [o.a.c.c.ContainerBase.[Tomcat].[localhost].[/api]] DirectJDKLog.java:173 - Initializing Spring embedded WebApplicationContext
2026-09-02 11:58:00,430 [main] INFO  [com.ehowms.redis.RedissonAutoConfiguration] RedissonAutoConfiguration.java:130 - 初始化 Redisson 配置
2026-09-02 11:58:00,514 [main] INFO  [org.redisson.Version] Version.java:43 - Redisson 3.32.0
2026-09-02 11:58:47,229 [main] INFO  [org.apache.catalina.core.StandardService] DirectJDKLog.java:173 - Stopping service [Tomcat]
2026-09-02 11:58:49,582 [main] INFO  [com.ehowms.admin.AdminApplication] StartupInfoLogger.java:50 - Starting AdminApplication v1.0.0 using Java 21.0.11 with PID 7 (/opt/apps/ehox-wms-encrypted.jar started by root in /opt/apps)
2026-09-02 11:58:49,587 [main] INFO  [com.ehowms.admin.AdminApplication] SpringApplication.java:660 - The following 1 profile is active: "prod-ehox"
2026-09-02 11:58:52,421 [main] INFO  [org.apache.coyote.http11.Http11NioProtocol] DirectJDKLog.java:173 - Initializing ProtocolHandler ["http-nio-8082"]
2026-09-02 11:58:52,422 [main] INFO  [org.apache.catalina.core.StandardService] DirectJDKLog.java:173 - Starting service [Tomcat]
2026-09-02 11:58:52,423 [main] INFO  [org.apache.catalina.core.StandardEngine] DirectJDKLog.java:173 - Starting Servlet engine: [Apache Tomcat/10.1.24]
2026-09-02 11:58:52,445 [main] INFO  [o.a.c.c.ContainerBase.[Tomcat].[localhost].[/api]] DirectJDKLog.java:173 - Initializing Spring embedded WebApplicationContext
2026-09-02 11:58:52,812 [main] INFO  [com.ehowms.redis.RedissonAutoConfiguration] RedissonAutoConfiguration.java:130 - 初始化 Redisson 配置
2026-09-02 11:58:52,890 [main] INFO  [org.redisson.Version] Version.java:43 - Redisson 3.32.0
2026-09-02 11:59:39,603 [main] INFO  [org.apache.catalina.core.StandardService] DirectJDKLog.java:173 - Stopping service [Tomcat]
2026-09-02 11:59:42,058 [main] INFO  [com.ehowms.admin.AdminApplication] StartupInfoLogger.java:50 - Starting AdminApplication v1.0.0 using Java 21.0.11 with PID 7 (/opt/apps/ehox-wms-encrypted.jar started by root in /opt/apps)
2026-09-02 11:59:42,062 [main] INFO  [com.ehowms.admin.AdminApplication] SpringApplication.java:660 - The following 1 profile is active: "prod-ehox"
2026-09-02 11:59:45,028 [main] INFO  [org.apache.coyote.http11.Http11NioProtocol] DirectJDKLog.java:173 - Initializing ProtocolHandler ["http-nio-8082"]
2026-09-02 11:59:45,029 [main] INFO  [org.apache.catalina.core.StandardService] DirectJDKLog.java:173 - Starting service [Tomcat]
2026-09-02 11:59:45,029 [main] INFO  [org.apache.catalina.core.StandardEngine] DirectJDKLog.java:173 - Starting Servlet engine: [Apache Tomcat/10.1.24]
2026-09-02 11:59:45,051 [main] INFO  [o.a.c.c.ContainerBase.[Tomcat].[localhost].[/api]] DirectJDKLog.java:173 - Initializing Spring embedded WebApplicationContext
2026-09-02 11:59:45,421 [main] INFO  [com.ehowms.redis.RedissonAutoConfiguration] RedissonAutoConfiguration.java:130 - 初始化 Redisson 配置
2026-09-02 11:59:45,499 [main] INFO  [org.redisson.Version] Version.java:43 - Redisson 3.32.0
2026-09-02 12:00:32,196 [main] INFO  [org.apache.catalina.core.StandardService] DirectJDKLog.java:173 - Stopping service [Tomcat]
2026-09-02 12:00:33,668 [main] INFO  [com.ehowms.admin.AdminApplication] StartupInfoLogger.java:50 - Starting AdminApplication v1.0.0 using Java 21.0.11 with PID 7 (/opt/apps/ehox-wms-encrypted.jar started by root in /opt/apps)
2026-09-02 12:00:33,671 [main] INFO  [com.ehowms.admin.AdminApplication] SpringApplication.java:660 - The following 1 profile is active: "prod-ehox"
2026-09-02 12:00:36,462 [main] INFO  [org.apache.coyote.http11.Http11NioProtocol] DirectJDKLog.java:173 - Initializing ProtocolHandler ["http-nio-8082"]
2026-09-02 12:00:36,463 [main] INFO  [org.apache.catalina.core.StandardService] DirectJDKLog.java:173 - Starting service [Tomcat]
2026-09-02 12:00:36,463 [main] INFO  [org.apache.catalina.core.StandardEngine] DirectJDKLog.java:173 - Starting Servlet engine: [Apache Tomcat/10.1.24]
2026-09-02 12:00:36,485 [main] INFO  [o.a.c.c.ContainerBase.[Tomcat].[localhost].[/api]] DirectJDKLog.java:173 - Initializing Spring embedded WebApplicationContext
2026-09-02 12:00:36,846 [main] INFO  [com.ehowms.redis.RedissonAutoConfiguration] RedissonAutoConfiguration.java:130 - 初始化 Redisson 配置
2026-09-02 12:00:36,927 [main] INFO  [org.redisson.Version] Version.java:43 - Redisson 3.32.0
2026-09-02 12:01:23,626 [main] INFO  [org.apache.catalina.core.StandardService] DirectJDKLog.java:173 - Stopping service [Tomcat]
2026-09-02 12:01:25,196 [main] INFO  [com.ehowms.admin.AdminApplication] StartupInfoLogger.java:50 - Starting AdminApplication v1.0.0 using Java 21.0.11 with PID 7 (/opt/apps/ehox-wms-encrypted.jar started by root in /opt/apps)
2026-09-02 12:01:25,201 [main] INFO  [com.ehowms.admin.AdminApplication] SpringApplication.java:660 - The following 1 profile is active: "prod-ehox"
2026-09-02 12:01:28,195 [main] INFO  [org.apache.coyote.http11.Http11NioProtocol] DirectJDKLog.java:173 - Initializing ProtocolHandler ["http-nio-8082"]
2026-09-02 12:01:28,197 [main] INFO  [org.apache.catalina.core.StandardService] DirectJDKLog.java:173 - Starting service [Tomcat]
2026-09-02 12:01:28,197 [main] INFO  [org.apache.catalina.core.StandardEngine] DirectJDKLog.java:173 - Starting Servlet engine: [Apache Tomcat/10.1.24]
2026-09-02 12:01:28,219 [main] INFO  [o.a.c.c.ContainerBase.[Tomcat].[localhost].[/api]] DirectJDKLog.java:173 - Initializing Spring embedded WebApplicationContext
2026-09-02 12:01:28,572 [main] INFO  [com.ehowms.redis.RedissonAutoConfiguration] RedissonAutoConfiguration.java:130 - 初始化 Redisson 配置
2026-09-02 12:01:28,660 [main] INFO  [org.redisson.Version] Version.java:43 - Redisson 3.32.0
2026-09-02 12:02:15,394 [main] INFO  [org.apache.catalina.core.StandardService] DirectJDKLog.java:173 - Stopping service [Tomcat]
2026-09-02 12:02:16,861 [main] INFO  [com.ehowms.admin.AdminApplication] StartupInfoLogger.java:50 - Starting AdminApplication v1.0.0 using Java 21.0.11 with PID 7 (/opt/apps/ehox-wms-encrypted.jar started by root in /opt/apps)
2026-09-02 12:02:16,864 [main] INFO  [com.ehowms.admin.AdminApplication] SpringApplication.java:660 - The following 1 profile is active: "prod-ehox"
2026-09-02 12:02:19,716 [main] INFO  [org.apache.coyote.http11.Http11NioProtocol] DirectJDKLog.java:173 - Initializing ProtocolHandler ["http-nio-8082"]
2026-09-02 12:02:19,717 [main] INFO  [org.apache.catalina.core.StandardService] DirectJDKLog.java:173 - Starting service [Tomcat]
2026-09-02 12:02:19,717 [main] INFO  [org.apache.catalina.core.StandardEngine] DirectJDKLog.java:173 - Starting Servlet engine: [Apache Tomcat/10.1.24]
2026-09-02 12:02:19,744 [main] INFO  [o.a.c.c.ContainerBase.[Tomcat].[localhost].[/api]] DirectJDKLog.java:173 - Initializing Spring embedded WebApplicationContext
2026-09-02 12:02:20,095 [main] INFO  [com.ehowms.redis.RedissonAutoConfiguration] RedissonAutoConfiguration.java:130 - 初始化 Redisson 配置
2026-09-02 12:02:20,175 [main] INFO  [org.redisson.Version] Version.java:43 - Redisson 3.32.0
2026-09-02 12:03:06,879 [main] INFO  [org.apache.catalina.core.StandardService] DirectJDKLog.java:173 - Stopping service [Tomcat]
2026-09-02 12:03:08,432 [main] INFO  [com.ehowms.admin.AdminApplication] StartupInfoLogger.java:50 - Starting AdminApplication v1.0.0 using Java 21.0.11 with PID 7 (/opt/apps/ehox-wms-encrypted.jar started by root in /opt/apps)
2026-09-02 12:03:08,436 [main] INFO  [com.ehowms.admin.AdminApplication] SpringApplication.java:660 - The following 1 profile is active: "prod-ehox"
2026-09-02 12:03:11,486 [main] INFO  [org.apache.coyote.http11.Http11NioProtocol] DirectJDKLog.java:173 - Initializing ProtocolHandler ["http-nio-8082"]
2026-09-02 12:03:11,487 [main] INFO  [org.apache.catalina.core.StandardService] DirectJDKLog.java:173 - Starting service [Tomcat]
2026-09-02 12:03:11,488 [main] INFO  [org.apache.catalina.core.StandardEngine] DirectJDKLog.java:173 - Starting Servlet engine: [Apache Tomcat/10.1.24]
2026-09-02 12:03:11,510 [main] INFO  [o.a.c.c.ContainerBase.[Tomcat].[localhost].[/api]] DirectJDKLog.java:173 - Initializing Spring embedded WebApplicationContext
2026-09-02 12:03:11,873 [main] INFO  [com.ehowms.redis.RedissonAutoConfiguration] RedissonAutoConfiguration.java:130 - 初始化 Redisson 配置
2026-09-02 12:03:11,952 [main] INFO  [org.redisson.Version] Version.java:43 - Redisson 3.32.0
2026-09-02 12:03:49,694 [main] INFO  [org.apache.catalina.core.StandardService] DirectJDKLog.java:173 - Stopping service [Tomcat]
2026-09-02 12:03:51,137 [main] INFO  [com.ehowms.admin.AdminApplication] StartupInfoLogger.java:50 - Starting AdminApplication v1.0.0 using Java 21.0.11 with PID 7 (/opt/apps/ehox-wms-encrypted.jar started by root in /opt/apps)
2026-09-02 12:03:51,140 [main] INFO  [com.ehowms.admin.AdminApplication] SpringApplication.java:660 - The following 1 profile is active: "prod-ehox"
2026-09-02 12:03:53,874 [main] INFO  [org.apache.coyote.http11.Http11NioProtocol] DirectJDKLog.java:173 - Initializing ProtocolHandler ["http-nio-8082"]
2026-09-02 12:03:53,875 [main] INFO  [org.apache.catalina.core.StandardService] DirectJDKLog.java:173 - Starting service [Tomcat]
2026-09-02 12:03:53,876 [main] INFO  [org.apache.catalina.core.StandardEngine] DirectJDKLog.java:173 - Starting Servlet engine: [Apache Tomcat/10.1.24]
2026-09-02 12:03:53,900 [main] INFO  [o.a.c.c.ContainerBase.[Tomcat].[localhost].[/api]] DirectJDKLog.java:173 - Initializing Spring embedded WebApplicationContext
2026-09-02 12:03:54,268 [main] INFO  [com.ehowms.redis.RedissonAutoConfiguration] RedissonAutoConfiguration.java:130 - 初始化 Redisson 配置
2026-09-02 12:03:54,346 [main] INFO  [org.redisson.Version] Version.java:43 - Redisson 3.32.0
2026-09-02 12:04:38,214 [main] INFO  [org.apache.catalina.core.StandardService] DirectJDKLog.java:173 - Stopping service [Tomcat]
2026-09-02 12:04:39,665 [main] INFO  [com.ehowms.admin.AdminApplication] StartupInfoLogger.java:50 - Starting AdminApplication v1.0.0 using Java 21.0.11 with PID 7 (/opt/apps/ehox-wms-encrypted.jar started by root in /opt/apps)
2026-09-02 12:04:39,668 [main] INFO  [com.ehowms.admin.AdminApplication] SpringApplication.java:660 - The following 1 profile is active: "prod-ehox"
2026-09-02 12:04:42,390 [main] INFO  [org.apache.coyote.http11.Http11NioProtocol] DirectJDKLog.java:173 - Initializing ProtocolHandler ["http-nio-8082"]
2026-09-02 12:04:42,391 [main] INFO  [org.apache.catalina.core.StandardService] DirectJDKLog.java:173 - Starting service [Tomcat]
2026-09-02 12:04:42,391 [main] INFO  [org.apache.catalina.core.StandardEngine] DirectJDKLog.java:173 - Starting Servlet engine: [Apache Tomcat/10.1.24]
2026-09-02 12:04:42,412 [main] INFO  [o.a.c.c.ContainerBase.[Tomcat].[localhost].[/api]] DirectJDKLog.java:173 - Initializing Spring embedded WebApplicationContext
2026-09-02 12:04:42,757 [main] INFO  [com.ehowms.redis.RedissonAutoConfiguration] RedissonAutoConfiguration.java:130 - 初始化 Redisson 配置
2026-09-02 12:04:42,836 [main] INFO  [org.redisson.Version] Version.java:43 - Redisson 3.32.0
2026-09-02 12:05:29,553 [main] INFO  [org.apache.catalina.core.StandardService] DirectJDKLog.java:173 - Stopping service [Tomcat]
2026-09-02 12:05:31,044 [main] INFO  [com.ehowms.admin.AdminApplication] StartupInfoLogger.java:50 - Starting AdminApplication v1.0.0 using Java 21.0.11 with PID 7 (/opt/apps/ehox-wms-encrypted.jar started by root in /opt/apps)
2026-09-02 12:05:31,048 [main] INFO  [com.ehowms.admin.AdminApplication] SpringApplication.java:660 - The following 1 profile is active: "prod-ehox"
2026-09-02 12:05:33,810 [main] INFO  [org.apache.coyote.http11.Http11NioProtocol] DirectJDKLog.java:173 - Initializing ProtocolHandler ["http-nio-8082"]
2026-09-02 12:05:33,812 [main] INFO  [org.apache.catalina.core.StandardService] DirectJDKLog.java:173 - Starting service [Tomcat]
2026-09-02 12:05:33,812 [main] INFO  [org.apache.catalina.core.StandardEngine] DirectJDKLog.java:173 - Starting Servlet engine: [Apache Tomcat/10.1.24]
2026-09-02 12:05:33,834 [main] INFO  [o.a.c.c.ContainerBase.[Tomcat].[localhost].[/api]] DirectJDKLog.java:173 - Initializing Spring embedded WebApplicationContext
2026-09-02 12:05:34,185 [main] INFO  [com.ehowms.redis.RedissonAutoConfiguration] RedissonAutoConfiguration.java:130 - 初始化 Redisson 配置
2026-09-02 12:05:34,267 [main] INFO  [org.redisson.Version] Version.java:43 - Redisson 3.32.0
2026-09-02 12:06:20,988 [main] INFO  [org.apache.catalina.core.StandardService] DirectJDKLog.java:173 - Stopping service [Tomcat]
2026-09-02 12:06:22,443 [main] INFO  [com.ehowms.admin.AdminApplication] StartupInfoLogger.java:50 - Starting AdminApplication v1.0.0 using Java 21.0.11 with PID 7 (/opt/apps/ehox-wms-encrypted.jar started by root in /opt/apps)
2026-09-02 12:06:22,447 [main] INFO  [com.ehowms.admin.AdminApplication] SpringApplication.java:660 - The following 1 profile is active: "prod-ehox"
2026-09-02 12:06:25,218 [main] INFO  [org.apache.coyote.http11.Http11NioProtocol] DirectJDKLog.java:173 - Initializing ProtocolHandler ["http-nio-8082"]
2026-09-02 12:06:25,219 [main] INFO  [org.apache.catalina.core.StandardService] DirectJDKLog.java:173 - Starting service [Tomcat]
2026-09-02 12:06:25,219 [main] INFO  [org.apache.catalina.core.StandardEngine] DirectJDKLog.java:173 - Starting Servlet engine: [Apache Tomcat/10.1.24]
2026-09-02 12:06:25,244 [main] INFO  [o.a.c.c.ContainerBase.[Tomcat].[localhost].[/api]] DirectJDKLog.java:173 - Initializing Spring embedded WebApplicationContext
2026-09-02 12:06:25,608 [main] INFO  [com.ehowms.redis.RedissonAutoConfiguration] RedissonAutoConfiguration.java:130 - 初始化 Redisson 配置
2026-09-02 12:06:25,688 [main] INFO  [org.redisson.Version] Version.java:43 - Redisson 3.32.0
2026-09-02 12:07:12,394 [main] INFO  [org.apache.catalina.core.StandardService] DirectJDKLog.java:173 - Stopping service [Tomcat]
2026-09-02 12:07:14,733 [main] INFO  [com.ehowms.admin.AdminApplication] StartupInfoLogger.java:50 - Starting AdminApplication v1.0.0 using Java 21.0.11 with PID 7 (/opt/apps/ehox-wms-encrypted.jar started by root in /opt/apps)
2026-09-02 12:07:14,736 [main] INFO  [com.ehowms.admin.AdminApplication] SpringApplication.java:660 - The following 1 profile is active: "prod-ehox"
2026-09-02 12:07:17,475 [main] INFO  [org.apache.coyote.http11.Http11NioProtocol] DirectJDKLog.java:173 - Initializing ProtocolHandler ["http-nio-8082"]
2026-09-02 12:07:17,476 [main] INFO  [org.apache.catalina.core.StandardService] DirectJDKLog.java:173 - Starting service [Tomcat]
2026-09-02 12:07:17,477 [main] INFO  [org.apache.catalina.core.StandardEngine] DirectJDKLog.java:173 - Starting Servlet engine: [Apache Tomcat/10.1.24]
2026-09-02 12:07:17,498 [main] INFO  [o.a.c.c.ContainerBase.[Tomcat].[localhost].[/api]] DirectJDKLog.java:173 - Initializing Spring embedded WebApplicationContext
2026-09-02 12:07:17,851 [main] INFO  [com.ehowms.redis.RedissonAutoConfiguration] RedissonAutoConfiguration.java:130 - 初始化 Redisson 配置
2026-09-02 12:07:17,934 [main] INFO  [org.redisson.Version] Version.java:43 - Redisson 3.32.0
2026-09-02 12:08:04,634 [main] INFO  [org.apache.catalina.core.StandardService] DirectJDKLog.java:173 - Stopping service [Tomcat]
2026-09-02 12:08:06,090 [main] INFO  [com.ehowms.admin.AdminApplication] StartupInfoLogger.java:50 - Starting AdminApplication v1.0.0 using Java 21.0.11 with PID 7 (/opt/apps/ehox-wms-encrypted.jar started by root in /opt/apps)
2026-09-02 12:08:06,093 [main] INFO  [com.ehowms.admin.AdminApplication] SpringApplication.java:660 - The following 1 profile is active: "prod-ehox"
2026-09-02 12:08:08,955 [main] INFO  [org.apache.coyote.http11.Http11NioProtocol] DirectJDKLog.java:173 - Initializing ProtocolHandler ["http-nio-8082"]
2026-09-02 12:08:08,956 [main] INFO  [org.apache.catalina.core.StandardService] DirectJDKLog.java:173 - Starting service [Tomcat]
2026-09-02 12:08:08,956 [main] INFO  [org.apache.catalina.core.StandardEngine] DirectJDKLog.java:173 - Starting Servlet engine: [Apache Tomcat/10.1.24]
2026-09-02 12:08:08,979 [main] INFO  [o.a.c.c.ContainerBase.[Tomcat].[localhost].[/api]] DirectJDKLog.java:173 - Initializing Spring embedded WebApplicationContext
2026-09-02 12:08:09,376 [main] INFO  [com.ehowms.redis.RedissonAutoConfiguration] RedissonAutoConfiguration.java:130 - 初始化 Redisson 配置
2026-09-02 12:08:09,465 [main] INFO  [org.redisson.Version] Version.java:43 - Redisson 3.32.0
2026-09-02 12:08:56,187 [main] INFO  [org.apache.catalina.core.StandardService] DirectJDKLog.java:173 - Stopping service [Tomcat]
2026-09-02 12:08:57,622 [main] INFO  [com.ehowms.admin.AdminApplication] StartupInfoLogger.java:50 - Starting AdminApplication v1.0.0 using Java 21.0.11 with PID 7 (/opt/apps/ehox-wms-encrypted.jar started by root in /opt/apps)
2026-09-02 12:08:57,629 [main] INFO  [com.ehowms.admin.AdminApplication] SpringApplication.java:660 - The following 1 profile is active: "prod-ehox"
2026-09-02 12:09:00,371 [main] INFO  [org.apache.coyote.http11.Http11NioProtocol] DirectJDKLog.java:173 - Initializing ProtocolHandler ["http-nio-8082"]
2026-09-02 12:09:00,372 [main] INFO  [org.apache.catalina.core.StandardService] DirectJDKLog.java:173 - Starting service [Tomcat]
2026-09-02 12:09:00,372 [main] INFO  [org.apache.catalina.core.StandardEngine] DirectJDKLog.java:173 - Starting Servlet engine: [Apache Tomcat/10.1.24]
2026-09-02 12:09:00,394 [main] INFO  [o.a.c.c.ContainerBase.[Tomcat].[localhost].[/api]] DirectJDKLog.java:173 - Initializing Spring embedded WebApplicationContext
2026-09-02 12:09:00,755 [main] INFO  [com.ehowms.redis.RedissonAutoConfiguration] RedissonAutoConfiguration.java:130 - 初始化 Redisson 配置
2026-09-02 12:09:00,835 [main] INFO  [org.redisson.Version] Version.java:43 - Redisson 3.32.0
2026-09-02 12:09:47,539 [main] INFO  [org.apache.catalina.core.StandardService] DirectJDKLog.java:173 - Stopping service [Tomcat]
2026-09-02 12:09:49,001 [main] INFO  [com.ehowms.admin.AdminApplication] StartupInfoLogger.java:50 - Starting AdminApplication v1.0.0 using Java 21.0.11 with PID 7 (/opt/apps/ehox-wms-encrypted.jar started by root in /opt/apps)
2026-09-02 12:09:49,004 [main] INFO  [com.ehowms.admin.AdminApplication] SpringApplication.java:660 - The following 1 profile is active: "prod-ehox"
2026-09-02 12:09:51,828 [main] INFO  [org.apache.coyote.http11.Http11NioProtocol] DirectJDKLog.java:173 - Initializing ProtocolHandler ["http-nio-8082"]
2026-09-02 12:09:51,830 [main] INFO  [org.apache.catalina.core.StandardService] DirectJDKLog.java:173 - Starting service [Tomcat]
2026-09-02 12:09:51,830 [main] INFO  [org.apache.catalina.core.StandardEngine] DirectJDKLog.java:173 - Starting Servlet engine: [Apache Tomcat/10.1.24]
2026-09-02 12:09:51,859 [main] INFO  [o.a.c.c.ContainerBase.[Tomcat].[localhost].[/api]] DirectJDKLog.java:173 - Initializing Spring embedded WebApplicationContext
2026-09-02 12:09:52,233 [main] INFO  [com.ehowms.redis.RedissonAutoConfiguration] RedissonAutoConfiguration.java:130 - 初始化 Redisson 配置
2026-09-02 12:09:52,315 [main] INFO  [org.redisson.Version] Version.java:43 - Redisson 3.32.0
2026-09-02 12:10:39,039 [main] INFO  [org.apache.catalina.core.StandardService] DirectJDKLog.java:173 - Stopping service [Tomcat]
2026-09-02 12:10:41,350 [main] INFO  [com.ehowms.admin.AdminApplication] StartupInfoLogger.java:50 - Starting AdminApplication v1.0.0 using Java 21.0.11 with PID 7 (/opt/apps/ehox-wms-encrypted.jar started by root in /opt/apps)
2026-09-02 12:10:41,354 [main] INFO  [com.ehowms.admin.AdminApplication] SpringApplication.java:660 - The following 1 profile is active: "prod-ehox"
2026-09-02 12:10:44,133 [main] INFO  [org.apache.coyote.http11.Http11NioProtocol] DirectJDKLog.java:173 - Initializing ProtocolHandler ["http-nio-8082"]
2026-09-02 12:10:44,134 [main] INFO  [org.apache.catalina.core.StandardService] DirectJDKLog.java:173 - Starting service [Tomcat]
2026-09-02 12:10:44,135 [main] INFO  [org.apache.catalina.core.StandardEngine] DirectJDKLog.java:173 - Starting Servlet engine: [Apache Tomcat/10.1.24]
2026-09-02 12:10:44,157 [main] INFO  [o.a.c.c.ContainerBase.[Tomcat].[localhost].[/api]] DirectJDKLog.java:173 - Initializing Spring embedded WebApplicationContext
2026-09-02 12:10:44,523 [main] INFO  [com.ehowms.redis.RedissonAutoConfiguration] RedissonAutoConfiguration.java:130 - 初始化 Redisson 配置
2026-09-02 12:10:44,607 [main] INFO  [org.redisson.Version] Version.java:43 - Redisson 3.32.0
2026-09-02 12:11:31,297 [main] INFO  [org.apache.catalina.core.StandardService] DirectJDKLog.java:173 - Stopping service [Tomcat]
2026-09-02 12:11:32,832 [main] INFO  [com.ehowms.admin.AdminApplication] StartupInfoLogger.java:50 - Starting AdminApplication v1.0.0 using Java 21.0.11 with PID 7 (/opt/apps/ehox-wms-encrypted.jar started by root in /opt/apps)
2026-09-02 12:11:32,835 [main] INFO  [com.ehowms.admin.AdminApplication] SpringApplication.java:660 - The following 1 profile is active: "prod-ehox"
2026-09-02 12:11:35,748 [main] INFO  [org.apache.coyote.http11.Http11NioProtocol] DirectJDKLog.java:173 - Initializing ProtocolHandler ["http-nio-8082"]
2026-09-02 12:11:35,749 [main] INFO  [org.apache.catalina.core.StandardService] DirectJDKLog.java:173 - Starting service [Tomcat]
2026-09-02 12:11:35,750 [main] INFO  [org.apache.catalina.core.StandardEngine] DirectJDKLog.java:173 - Starting Servlet engine: [Apache Tomcat/10.1.24]
2026-09-02 12:11:35,773 [main] INFO  [o.a.c.c.ContainerBase.[Tomcat].[localhost].[/api]] DirectJDKLog.java:173 - Initializing Spring embedded WebApplicationContext
2026-09-02 12:11:36,172 [main] INFO  [com.ehowms.redis.RedissonAutoConfiguration] RedissonAutoConfiguration.java:130 - 初始化 Redisson 配置
2026-09-02 12:11:36,254 [main] INFO  [org.redisson.Version] Version.java:43 - Redisson 3.32.0
2026-09-02 12:12:22,970 [main] INFO  [org.apache.catalina.core.StandardService] DirectJDKLog.java:173 - Stopping service [Tomcat]
2026-09-02 12:12:24,474 [main] INFO  [com.ehowms.admin.AdminApplication] StartupInfoLogger.java:50 - Starting AdminApplication v1.0.0 using Java 21.0.11 with PID 7 (/opt/apps/ehox-wms-encrypted.jar started by root in /opt/apps)
2026-09-02 12:12:24,477 [main] INFO  [com.ehowms.admin.AdminApplication] SpringApplication.java:660 - The following 1 profile is active: "prod-ehox"
2026-09-02 12:12:27,242 [main] INFO  [org.apache.coyote.http11.Http11NioProtocol] DirectJDKLog.java:173 - Initializing ProtocolHandler ["http-nio-8082"]
2026-09-02 12:12:27,243 [main] INFO  [org.apache.catalina.core.StandardService] DirectJDKLog.java:173 - Starting service [Tomcat]
2026-09-02 12:12:27,244 [main] INFO  [org.apache.catalina.core.StandardEngine] DirectJDKLog.java:173 - Starting Servlet engine: [Apache Tomcat/10.1.24]
2026-09-02 12:12:27,268 [main] INFO  [o.a.c.c.ContainerBase.[Tomcat].[localhost].[/api]] DirectJDKLog.java:173 - Initializing Spring embedded WebApplicationContext
2026-09-02 12:12:27,624 [main] INFO  [com.ehowms.redis.RedissonAutoConfiguration] RedissonAutoConfiguration.java:130 - 初始化 Redisson 配置
2026-09-02 12:12:27,712 [main] INFO  [org.redisson.Version] Version.java:43 - Redisson 3.32.0
2026-09-02 12:13:14,413 [main] INFO  [org.apache.catalina.core.StandardService] DirectJDKLog.java:173 - Stopping service [Tomcat]
2026-09-02 12:13:15,884 [main] INFO  [com.ehowms.admin.AdminApplication] StartupInfoLogger.java:50 - Starting AdminApplication v1.0.0 using Java 21.0.11 with PID 8 (/opt/apps/ehox-wms-encrypted.jar started by root in /opt/apps)
2026-09-02 12:13:15,887 [main] INFO  [com.ehowms.admin.AdminApplication] SpringApplication.java:660 - The following 1 profile is active: "prod-ehox"
2026-09-02 12:13:18,786 [main] INFO  [org.apache.coyote.http11.Http11NioProtocol] DirectJDKLog.java:173 - Initializing ProtocolHandler ["http-nio-8082"]
2026-09-02 12:13:18,787 [main] INFO  [org.apache.catalina.core.StandardService] DirectJDKLog.java:173 - Starting service [Tomcat]
2026-09-02 12:13:18,787 [main] INFO  [org.apache.catalina.core.StandardEngine] DirectJDKLog.java:173 - Starting Servlet engine: [Apache Tomcat/10.1.24]
2026-09-02 12:13:18,813 [main] INFO  [o.a.c.c.ContainerBase.[Tomcat].[localhost].[/api]] DirectJDKLog.java:173 - Initializing Spring embedded WebApplicationContext
2026-09-02 12:13:19,191 [main] INFO  [com.ehowms.redis.RedissonAutoConfiguration] RedissonAutoConfiguration.java:130 - 初始化 Redisson 配置
2026-09-02 12:13:19,274 [main] INFO  [org.redisson.Version] Version.java:43 - Redisson 3.32.0
2026-09-02 12:14:05,986 [main] INFO  [org.apache.catalina.core.StandardService] DirectJDKLog.java:173 - Stopping service [Tomcat]
2026-09-02 12:14:08,328 [main] INFO  [com.ehowms.admin.AdminApplication] StartupInfoLogger.java:50 - Starting AdminApplication v1.0.0 using Java 21.0.11 with PID 7 (/opt/apps/ehox-wms-encrypted.jar started by root in /opt/apps)
2026-09-02 12:14:08,332 [main] INFO  [com.ehowms.admin.AdminApplication] SpringApplication.java:660 - The following 1 profile is active: "prod-ehox"
2026-09-02 12:14:11,129 [main] INFO  [org.apache.coyote.http11.Http11NioProtocol] DirectJDKLog.java:173 - Initializing ProtocolHandler ["http-nio-8082"]
2026-09-02 12:14:11,131 [main] INFO  [org.apache.catalina.core.StandardService] DirectJDKLog.java:173 - Starting service [Tomcat]
2026-09-02 12:14:11,131 [main] INFO  [org.apache.catalina.core.StandardEngine] DirectJDKLog.java:173 - Starting Servlet engine: [Apache Tomcat/10.1.24]
2026-09-02 12:14:11,156 [main] INFO  [o.a.c.c.ContainerBase.[Tomcat].[localhost].[/api]] DirectJDKLog.java:173 - Initializing Spring embedded WebApplicationContext
2026-09-02 12:14:11,555 [main] INFO  [com.ehowms.redis.RedissonAutoConfiguration] RedissonAutoConfiguration.java:130 - 初始化 Redisson 配置
2026-09-02 12:14:11,636 [main] INFO  [org.redisson.Version] Version.java:43 - Redisson 3.32.0
2026-09-02 12:14:58,359 [main] INFO  [org.apache.catalina.core.StandardService] DirectJDKLog.java:173 - Stopping service [Tomcat]
