2026-09-01 00:00:27,884 [main] INFO  [org.apache.catalina.core.StandardService] DirectJDKLog.java:173 - Stopping service [Tomcat]
2026-09-01 00:00:30,221 [main] INFO  [com.ehowes.admin.AdminApplication] StartupInfoLogger.java:50 - Starting AdminApplication v1.0.0 using Java 21.0.11 with PID 7 (/opt/apps/ehox-wes-encrypted.jar started by root in /opt/apps)
2026-09-01 00:00:30,224 [main] INFO  [com.ehowes.admin.AdminApplication] SpringApplication.java:660 - The following 1 profile is active: "prod-ehox"
2026-09-01 00:00:32,990 [main] INFO  [org.apache.coyote.http11.Http11NioProtocol] DirectJDKLog.java:173 - Initializing ProtocolHandler ["http-nio-8092"]
2026-09-01 00:00:32,991 [main] INFO  [org.apache.catalina.core.StandardService] DirectJDKLog.java:173 - Starting service [Tomcat]
2026-09-01 00:00:32,991 [main] INFO  [org.apache.catalina.core.StandardEngine] DirectJDKLog.java:173 - Starting Servlet engine: [Apache Tomcat/10.1.24]
2026-09-01 00:00:33,015 [main] INFO  [o.a.c.c.ContainerBase.[Tomcat].[localhost].[/api]] DirectJDKLog.java:173 - Initializing Spring embedded WebApplicationContext
2026-09-01 00:00:33,352 [main] INFO  [com.ehowes.redis.RedissonAutoConfiguration] RedissonAutoConfiguration.java:130 - 初始化 Redisson 配置
2026-09-01 00:00:33,429 [main] INFO  [org.redisson.Version] Version.java:43 - Redisson 3.32.0
2026-09-01 00:01:20,154 [main] INFO  [org.apache.catalina.core.StandardService] DirectJDKLog.java:173 - Stopping service [Tomcat]
2026-09-01 00:01:21,609 [main] INFO  [com.ehowes.admin.AdminApplication] StartupInfoLogger.java:50 - Starting AdminApplication v1.0.0 using Java 21.0.11 with PID 7 (/opt/apps/ehox-wes-encrypted.jar started by root in /opt/apps)
2026-09-01 00:01:21,612 [main] INFO  [com.ehowes.admin.AdminApplication] SpringApplication.java:660 - The following 1 profile is active: "prod-ehox"
2026-09-01 00:01:24,296 [main] INFO  [org.apache.coyote.http11.Http11NioProtocol] DirectJDKLog.java:173 - Initializing ProtocolHandler ["http-nio-8092"]
2026-09-01 00:01:24,298 [main] INFO  [org.apache.catalina.core.StandardService] DirectJDKLog.java:173 - Starting service [Tomcat]
2026-09-01 00:01:24,298 [main] INFO  [org.apache.catalina.core.StandardEngine] DirectJDKLog.java:173 - Starting Servlet engine: [Apache Tomcat/10.1.24]
2026-09-01 00:01:24,333 [main] INFO  [o.a.c.c.ContainerBase.[Tomcat].[localhost].[/api]] DirectJDKLog.java:173 - Initializing Spring embedded WebApplicationContext
2026-09-01 00:01:24,676 [main] INFO  [com.ehowes.redis.RedissonAutoConfiguration] RedissonAutoConfiguration.java:130 - 初始化 Redisson 配置
2026-09-01 00:01:24,752 [main] INFO  [org.redisson.Version] Version.java:43 - Redisson 3.32.0
2026-09-01 00:02:11,463 [main] INFO  [org.apache.catalina.core.StandardService] DirectJDKLog.java:173 - Stopping service [Tomcat]
2026-09-01 00:02:13,793 [main] INFO  [com.ehowes.admin.AdminApplication] StartupInfoLogger.java:50 - Starting AdminApplication v1.0.0 using Java 21.0.11 with PID 7 (/opt/apps/ehox-wes-encrypted.jar started by root in /opt/apps)
2026-09-01 00:02:13,796 [main] INFO  [com.ehowes.admin.AdminApplication] SpringApplication.java:660 - The following 1 profile is active: "prod-ehox"
2026-09-01 00:02:16,458 [main] INFO  [org.apache.coyote.http11.Http11NioProtocol] DirectJDKLog.java:173 - Initializing ProtocolHandler ["http-nio-8092"]
2026-09-01 00:02:16,460 [main] INFO  [org.apache.catalina.core.StandardService] DirectJDKLog.java:173 - Starting service [Tomcat]
2026-09-01 00:02:16,460 [main] INFO  [org.apache.catalina.core.StandardEngine] DirectJDKLog.java:173 - Starting Servlet engine: [Apache Tomcat/10.1.24]
2026-09-01 00:02:16,502 [main] INFO  [o.a.c.c.ContainerBase.[Tomcat].[localhost].[/api]] DirectJDKLog.java:173 - Initializing Spring embedded WebApplicationContext
2026-09-01 00:02:16,834 [main] INFO  [com.ehowes.redis.RedissonAutoConfiguration] RedissonAutoConfiguration.java:130 - 初始化 Redisson 配置
2026-09-01 00:02:16,914 [main] INFO  [org.redisson.Version] Version.java:43 - Redisson 3.32.0
2026-09-01 00:03:03,616 [main] INFO  [org.apache.catalina.core.StandardService] DirectJDKLog.java:173 - Stopping service [Tomcat]
2026-09-01 00:03:05,111 [main] INFO  [com.ehowes.admin.AdminApplication] StartupInfoLogger.java:50 - Starting AdminApplication v1.0.0 using Java 21.0.11 with PID 7 (/opt/apps/ehox-wes-encrypted.jar started by root in /opt/apps)
2026-09-01 00:03:05,114 [main] INFO  [com.ehowes.admin.AdminApplication] SpringApplication.java:660 - The following 1 profile is active: "prod-ehox"
2026-09-01 00:03:07,833 [main] INFO  [org.apache.coyote.http11.Http11NioProtocol] DirectJDKLog.java:173 - Initializing ProtocolHandler ["http-nio-8092"]
2026-09-01 00:03:07,835 [main] INFO  [org.apache.catalina.core.StandardService] DirectJDKLog.java:173 - Starting service [Tomcat]
2026-09-01 00:03:07,835 [main] INFO  [org.apache.catalina.core.StandardEngine] DirectJDKLog.java:173 - Starting Servlet engine: [Apache Tomcat/10.1.24]
2026-09-01 00:03:07,855 [main] INFO  [o.a.c.c.ContainerBase.[Tomcat].[localhost].[/api]] DirectJDKLog.java:173 - Initializing Spring embedded WebApplicationContext
2026-09-01 00:03:08,182 [main] INFO  [com.ehowes.redis.RedissonAutoConfiguration] RedissonAutoConfiguration.java:130 - 初始化 Redisson 配置
2026-09-01 00:03:08,257 [main] INFO  [org.redisson.Version] Version.java:43 - Redisson 3.32.0
2026-09-01 00:03:54,960 [main] INFO  [org.apache.catalina.core.StandardService] DirectJDKLog.java:173 - Stopping service [Tomcat]
2026-09-01 00:03:56,420 [main] INFO  [com.ehowes.admin.AdminApplication] StartupInfoLogger.java:50 - Starting AdminApplication v1.0.0 using Java 21.0.11 with PID 7 (/opt/apps/ehox-wes-encrypted.jar started by root in /opt/apps)
2026-09-01 00:03:56,424 [main] INFO  [com.ehowes.admin.AdminApplication] SpringApplication.java:660 - The following 1 profile is active: "prod-ehox"
2026-09-01 00:03:59,161 [main] INFO  [org.apache.coyote.http11.Http11NioProtocol] DirectJDKLog.java:173 - Initializing ProtocolHandler ["http-nio-8092"]
2026-09-01 00:03:59,162 [main] INFO  [org.apache.catalina.core.StandardService] DirectJDKLog.java:173 - Starting service [Tomcat]
2026-09-01 00:03:59,163 [main] INFO  [org.apache.catalina.core.StandardEngine] DirectJDKLog.java:173 - Starting Servlet engine: [Apache Tomcat/10.1.24]
2026-09-01 00:03:59,184 [main] INFO  [o.a.c.c.ContainerBase.[Tomcat].[localhost].[/api]] DirectJDKLog.java:173 - Initializing Spring embedded WebApplicationContext
2026-09-01 00:03:59,521 [main] INFO  [com.ehowes.redis.RedissonAutoConfiguration] RedissonAutoConfiguration.java:130 - 初始化 Redisson 配置
2026-09-01 00:03:59,601 [main] INFO  [org.redisson.Version] Version.java:43 - Redisson 3.32.0
2026-09-01 00:04:46,315 [main] INFO  [org.apache.catalina.core.StandardService] DirectJDKLog.java:173 - Stopping service [Tomcat]
2026-09-01 00:04:47,793 [main] INFO  [com.ehowes.admin.AdminApplication] StartupInfoLogger.java:50 - Starting AdminApplication v1.0.0 using Java 21.0.11 with PID 7 (/opt/apps/ehox-wes-encrypted.jar started by root in /opt/apps)
2026-09-01 00:04:47,796 [main] INFO  [com.ehowes.admin.AdminApplication] SpringApplication.java:660 - The following 1 profile is active: "prod-ehox"
2026-09-01 00:04:50,473 [main] INFO  [org.apache.coyote.http11.Http11NioProtocol] DirectJDKLog.java:173 - Initializing ProtocolHandler ["http-nio-8092"]
2026-09-01 00:04:50,474 [main] INFO  [org.apache.catalina.core.StandardService] DirectJDKLog.java:173 - Starting service [Tomcat]
2026-09-01 00:04:50,475 [main] INFO  [org.apache.catalina.core.StandardEngine] DirectJDKLog.java:173 - Starting Servlet engine: [Apache Tomcat/10.1.24]
2026-09-01 00:04:50,501 [main] INFO  [o.a.c.c.ContainerBase.[Tomcat].[localhost].[/api]] DirectJDKLog.java:173 - Initializing Spring embedded WebApplicationContext
2026-09-01 00:04:50,938 [main] INFO  [com.ehowes.redis.RedissonAutoConfiguration] RedissonAutoConfiguration.java:130 - 初始化 Redisson 配置
2026-09-01 00:04:51,012 [main] INFO  [org.redisson.Version] Version.java:43 - Redisson 3.32.0
2026-09-01 00:05:37,732 [main] INFO  [org.apache.catalina.core.StandardService] DirectJDKLog.java:173 - Stopping service [Tomcat]
2026-09-01 00:05:39,190 [main] INFO  [com.ehowes.admin.AdminApplication] StartupInfoLogger.java:50 - Starting AdminApplication v1.0.0 using Java 21.0.11 with PID 7 (/opt/apps/ehox-wes-encrypted.jar started by root in /opt/apps)
2026-09-01 00:05:39,194 [main] INFO  [com.ehowes.admin.AdminApplication] SpringApplication.java:660 - The following 1 profile is active: "prod-ehox"
2026-09-01 00:05:41,895 [main] INFO  [org.apache.coyote.http11.Http11NioProtocol] DirectJDKLog.java:173 - Initializing ProtocolHandler ["http-nio-8092"]
2026-09-01 00:05:41,896 [main] INFO  [org.apache.catalina.core.StandardService] DirectJDKLog.java:173 - Starting service [Tomcat]
2026-09-01 00:05:41,896 [main] INFO  [org.apache.catalina.core.StandardEngine] DirectJDKLog.java:173 - Starting Servlet engine: [Apache Tomcat/10.1.24]
2026-09-01 00:05:41,919 [main] INFO  [o.a.c.c.ContainerBase.[Tomcat].[localhost].[/api]] DirectJDKLog.java:173 - Initializing Spring embedded WebApplicationContext
2026-09-01 00:05:42,238 [main] INFO  [com.ehowes.redis.RedissonAutoConfiguration] RedissonAutoConfiguration.java:130 - 初始化 Redisson 配置
2026-09-01 00:05:42,319 [main] INFO  [org.redisson.Version] Version.java:43 - Redisson 3.32.0
2026-09-01 00:06:29,018 [main] INFO  [org.apache.catalina.core.StandardService] DirectJDKLog.java:173 - Stopping service [Tomcat]
2026-09-01 00:06:30,465 [main] INFO  [com.ehowes.admin.AdminApplication] StartupInfoLogger.java:50 - Starting AdminApplication v1.0.0 using Java 21.0.11 with PID 7 (/opt/apps/ehox-wes-encrypted.jar started by root in /opt/apps)
2026-09-01 00:06:30,469 [main] INFO  [com.ehowes.admin.AdminApplication] SpringApplication.java:660 - The following 1 profile is active: "prod-ehox"
2026-09-01 00:06:33,274 [main] INFO  [org.apache.coyote.http11.Http11NioProtocol] DirectJDKLog.java:173 - Initializing ProtocolHandler ["http-nio-8092"]
2026-09-01 00:06:33,275 [main] INFO  [org.apache.catalina.core.StandardService] DirectJDKLog.java:173 - Starting service [Tomcat]
2026-09-01 00:06:33,275 [main] INFO  [org.apache.catalina.core.StandardEngine] DirectJDKLog.java:173 - Starting Servlet engine: [Apache Tomcat/10.1.24]
2026-09-01 00:06:33,304 [main] INFO  [o.a.c.c.ContainerBase.[Tomcat].[localhost].[/api]] DirectJDKLog.java:173 - Initializing Spring embedded WebApplicationContext
2026-09-01 00:06:33,651 [main] INFO  [com.ehowes.redis.RedissonAutoConfiguration] RedissonAutoConfiguration.java:130 - 初始化 Redisson 配置
2026-09-01 00:06:33,728 [main] INFO  [org.redisson.Version] Version.java:43 - Redisson 3.32.0
2026-09-01 00:07:20,458 [main] INFO  [org.apache.catalina.core.StandardService] DirectJDKLog.java:173 - Stopping service [Tomcat]
2026-09-01 00:07:21,926 [main] INFO  [com.ehowes.admin.AdminApplication] StartupInfoLogger.java:50 - Starting AdminApplication v1.0.0 using Java 21.0.11 with PID 7 (/opt/apps/ehox-wes-encrypted.jar started by root in /opt/apps)
2026-09-01 00:07:21,930 [main] INFO  [com.ehowes.admin.AdminApplication] SpringApplication.java:660 - The following 1 profile is active: "prod-ehox"
2026-09-01 00:07:24,680 [main] INFO  [org.apache.coyote.http11.Http11NioProtocol] DirectJDKLog.java:173 - Initializing ProtocolHandler ["http-nio-8092"]
2026-09-01 00:07:24,682 [main] INFO  [org.apache.catalina.core.StandardService] DirectJDKLog.java:173 - Starting service [Tomcat]
2026-09-01 00:07:24,682 [main] INFO  [org.apache.catalina.core.StandardEngine] DirectJDKLog.java:173 - Starting Servlet engine: [Apache Tomcat/10.1.24]
2026-09-01 00:07:24,704 [main] INFO  [o.a.c.c.ContainerBase.[Tomcat].[localhost].[/api]] DirectJDKLog.java:173 - Initializing Spring embedded WebApplicationContext
2026-09-01 00:07:25,066 [main] INFO  [com.ehowes.redis.RedissonAutoConfiguration] RedissonAutoConfiguration.java:130 - 初始化 Redisson 配置
2026-09-01 00:07:25,142 [main] INFO  [org.redisson.Version] Version.java:43 - Redisson 3.32.0
2026-09-01 00:08:11,858 [main] INFO  [org.apache.catalina.core.StandardService] DirectJDKLog.java:173 - Stopping service [Tomcat]
2026-09-01 00:08:14,203 [main] INFO  [com.ehowes.admin.AdminApplication] StartupInfoLogger.java:50 - Starting AdminApplication v1.0.0 using Java 21.0.11 with PID 7 (/opt/apps/ehox-wes-encrypted.jar started by root in /opt/apps)
2026-09-01 00:08:14,207 [main] INFO  [com.ehowes.admin.AdminApplication] SpringApplication.java:660 - The following 1 profile is active: "prod-ehox"
2026-09-01 00:08:16,830 [main] INFO  [org.apache.coyote.http11.Http11NioProtocol] DirectJDKLog.java:173 - Initializing ProtocolHandler ["http-nio-8092"]
2026-09-01 00:08:16,832 [main] INFO  [org.apache.catalina.core.StandardService] DirectJDKLog.java:173 - Starting service [Tomcat]
2026-09-01 00:08:16,832 [main] INFO  [org.apache.catalina.core.StandardEngine] DirectJDKLog.java:173 - Starting Servlet engine: [Apache Tomcat/10.1.24]
2026-09-01 00:08:16,858 [main] INFO  [o.a.c.c.ContainerBase.[Tomcat].[localhost].[/api]] DirectJDKLog.java:173 - Initializing Spring embedded WebApplicationContext
2026-09-01 00:08:17,292 [main] INFO  [com.ehowes.redis.RedissonAutoConfiguration] RedissonAutoConfiguration.java:130 - 初始化 Redisson 配置
2026-09-01 00:08:17,371 [main] INFO  [org.redisson.Version] Version.java:43 - Redisson 3.32.0
2026-09-01 00:09:04,082 [main] INFO  [org.apache.catalina.core.StandardService] DirectJDKLog.java:173 - Stopping service [Tomcat]
2026-09-01 00:09:05,527 [main] INFO  [com.ehowes.admin.AdminApplication] StartupInfoLogger.java:50 - Starting AdminApplication v1.0.0 using Java 21.0.11 with PID 7 (/opt/apps/ehox-wes-encrypted.jar started by root in /opt/apps)
2026-09-01 00:09:05,530 [main] INFO  [com.ehowes.admin.AdminApplication] SpringApplication.java:660 - The following 1 profile is active: "prod-ehox"
2026-09-01 00:09:08,214 [main] INFO  [org.apache.coyote.http11.Http11NioProtocol] DirectJDKLog.java:173 - Initializing ProtocolHandler ["http-nio-8092"]
2026-09-01 00:09:08,216 [main] INFO  [org.apache.catalina.core.StandardService] DirectJDKLog.java:173 - Starting service [Tomcat]
2026-09-01 00:09:08,216 [main] INFO  [org.apache.catalina.core.StandardEngine] DirectJDKLog.java:173 - Starting Servlet engine: [Apache Tomcat/10.1.24]
2026-09-01 00:09:08,245 [main] INFO  [o.a.c.c.ContainerBase.[Tomcat].[localhost].[/api]] DirectJDKLog.java:173 - Initializing Spring embedded WebApplicationContext
2026-09-01 00:09:08,614 [main] INFO  [com.ehowes.redis.RedissonAutoConfiguration] RedissonAutoConfiguration.java:130 - 初始化 Redisson 配置
2026-09-01 00:09:08,690 [main] INFO  [org.redisson.Version] Version.java:43 - Redisson 3.32.0
2026-09-01 00:09:55,406 [main] INFO  [org.apache.catalina.core.StandardService] DirectJDKLog.java:173 - Stopping service [Tomcat]
2026-09-01 00:09:56,942 [main] INFO  [com.ehowes.admin.AdminApplication] StartupInfoLogger.java:50 - Starting AdminApplication v1.0.0 using Java 21.0.11 with PID 7 (/opt/apps/ehox-wes-encrypted.jar started by root in /opt/apps)
2026-09-01 00:09:56,945 [main] INFO  [com.ehowes.admin.AdminApplication] SpringApplication.java:660 - The following 1 profile is active: "prod-ehox"
2026-09-01 00:09:59,673 [main] INFO  [org.apache.coyote.http11.Http11NioProtocol] DirectJDKLog.java:173 - Initializing ProtocolHandler ["http-nio-8092"]
2026-09-01 00:09:59,675 [main] INFO  [org.apache.catalina.core.StandardService] DirectJDKLog.java:173 - Starting service [Tomcat]
2026-09-01 00:09:59,675 [main] INFO  [org.apache.catalina.core.StandardEngine] DirectJDKLog.java:173 - Starting Servlet engine: [Apache Tomcat/10.1.24]
2026-09-01 00:09:59,703 [main] INFO  [o.a.c.c.ContainerBase.[Tomcat].[localhost].[/api]] DirectJDKLog.java:173 - Initializing Spring embedded WebApplicationContext
2026-09-01 00:10:00,114 [main] INFO  [com.ehowes.redis.RedissonAutoConfiguration] RedissonAutoConfiguration.java:130 - 初始化 Redisson 配置
2026-09-01 00:10:00,191 [main] INFO  [org.redisson.Version] Version.java:43 - Redisson 3.32.0
2026-09-01 00:10:46,921 [main] INFO  [org.apache.catalina.core.StandardService] DirectJDKLog.java:173 - Stopping service [Tomcat]
2026-09-01 00:10:48,360 [main] INFO  [com.ehowes.admin.AdminApplication] StartupInfoLogger.java:50 - Starting AdminApplication v1.0.0 using Java 21.0.11 with PID 7 (/opt/apps/ehox-wes-encrypted.jar started by root in /opt/apps)
2026-09-01 00:10:48,364 [main] INFO  [com.ehowes.admin.AdminApplication] SpringApplication.java:660 - The following 1 profile is active: "prod-ehox"
2026-09-01 00:10:50,999 [main] INFO  [org.apache.coyote.http11.Http11NioProtocol] DirectJDKLog.java:173 - Initializing ProtocolHandler ["http-nio-8092"]
2026-09-01 00:10:51,001 [main] INFO  [org.apache.catalina.core.StandardService] DirectJDKLog.java:173 - Starting service [Tomcat]
2026-09-01 00:10:51,001 [main] INFO  [org.apache.catalina.core.StandardEngine] DirectJDKLog.java:173 - Starting Servlet engine: [Apache Tomcat/10.1.24]
2026-09-01 00:10:51,023 [main] INFO  [o.a.c.c.ContainerBase.[Tomcat].[localhost].[/api]] DirectJDKLog.java:173 - Initializing Spring embedded WebApplicationContext
2026-09-01 00:10:51,367 [main] INFO  [com.ehowes.redis.RedissonAutoConfiguration] RedissonAutoConfiguration.java:130 - 初始化 Redisson 配置
2026-09-01 00:10:51,442 [main] INFO  [org.redisson.Version] Version.java:43 - Redisson 3.32.0
2026-09-01 00:11:38,164 [main] INFO  [org.apache.catalina.core.StandardService] DirectJDKLog.java:173 - Stopping service [Tomcat]
2026-09-01 00:11:39,608 [main] INFO  [com.ehowes.admin.AdminApplication] StartupInfoLogger.java:50 - Starting AdminApplication v1.0.0 using Java 21.0.11 with PID 7 (/opt/apps/ehox-wes-encrypted.jar started by root in /opt/apps)
2026-09-01 00:11:39,612 [main] INFO  [com.ehowes.admin.AdminApplication] SpringApplication.java:660 - The following 1 profile is active: "prod-ehox"
2026-09-01 00:11:42,421 [main] INFO  [org.apache.coyote.http11.Http11NioProtocol] DirectJDKLog.java:173 - Initializing ProtocolHandler ["http-nio-8092"]
2026-09-01 00:11:42,422 [main] INFO  [org.apache.catalina.core.StandardService] DirectJDKLog.java:173 - Starting service [Tomcat]
2026-09-01 00:11:42,422 [main] INFO  [org.apache.catalina.core.StandardEngine] DirectJDKLog.java:173 - Starting Servlet engine: [Apache Tomcat/10.1.24]
2026-09-01 00:11:42,445 [main] INFO  [o.a.c.c.ContainerBase.[Tomcat].[localhost].[/api]] DirectJDKLog.java:173 - Initializing Spring embedded WebApplicationContext
2026-09-01 00:11:42,791 [main] INFO  [com.ehowes.redis.RedissonAutoConfiguration] RedissonAutoConfiguration.java:130 - 初始化 Redisson 配置
2026-09-01 00:11:42,869 [main] INFO  [org.redisson.Version] Version.java:43 - Redisson 3.32.0
2026-09-01 00:12:29,585 [main] INFO  [org.apache.catalina.core.StandardService] DirectJDKLog.java:173 - Stopping service [Tomcat]
2026-09-01 00:12:31,037 [main] INFO  [com.ehowes.admin.AdminApplication] StartupInfoLogger.java:50 - Starting AdminApplication v1.0.0 using Java 21.0.11 with PID 7 (/opt/apps/ehox-wes-encrypted.jar started by root in /opt/apps)
2026-09-01 00:12:31,041 [main] INFO  [com.ehowes.admin.AdminApplication] SpringApplication.java:660 - The following 1 profile is active: "prod-ehox"
2026-09-01 00:12:33,760 [main] INFO  [org.apache.coyote.http11.Http11NioProtocol] DirectJDKLog.java:173 - Initializing ProtocolHandler ["http-nio-8092"]
2026-09-01 00:12:33,761 [main] INFO  [org.apache.catalina.core.StandardService] DirectJDKLog.java:173 - Starting service [Tomcat]
2026-09-01 00:12:33,761 [main] INFO  [org.apache.catalina.core.StandardEngine] DirectJDKLog.java:173 - Starting Servlet engine: [Apache Tomcat/10.1.24]
2026-09-01 00:12:33,782 [main] INFO  [o.a.c.c.ContainerBase.[Tomcat].[localhost].[/api]] DirectJDKLog.java:173 - Initializing Spring embedded WebApplicationContext
2026-09-01 00:12:34,115 [main] INFO  [com.ehowes.redis.RedissonAutoConfiguration] RedissonAutoConfiguration.java:130 - 初始化 Redisson 配置
2026-09-01 00:12:34,199 [main] INFO  [org.redisson.Version] Version.java:43 - Redisson 3.32.0
2026-09-01 00:13:20,909 [main] INFO  [org.apache.catalina.core.StandardService] DirectJDKLog.java:173 - Stopping service [Tomcat]
2026-09-01 00:13:22,360 [main] INFO  [com.ehowes.admin.AdminApplication] StartupInfoLogger.java:50 - Starting AdminApplication v1.0.0 using Java 21.0.11 with PID 7 (/opt/apps/ehox-wes-encrypted.jar started by root in /opt/apps)
2026-09-01 00:13:22,363 [main] INFO  [com.ehowes.admin.AdminApplication] SpringApplication.java:660 - The following 1 profile is active: "prod-ehox"
2026-09-01 00:13:25,092 [main] INFO  [org.apache.coyote.http11.Http11NioProtocol] DirectJDKLog.java:173 - Initializing ProtocolHandler ["http-nio-8092"]
2026-09-01 00:13:25,093 [main] INFO  [org.apache.catalina.core.StandardService] DirectJDKLog.java:173 - Starting service [Tomcat]
2026-09-01 00:13:25,093 [main] INFO  [org.apache.catalina.core.StandardEngine] DirectJDKLog.java:173 - Starting Servlet engine: [Apache Tomcat/10.1.24]
2026-09-01 00:13:25,148 [main] INFO  [o.a.c.c.ContainerBase.[Tomcat].[localhost].[/api]] DirectJDKLog.java:173 - Initializing Spring embedded WebApplicationContext
2026-09-01 00:13:25,509 [main] INFO  [com.ehowes.redis.RedissonAutoConfiguration] RedissonAutoConfiguration.java:130 - 初始化 Redisson 配置
2026-09-01 00:13:25,585 [main] INFO  [org.redisson.Version] Version.java:43 - Redisson 3.32.0
2026-09-01 00:14:12,289 [main] INFO  [org.apache.catalina.core.StandardService] DirectJDKLog.java:173 - Stopping service [Tomcat]
2026-09-01 00:14:13,720 [main] INFO  [com.ehowes.admin.AdminApplication] StartupInfoLogger.java:50 - Starting AdminApplication v1.0.0 using Java 21.0.11 with PID 7 (/opt/apps/ehox-wes-encrypted.jar started by root in /opt/apps)
2026-09-01 00:14:13,723 [main] INFO  [com.ehowes.admin.AdminApplication] SpringApplication.java:660 - The following 1 profile is active: "prod-ehox"
2026-09-01 00:14:16,384 [main] INFO  [org.apache.coyote.http11.Http11NioProtocol] DirectJDKLog.java:173 - Initializing ProtocolHandler ["http-nio-8092"]
2026-09-01 00:14:16,385 [main] INFO  [org.apache.catalina.core.StandardService] DirectJDKLog.java:173 - Starting service [Tomcat]
2026-09-01 00:14:16,385 [main] INFO  [org.apache.catalina.core.StandardEngine] DirectJDKLog.java:173 - Starting Servlet engine: [Apache Tomcat/10.1.24]
2026-09-01 00:14:16,407 [main] INFO  [o.a.c.c.ContainerBase.[Tomcat].[localhost].[/api]] DirectJDKLog.java:173 - Initializing Spring embedded WebApplicationContext
2026-09-01 00:14:16,765 [main] INFO  [com.ehowes.redis.RedissonAutoConfiguration] RedissonAutoConfiguration.java:130 - 初始化 Redisson 配置
2026-09-01 00:14:16,843 [main] INFO  [org.redisson.Version] Version.java:43 - Redisson 3.32.0
2026-09-01 00:15:03,557 [main] INFO  [org.apache.catalina.core.StandardService] DirectJDKLog.java:173 - Stopping service [Tomcat]
2026-09-01 00:15:05,873 [main] INFO  [com.ehowes.admin.AdminApplication] StartupInfoLogger.java:50 - Starting AdminApplication v1.0.0 using Java 21.0.11 with PID 7 (/opt/apps/ehox-wes-encrypted.jar started by root in /opt/apps)
2026-09-01 00:15:05,877 [main] INFO  [com.ehowes.admin.AdminApplication] SpringApplication.java:660 - The following 1 profile is active: "prod-ehox"
2026-09-01 00:15:08,588 [main] INFO  [org.apache.coyote.http11.Http11NioProtocol] DirectJDKLog.java:173 - Initializing ProtocolHandler ["http-nio-8092"]
2026-09-01 00:15:08,589 [main] INFO  [org.apache.catalina.core.StandardService] DirectJDKLog.java:173 - Starting service [Tomcat]
2026-09-01 00:15:08,589 [main] INFO  [org.apache.catalina.core.StandardEngine] DirectJDKLog.java:173 - Starting Servlet engine: [Apache Tomcat/10.1.24]
2026-09-01 00:15:08,613 [main] INFO  [o.a.c.c.ContainerBase.[Tomcat].[localhost].[/api]] DirectJDKLog.java:173 - Initializing Spring embedded WebApplicationContext
2026-09-01 00:15:08,957 [main] INFO  [com.ehowes.redis.RedissonAutoConfiguration] RedissonAutoConfiguration.java:130 - 初始化 Redisson 配置
2026-09-01 00:15:09,035 [main] INFO  [org.redisson.Version] Version.java:43 - Redisson 3.32.0
2026-09-01 00:15:55,747 [main] INFO  [org.apache.catalina.core.StandardService] DirectJDKLog.java:173 - Stopping service [Tomcat]
2026-09-01 00:15:57,191 [main] INFO  [com.ehowes.admin.AdminApplication] StartupInfoLogger.java:50 - Starting AdminApplication v1.0.0 using Java 21.0.11 with PID 7 (/opt/apps/ehox-wes-encrypted.jar started by root in /opt/apps)
2026-09-01 00:15:57,194 [main] INFO  [com.ehowes.admin.AdminApplication] SpringApplication.java:660 - The following 1 profile is active: "prod-ehox"
2026-09-01 00:15:59,854 [main] INFO  [org.apache.coyote.http11.Http11NioProtocol] DirectJDKLog.java:173 - Initializing ProtocolHandler ["http-nio-8092"]
2026-09-01 00:15:59,856 [main] INFO  [org.apache.catalina.core.StandardService] DirectJDKLog.java:173 - Starting service [Tomcat]
2026-09-01 00:15:59,856 [main] INFO  [org.apache.catalina.core.StandardEngine] DirectJDKLog.java:173 - Starting Servlet engine: [Apache Tomcat/10.1.24]
2026-09-01 00:15:59,877 [main] INFO  [o.a.c.c.ContainerBase.[Tomcat].[localhost].[/api]] DirectJDKLog.java:173 - Initializing Spring embedded WebApplicationContext
2026-09-01 00:16:00,214 [main] INFO  [com.ehowes.redis.RedissonAutoConfiguration] RedissonAutoConfiguration.java:130 - 初始化 Redisson 配置
2026-09-01 00:16:00,291 [main] INFO  [org.redisson.Version] Version.java:43 - Redisson 3.32.0
2026-09-01 00:16:46,999 [main] INFO  [org.apache.catalina.core.StandardService] DirectJDKLog.java:173 - Stopping service [Tomcat]
2026-09-01 00:16:49,321 [main] INFO  [com.ehowes.admin.AdminApplication] StartupInfoLogger.java:50 - Starting AdminApplication v1.0.0 using Java 21.0.11 with PID 7 (/opt/apps/ehox-wes-encrypted.jar started by root in /opt/apps)
2026-09-01 00:16:49,324 [main] INFO  [com.ehowes.admin.AdminApplication] SpringApplication.java:660 - The following 1 profile is active: "prod-ehox"
2026-09-01 00:16:52,085 [main] INFO  [org.apache.coyote.http11.Http11NioProtocol] DirectJDKLog.java:173 - Initializing ProtocolHandler ["http-nio-8092"]
2026-09-01 00:16:52,086 [main] INFO  [org.apache.catalina.core.StandardService] DirectJDKLog.java:173 - Starting service [Tomcat]
2026-09-01 00:16:52,087 [main] INFO  [org.apache.catalina.core.StandardEngine] DirectJDKLog.java:173 - Starting Servlet engine: [Apache Tomcat/10.1.24]
2026-09-01 00:16:52,109 [main] INFO  [o.a.c.c.ContainerBase.[Tomcat].[localhost].[/api]] DirectJDKLog.java:173 - Initializing Spring embedded WebApplicationContext
2026-09-01 00:16:52,448 [main] INFO  [com.ehowes.redis.RedissonAutoConfiguration] RedissonAutoConfiguration.java:130 - 初始化 Redisson 配置
2026-09-01 00:16:52,528 [main] INFO  [org.redisson.Version] Version.java:43 - Redisson 3.32.0
2026-09-01 00:17:33,357 [main] INFO  [org.apache.catalina.core.StandardService] DirectJDKLog.java:173 - Stopping service [Tomcat]
2026-09-01 00:17:34,804 [main] INFO  [com.ehowes.admin.AdminApplication] StartupInfoLogger.java:50 - Starting AdminApplication v1.0.0 using Java 21.0.11 with PID 7 (/opt/apps/ehox-wes-encrypted.jar started by root in /opt/apps)
2026-09-01 00:17:34,807 [main] INFO  [com.ehowes.admin.AdminApplication] SpringApplication.java:660 - The following 1 profile is active: "prod-ehox"
2026-09-01 00:17:37,506 [main] INFO  [org.apache.coyote.http11.Http11NioProtocol] DirectJDKLog.java:173 - Initializing ProtocolHandler ["http-nio-8092"]
2026-09-01 00:17:37,507 [main] INFO  [org.apache.catalina.core.StandardService] DirectJDKLog.java:173 - Starting service [Tomcat]
2026-09-01 00:17:37,508 [main] INFO  [org.apache.catalina.core.StandardEngine] DirectJDKLog.java:173 - Starting Servlet engine: [Apache Tomcat/10.1.24]
2026-09-01 00:17:37,530 [main] INFO  [o.a.c.c.ContainerBase.[Tomcat].[localhost].[/api]] DirectJDKLog.java:173 - Initializing Spring embedded WebApplicationContext
2026-09-01 00:17:37,880 [main] INFO  [com.ehowes.redis.RedissonAutoConfiguration] RedissonAutoConfiguration.java:130 - 初始化 Redisson 配置
2026-09-01 00:17:37,957 [main] INFO  [org.redisson.Version] Version.java:43 - Redisson 3.32.0
2026-09-01 00:18:24,683 [main] INFO  [org.apache.catalina.core.StandardService] DirectJDKLog.java:173 - Stopping service [Tomcat]
2026-09-01 00:18:27,035 [main] INFO  [com.ehowes.admin.AdminApplication] StartupInfoLogger.java:50 - Starting AdminApplication v1.0.0 using Java 21.0.11 with PID 7 (/opt/apps/ehox-wes-encrypted.jar started by root in /opt/apps)
2026-09-01 00:18:27,038 [main] INFO  [com.ehowes.admin.AdminApplication] SpringApplication.java:660 - The following 1 profile is active: "prod-ehox"
2026-09-01 00:18:29,698 [main] INFO  [org.apache.coyote.http11.Http11NioProtocol] DirectJDKLog.java:173 - Initializing ProtocolHandler ["http-nio-8092"]
2026-09-01 00:18:29,699 [main] INFO  [org.apache.catalina.core.StandardService] DirectJDKLog.java:173 - Starting service [Tomcat]
2026-09-01 00:18:29,699 [main] INFO  [org.apache.catalina.core.StandardEngine] DirectJDKLog.java:173 - Starting Servlet engine: [Apache Tomcat/10.1.24]
2026-09-01 00:18:29,720 [main] INFO  [o.a.c.c.ContainerBase.[Tomcat].[localhost].[/api]] DirectJDKLog.java:173 - Initializing Spring embedded WebApplicationContext
2026-09-01 00:18:30,064 [main] INFO  [com.ehowes.redis.RedissonAutoConfiguration] RedissonAutoConfiguration.java:130 - 初始化 Redisson 配置
2026-09-01 00:18:30,138 [main] INFO  [org.redisson.Version] Version.java:43 - Redisson 3.32.0
2026-09-01 00:19:08,867 [main] INFO  [org.apache.catalina.core.StandardService] DirectJDKLog.java:173 - Stopping service [Tomcat]
2026-09-01 00:19:10,389 [main] INFO  [com.ehowes.admin.AdminApplication] StartupInfoLogger.java:50 - Starting AdminApplication v1.0.0 using Java 21.0.11 with PID 7 (/opt/apps/ehox-wes-encrypted.jar started by root in /opt/apps)
2026-09-01 00:19:10,393 [main] INFO  [com.ehowes.admin.AdminApplication] SpringApplication.java:660 - The following 1 profile is active: "prod-ehox"
2026-09-01 00:19:13,122 [main] INFO  [org.apache.coyote.http11.Http11NioProtocol] DirectJDKLog.java:173 - Initializing ProtocolHandler ["http-nio-8092"]
2026-09-01 00:19:13,124 [main] INFO  [org.apache.catalina.core.StandardService] DirectJDKLog.java:173 - Starting service [Tomcat]
2026-09-01 00:19:13,124 [main] INFO  [org.apache.catalina.core.StandardEngine] DirectJDKLog.java:173 - Starting Servlet engine: [Apache Tomcat/10.1.24]
2026-09-01 00:19:13,149 [main] INFO  [o.a.c.c.ContainerBase.[Tomcat].[localhost].[/api]] DirectJDKLog.java:173 - Initializing Spring embedded WebApplicationContext
2026-09-01 00:19:13,575 [main] INFO  [com.ehowes.redis.RedissonAutoConfiguration] RedissonAutoConfiguration.java:130 - 初始化 Redisson 配置
2026-09-01 00:19:13,650 [main] INFO  [org.redisson.Version] Version.java:43 - Redisson 3.32.0
2026-09-01 00:20:00,368 [main] INFO  [org.apache.catalina.core.StandardService] DirectJDKLog.java:173 - Stopping service [Tomcat]
2026-09-01 00:20:02,730 [main] INFO  [com.ehowes.admin.AdminApplication] StartupInfoLogger.java:50 - Starting AdminApplication v1.0.0 using Java 21.0.11 with PID 7 (/opt/apps/ehox-wes-encrypted.jar started by root in /opt/apps)
2026-09-01 00:20:02,733 [main] INFO  [com.ehowes.admin.AdminApplication] SpringApplication.java:660 - The following 1 profile is active: "prod-ehox"
2026-09-01 00:20:05,483 [main] INFO  [org.apache.coyote.http11.Http11NioProtocol] DirectJDKLog.java:173 - Initializing ProtocolHandler ["http-nio-8092"]
2026-09-01 00:20:05,484 [main] INFO  [org.apache.catalina.core.StandardService] DirectJDKLog.java:173 - Starting service [Tomcat]
2026-09-01 00:20:05,484 [main] INFO  [org.apache.catalina.core.StandardEngine] DirectJDKLog.java:173 - Starting Servlet engine: [Apache Tomcat/10.1.24]
2026-09-01 00:20:05,505 [main] INFO  [o.a.c.c.ContainerBase.[Tomcat].[localhost].[/api]] DirectJDKLog.java:173 - Initializing Spring embedded WebApplicationContext
2026-09-01 00:20:05,835 [main] INFO  [com.ehowes.redis.RedissonAutoConfiguration] RedissonAutoConfiguration.java:130 - 初始化 Redisson 配置
2026-09-01 00:20:05,910 [main] INFO  [org.redisson.Version] Version.java:43 - Redisson 3.32.0
2026-09-01 00:20:52,613 [main] INFO  [org.apache.catalina.core.StandardService] DirectJDKLog.java:173 - Stopping service [Tomcat]
2026-09-01 00:20:54,156 [main] INFO  [com.ehowes.admin.AdminApplication] StartupInfoLogger.java:50 - Starting AdminApplication v1.0.0 using Java 21.0.11 with PID 7 (/opt/apps/ehox-wes-encrypted.jar started by root in /opt/apps)
2026-09-01 00:20:54,160 [main] INFO  [com.ehowes.admin.AdminApplication] SpringApplication.java:660 - The following 1 profile is active: "prod-ehox"
2026-09-01 00:20:56,973 [main] INFO  [org.apache.coyote.http11.Http11NioProtocol] DirectJDKLog.java:173 - Initializing ProtocolHandler ["http-nio-8092"]
2026-09-01 00:20:56,974 [main] INFO  [org.apache.catalina.core.StandardService] DirectJDKLog.java:173 - Starting service [Tomcat]
2026-09-01 00:20:56,974 [main] INFO  [org.apache.catalina.core.StandardEngine] DirectJDKLog.java:173 - Starting Servlet engine: [Apache Tomcat/10.1.24]
2026-09-01 00:20:56,996 [main] INFO  [o.a.c.c.ContainerBase.[Tomcat].[localhost].[/api]] DirectJDKLog.java:173 - Initializing Spring embedded WebApplicationContext
2026-09-01 00:20:57,346 [main] INFO  [com.ehowes.redis.RedissonAutoConfiguration] RedissonAutoConfiguration.java:130 - 初始化 Redisson 配置
2026-09-01 00:20:57,428 [main] INFO  [org.redisson.Version] Version.java:43 - Redisson 3.32.0
2026-09-01 00:21:44,155 [main] INFO  [org.apache.catalina.core.StandardService] DirectJDKLog.java:173 - Stopping service [Tomcat]
2026-09-01 00:21:45,621 [main] INFO  [com.ehowes.admin.AdminApplication] StartupInfoLogger.java:50 - Starting AdminApplication v1.0.0 using Java 21.0.11 with PID 7 (/opt/apps/ehox-wes-encrypted.jar started by root in /opt/apps)
2026-09-01 00:21:45,625 [main] INFO  [com.ehowes.admin.AdminApplication] SpringApplication.java:660 - The following 1 profile is active: "prod-ehox"
2026-09-01 00:21:48,398 [main] INFO  [org.apache.coyote.http11.Http11NioProtocol] DirectJDKLog.java:173 - Initializing ProtocolHandler ["http-nio-8092"]
2026-09-01 00:21:48,399 [main] INFO  [org.apache.catalina.core.StandardService] DirectJDKLog.java:173 - Starting service [Tomcat]
2026-09-01 00:21:48,399 [main] INFO  [org.apache.catalina.core.StandardEngine] DirectJDKLog.java:173 - Starting Servlet engine: [Apache Tomcat/10.1.24]
2026-09-01 00:21:48,436 [main] INFO  [o.a.c.c.ContainerBase.[Tomcat].[localhost].[/api]] DirectJDKLog.java:173 - Initializing Spring embedded WebApplicationContext
2026-09-01 00:21:48,776 [main] INFO  [com.ehowes.redis.RedissonAutoConfiguration] RedissonAutoConfiguration.java:130 - 初始化 Redisson 配置
2026-09-01 00:21:48,852 [main] INFO  [org.redisson.Version] Version.java:43 - Redisson 3.32.0
2026-09-01 00:22:35,557 [main] INFO  [org.apache.catalina.core.StandardService] DirectJDKLog.java:173 - Stopping service [Tomcat]
2026-09-01 00:22:37,091 [main] INFO  [com.ehowes.admin.AdminApplication] StartupInfoLogger.java:50 - Starting AdminApplication v1.0.0 using Java 21.0.11 with PID 7 (/opt/apps/ehox-wes-encrypted.jar started by root in /opt/apps)
2026-09-01 00:22:37,095 [main] INFO  [com.ehowes.admin.AdminApplication] SpringApplication.java:660 - The following 1 profile is active: "prod-ehox"
2026-09-01 00:22:39,918 [main] INFO  [org.apache.coyote.http11.Http11NioProtocol] DirectJDKLog.java:173 - Initializing ProtocolHandler ["http-nio-8092"]
2026-09-01 00:22:39,920 [main] INFO  [org.apache.catalina.core.StandardService] DirectJDKLog.java:173 - Starting service [Tomcat]
2026-09-01 00:22:39,920 [main] INFO  [org.apache.catalina.core.StandardEngine] DirectJDKLog.java:173 - Starting Servlet engine: [Apache Tomcat/10.1.24]
2026-09-01 00:22:39,947 [main] INFO  [o.a.c.c.ContainerBase.[Tomcat].[localhost].[/api]] DirectJDKLog.java:173 - Initializing Spring embedded WebApplicationContext
2026-09-01 00:22:40,309 [main] INFO  [com.ehowes.redis.RedissonAutoConfiguration] RedissonAutoConfiguration.java:130 - 初始化 Redisson 配置
2026-09-01 00:22:40,388 [main] INFO  [org.redisson.Version] Version.java:43 - Redisson 3.32.0
2026-09-01 00:23:27,084 [main] INFO  [org.apache.catalina.core.StandardService] DirectJDKLog.java:173 - Stopping service [Tomcat]
2026-09-01 00:23:28,525 [main] INFO  [com.ehowes.admin.AdminApplication] StartupInfoLogger.java:50 - Starting AdminApplication v1.0.0 using Java 21.0.11 with PID 7 (/opt/apps/ehox-wes-encrypted.jar started by root in /opt/apps)
2026-09-01 00:23:28,528 [main] INFO  [com.ehowes.admin.AdminApplication] SpringApplication.java:660 - The following 1 profile is active: "prod-ehox"
2026-09-01 00:23:31,327 [main] INFO  [org.apache.coyote.http11.Http11NioProtocol] DirectJDKLog.java:173 - Initializing ProtocolHandler ["http-nio-8092"]
2026-09-01 00:23:31,328 [main] INFO  [org.apache.catalina.core.StandardService] DirectJDKLog.java:173 - Starting service [Tomcat]
2026-09-01 00:23:31,328 [main] INFO  [org.apache.catalina.core.StandardEngine] DirectJDKLog.java:173 - Starting Servlet engine: [Apache Tomcat/10.1.24]
2026-09-01 00:23:31,349 [main] INFO  [o.a.c.c.ContainerBase.[Tomcat].[localhost].[/api]] DirectJDKLog.java:173 - Initializing Spring embedded WebApplicationContext
2026-09-01 00:23:31,688 [main] INFO  [com.ehowes.redis.RedissonAutoConfiguration] RedissonAutoConfiguration.java:130 - 初始化 Redisson 配置
2026-09-01 00:23:31,763 [main] INFO  [org.redisson.Version] Version.java:43 - Redisson 3.32.0
2026-09-01 00:24:13,624 [main] INFO  [org.apache.catalina.core.StandardService] DirectJDKLog.java:173 - Stopping service [Tomcat]
2026-09-01 00:24:15,053 [main] INFO  [com.ehowes.admin.AdminApplication] StartupInfoLogger.java:50 - Starting AdminApplication v1.0.0 using Java 21.0.11 with PID 7 (/opt/apps/ehox-wes-encrypted.jar started by root in /opt/apps)
2026-09-01 00:24:15,056 [main] INFO  [com.ehowes.admin.AdminApplication] SpringApplication.java:660 - The following 1 profile is active: "prod-ehox"
2026-09-01 00:24:17,702 [main] INFO  [org.apache.coyote.http11.Http11NioProtocol] DirectJDKLog.java:173 - Initializing ProtocolHandler ["http-nio-8092"]
2026-09-01 00:24:17,704 [main] INFO  [org.apache.catalina.core.StandardService] DirectJDKLog.java:173 - Starting service [Tomcat]
2026-09-01 00:24:17,704 [main] INFO  [org.apache.catalina.core.StandardEngine] DirectJDKLog.java:173 - Starting Servlet engine: [Apache Tomcat/10.1.24]
2026-09-01 00:24:17,725 [main] INFO  [o.a.c.c.ContainerBase.[Tomcat].[localhost].[/api]] DirectJDKLog.java:173 - Initializing Spring embedded WebApplicationContext
2026-09-01 00:24:18,094 [main] INFO  [com.ehowes.redis.RedissonAutoConfiguration] RedissonAutoConfiguration.java:130 - 初始化 Redisson 配置
2026-09-01 00:24:18,179 [main] INFO  [org.redisson.Version] Version.java:43 - Redisson 3.32.0
2026-09-01 00:25:04,890 [main] INFO  [org.apache.catalina.core.StandardService] DirectJDKLog.java:173 - Stopping service [Tomcat]
2026-09-01 00:25:07,240 [main] INFO  [com.ehowes.admin.AdminApplication] StartupInfoLogger.java:50 - Starting AdminApplication v1.0.0 using Java 21.0.11 with PID 7 (/opt/apps/ehox-wes-encrypted.jar started by root in /opt/apps)
2026-09-01 00:25:07,244 [main] INFO  [com.ehowes.admin.AdminApplication] SpringApplication.java:660 - The following 1 profile is active: "prod-ehox"
2026-09-01 00:25:09,943 [main] INFO  [org.apache.coyote.http11.Http11NioProtocol] DirectJDKLog.java:173 - Initializing ProtocolHandler ["http-nio-8092"]
2026-09-01 00:25:09,944 [main] INFO  [org.apache.catalina.core.StandardService] DirectJDKLog.java:173 - Starting service [Tomcat]
2026-09-01 00:25:09,944 [main] INFO  [org.apache.catalina.core.StandardEngine] DirectJDKLog.java:173 - Starting Servlet engine: [Apache Tomcat/10.1.24]
2026-09-01 00:25:09,965 [main] INFO  [o.a.c.c.ContainerBase.[Tomcat].[localhost].[/api]] DirectJDKLog.java:173 - Initializing Spring embedded WebApplicationContext
2026-09-01 00:25:10,304 [main] INFO  [com.ehowes.redis.RedissonAutoConfiguration] RedissonAutoConfiguration.java:130 - 初始化 Redisson 配置
2026-09-01 00:25:10,379 [main] INFO  [org.redisson.Version] Version.java:43 - Redisson 3.32.0
2026-09-01 00:25:57,082 [main] INFO  [org.apache.catalina.core.StandardService] DirectJDKLog.java:173 - Stopping service [Tomcat]
2026-09-01 00:25:58,535 [main] INFO  [com.ehowes.admin.AdminApplication] StartupInfoLogger.java:50 - Starting AdminApplication v1.0.0 using Java 21.0.11 with PID 7 (/opt/apps/ehox-wes-encrypted.jar started by root in /opt/apps)
2026-09-01 00:25:58,538 [main] INFO  [com.ehowes.admin.AdminApplication] SpringApplication.java:660 - The following 1 profile is active: "prod-ehox"
2026-09-01 00:26:01,204 [main] INFO  [org.apache.coyote.http11.Http11NioProtocol] DirectJDKLog.java:173 - Initializing ProtocolHandler ["http-nio-8092"]
2026-09-01 00:26:01,205 [main] INFO  [org.apache.catalina.core.StandardService] DirectJDKLog.java:173 - Starting service [Tomcat]
2026-09-01 00:26:01,206 [main] INFO  [org.apache.catalina.core.StandardEngine] DirectJDKLog.java:173 - Starting Servlet engine: [Apache Tomcat/10.1.24]
2026-09-01 00:26:01,228 [main] INFO  [o.a.c.c.ContainerBase.[Tomcat].[localhost].[/api]] DirectJDKLog.java:173 - Initializing Spring embedded WebApplicationContext
2026-09-01 00:26:01,592 [main] INFO  [com.ehowes.redis.RedissonAutoConfiguration] RedissonAutoConfiguration.java:130 - 初始化 Redisson 配置
2026-09-01 00:26:01,668 [main] INFO  [org.redisson.Version] Version.java:43 - Redisson 3.32.0
2026-09-01 00:26:48,393 [main] INFO  [org.apache.catalina.core.StandardService] DirectJDKLog.java:173 - Stopping service [Tomcat]
2026-09-01 00:26:49,827 [main] INFO  [com.ehowes.admin.AdminApplication] StartupInfoLogger.java:50 - Starting AdminApplication v1.0.0 using Java 21.0.11 with PID 7 (/opt/apps/ehox-wes-encrypted.jar started by root in /opt/apps)
2026-09-01 00:26:49,830 [main] INFO  [com.ehowes.admin.AdminApplication] SpringApplication.java:660 - The following 1 profile is active: "prod-ehox"
2026-09-01 00:26:52,535 [main] INFO  [org.apache.coyote.http11.Http11NioProtocol] DirectJDKLog.java:173 - Initializing ProtocolHandler ["http-nio-8092"]
2026-09-01 00:26:52,536 [main] INFO  [org.apache.catalina.core.StandardService] DirectJDKLog.java:173 - Starting service [Tomcat]
2026-09-01 00:26:52,536 [main] INFO  [org.apache.catalina.core.StandardEngine] DirectJDKLog.java:173 - Starting Servlet engine: [Apache Tomcat/10.1.24]
2026-09-01 00:26:52,564 [main] INFO  [o.a.c.c.ContainerBase.[Tomcat].[localhost].[/api]] DirectJDKLog.java:173 - Initializing Spring embedded WebApplicationContext
2026-09-01 00:26:52,952 [main] INFO  [com.ehowes.redis.RedissonAutoConfiguration] RedissonAutoConfiguration.java:130 - 初始化 Redisson 配置
2026-09-01 00:26:53,040 [main] INFO  [org.redisson.Version] Version.java:43 - Redisson 3.32.0
2026-09-01 00:27:39,766 [main] INFO  [org.apache.catalina.core.StandardService] DirectJDKLog.java:173 - Stopping service [Tomcat]
2026-09-01 00:27:41,217 [main] INFO  [com.ehowes.admin.AdminApplication] StartupInfoLogger.java:50 - Starting AdminApplication v1.0.0 using Java 21.0.11 with PID 7 (/opt/apps/ehox-wes-encrypted.jar started by root in /opt/apps)
2026-09-01 00:27:41,220 [main] INFO  [com.ehowes.admin.AdminApplication] SpringApplication.java:660 - The following 1 profile is active: "prod-ehox"
2026-09-01 00:27:43,898 [main] INFO  [org.apache.coyote.http11.Http11NioProtocol] DirectJDKLog.java:173 - Initializing ProtocolHandler ["http-nio-8092"]
2026-09-01 00:27:43,899 [main] INFO  [org.apache.catalina.core.StandardService] DirectJDKLog.java:173 - Starting service [Tomcat]
2026-09-01 00:27:43,899 [main] INFO  [org.apache.catalina.core.StandardEngine] DirectJDKLog.java:173 - Starting Servlet engine: [Apache Tomcat/10.1.24]
2026-09-01 00:27:43,921 [main] INFO  [o.a.c.c.ContainerBase.[Tomcat].[localhost].[/api]] DirectJDKLog.java:173 - Initializing Spring embedded WebApplicationContext
2026-09-01 00:27:44,261 [main] INFO  [com.ehowes.redis.RedissonAutoConfiguration] RedissonAutoConfiguration.java:130 - 初始化 Redisson 配置
2026-09-01 00:27:44,339 [main] INFO  [org.redisson.Version] Version.java:43 - Redisson 3.32.0
2026-09-01 00:28:31,060 [main] INFO  [org.apache.catalina.core.StandardService] DirectJDKLog.java:173 - Stopping service [Tomcat]
2026-09-01 00:28:33,361 [main] INFO  [com.ehowes.admin.AdminApplication] StartupInfoLogger.java:50 - Starting AdminApplication v1.0.0 using Java 21.0.11 with PID 7 (/opt/apps/ehox-wes-encrypted.jar started by root in /opt/apps)
2026-09-01 00:28:33,364 [main] INFO  [com.ehowes.admin.AdminApplication] SpringApplication.java:660 - The following 1 profile is active: "prod-ehox"
2026-09-01 00:28:36,030 [main] INFO  [org.apache.coyote.http11.Http11NioProtocol] DirectJDKLog.java:173 - Initializing ProtocolHandler ["http-nio-8092"]
2026-09-01 00:28:36,031 [main] INFO  [org.apache.catalina.core.StandardService] DirectJDKLog.java:173 - Starting service [Tomcat]
2026-09-01 00:28:36,031 [main] INFO  [org.apache.catalina.core.StandardEngine] DirectJDKLog.java:173 - Starting Servlet engine: [Apache Tomcat/10.1.24]
2026-09-01 00:28:36,060 [main] INFO  [o.a.c.c.ContainerBase.[Tomcat].[localhost].[/api]] DirectJDKLog.java:173 - Initializing Spring embedded WebApplicationContext
2026-09-01 00:28:36,481 [main] INFO  [com.ehowes.redis.RedissonAutoConfiguration] RedissonAutoConfiguration.java:130 - 初始化 Redisson 配置
2026-09-01 00:28:36,562 [main] INFO  [org.redisson.Version] Version.java:43 - Redisson 3.32.0
2026-09-01 00:29:23,290 [main] INFO  [org.apache.catalina.core.StandardService] DirectJDKLog.java:173 - Stopping service [Tomcat]
2026-09-01 00:29:24,717 [main] INFO  [com.ehowes.admin.AdminApplication] StartupInfoLogger.java:50 - Starting AdminApplication v1.0.0 using Java 21.0.11 with PID 7 (/opt/apps/ehox-wes-encrypted.jar started by root in /opt/apps)
2026-09-01 00:29:24,721 [main] INFO  [com.ehowes.admin.AdminApplication] SpringApplication.java:660 - The following 1 profile is active: "prod-ehox"
2026-09-01 00:29:27,379 [main] INFO  [org.apache.coyote.http11.Http11NioProtocol] DirectJDKLog.java:173 - Initializing ProtocolHandler ["http-nio-8092"]
2026-09-01 00:29:27,380 [main] INFO  [org.apache.catalina.core.StandardService] DirectJDKLog.java:173 - Starting service [Tomcat]
2026-09-01 00:29:27,380 [main] INFO  [org.apache.catalina.core.StandardEngine] DirectJDKLog.java:173 - Starting Servlet engine: [Apache Tomcat/10.1.24]
2026-09-01 00:29:27,402 [main] INFO  [o.a.c.c.ContainerBase.[Tomcat].[localhost].[/api]] DirectJDKLog.java:173 - Initializing Spring embedded WebApplicationContext
2026-09-01 00:29:27,761 [main] INFO  [com.ehowes.redis.RedissonAutoConfiguration] RedissonAutoConfiguration.java:130 - 初始化 Redisson 配置
2026-09-01 00:29:27,843 [main] INFO  [org.redisson.Version] Version.java:43 - Redisson 3.32.0
2026-09-01 00:30:14,563 [main] INFO  [org.apache.catalina.core.StandardService] DirectJDKLog.java:173 - Stopping service [Tomcat]
2026-09-01 00:30:16,886 [main] INFO  [com.ehowes.admin.AdminApplication] StartupInfoLogger.java:50 - Starting AdminApplication v1.0.0 using Java 21.0.11 with PID 7 (/opt/apps/ehox-wes-encrypted.jar started by root in /opt/apps)
2026-09-01 00:30:16,890 [main] INFO  [com.ehowes.admin.AdminApplication] SpringApplication.java:660 - The following 1 profile is active: "prod-ehox"
2026-09-01 00:30:19,579 [main] INFO  [org.apache.coyote.http11.Http11NioProtocol] DirectJDKLog.java:173 - Initializing ProtocolHandler ["http-nio-8092"]
2026-09-01 00:30:19,581 [main] INFO  [org.apache.catalina.core.StandardService] DirectJDKLog.java:173 - Starting service [Tomcat]
2026-09-01 00:30:19,581 [main] INFO  [org.apache.catalina.core.StandardEngine] DirectJDKLog.java:173 - Starting Servlet engine: [Apache Tomcat/10.1.24]
2026-09-01 00:30:19,643 [main] INFO  [o.a.c.c.ContainerBase.[Tomcat].[localhost].[/api]] DirectJDKLog.java:173 - Initializing Spring embedded WebApplicationContext
2026-09-01 00:30:20,007 [main] INFO  [com.ehowes.redis.RedissonAutoConfiguration] RedissonAutoConfiguration.java:130 - 初始化 Redisson 配置
2026-09-01 00:30:20,082 [main] INFO  [org.redisson.Version] Version.java:43 - Redisson 3.32.0
2026-09-01 00:31:00,927 [main] INFO  [org.apache.catalina.core.StandardService] DirectJDKLog.java:173 - Stopping service [Tomcat]
2026-09-01 00:31:02,419 [main] INFO  [com.ehowes.admin.AdminApplication] StartupInfoLogger.java:50 - Starting AdminApplication v1.0.0 using Java 21.0.11 with PID 7 (/opt/apps/ehox-wes-encrypted.jar started by root in /opt/apps)
2026-09-01 00:31:02,422 [main] INFO  [com.ehowes.admin.AdminApplication] SpringApplication.java:660 - The following 1 profile is active: "prod-ehox"
2026-09-01 00:31:05,134 [main] INFO  [org.apache.coyote.http11.Http11NioProtocol] DirectJDKLog.java:173 - Initializing ProtocolHandler ["http-nio-8092"]
2026-09-01 00:31:05,135 [main] INFO  [org.apache.catalina.core.StandardService] DirectJDKLog.java:173 - Starting service [Tomcat]
2026-09-01 00:31:05,135 [main] INFO  [org.apache.catalina.core.StandardEngine] DirectJDKLog.java:173 - Starting Servlet engine: [Apache Tomcat/10.1.24]
2026-09-01 00:31:05,157 [main] INFO  [o.a.c.c.ContainerBase.[Tomcat].[localhost].[/api]] DirectJDKLog.java:173 - Initializing Spring embedded WebApplicationContext
2026-09-01 00:31:05,487 [main] INFO  [com.ehowes.redis.RedissonAutoConfiguration] RedissonAutoConfiguration.java:130 - 初始化 Redisson 配置
2026-09-01 00:31:05,564 [main] INFO  [org.redisson.Version] Version.java:43 - Redisson 3.32.0
2026-09-01 00:31:49,436 [main] INFO  [org.apache.catalina.core.StandardService] DirectJDKLog.java:173 - Stopping service [Tomcat]
2026-09-01 00:31:50,910 [main] INFO  [com.ehowes.admin.AdminApplication] StartupInfoLogger.java:50 - Starting AdminApplication v1.0.0 using Java 21.0.11 with PID 7 (/opt/apps/ehox-wes-encrypted.jar started by root in /opt/apps)
2026-09-01 00:31:50,914 [main] INFO  [com.ehowes.admin.AdminApplication] SpringApplication.java:660 - The following 1 profile is active: "prod-ehox"
2026-09-01 00:31:53,575 [main] INFO  [org.apache.coyote.http11.Http11NioProtocol] DirectJDKLog.java:173 - Initializing ProtocolHandler ["http-nio-8092"]
2026-09-01 00:31:53,577 [main] INFO  [org.apache.catalina.core.StandardService] DirectJDKLog.java:173 - Starting service [Tomcat]
2026-09-01 00:31:53,577 [main] INFO  [org.apache.catalina.core.StandardEngine] DirectJDKLog.java:173 - Starting Servlet engine: [Apache Tomcat/10.1.24]
2026-09-01 00:31:53,597 [main] INFO  [o.a.c.c.ContainerBase.[Tomcat].[localhost].[/api]] DirectJDKLog.java:173 - Initializing Spring embedded WebApplicationContext
2026-09-01 00:31:53,940 [main] INFO  [com.ehowes.redis.RedissonAutoConfiguration] RedissonAutoConfiguration.java:130 - 初始化 Redisson 配置
2026-09-01 00:31:54,014 [main] INFO  [org.redisson.Version] Version.java:43 - Redisson 3.32.0
2026-09-01 00:32:40,741 [main] INFO  [org.apache.catalina.core.StandardService] DirectJDKLog.java:173 - Stopping service [Tomcat]
2026-09-01 00:32:43,055 [main] INFO  [com.ehowes.admin.AdminApplication] StartupInfoLogger.java:50 - Starting AdminApplication v1.0.0 using Java 21.0.11 with PID 7 (/opt/apps/ehox-wes-encrypted.jar started by root in /opt/apps)
2026-09-01 00:32:43,058 [main] INFO  [com.ehowes.admin.AdminApplication] SpringApplication.java:660 - The following 1 profile is active: "prod-ehox"
2026-09-01 00:32:45,727 [main] INFO  [org.apache.coyote.http11.Http11NioProtocol] DirectJDKLog.java:173 - Initializing ProtocolHandler ["http-nio-8092"]
2026-09-01 00:32:45,728 [main] INFO  [org.apache.catalina.core.StandardService] DirectJDKLog.java:173 - Starting service [Tomcat]
2026-09-01 00:32:45,728 [main] INFO  [org.apache.catalina.core.StandardEngine] DirectJDKLog.java:173 - Starting Servlet engine: [Apache Tomcat/10.1.24]
2026-09-01 00:32:45,751 [main] INFO  [o.a.c.c.ContainerBase.[Tomcat].[localhost].[/api]] DirectJDKLog.java:173 - Initializing Spring embedded WebApplicationContext
2026-09-01 00:32:46,099 [main] INFO  [com.ehowes.redis.RedissonAutoConfiguration] RedissonAutoConfiguration.java:130 - 初始化 Redisson 配置
2026-09-01 00:32:46,177 [main] INFO  [org.redisson.Version] Version.java:43 - Redisson 3.32.0
2026-09-01 00:33:32,894 [main] INFO  [org.apache.catalina.core.StandardService] DirectJDKLog.java:173 - Stopping service [Tomcat]
2026-09-01 00:33:34,363 [main] INFO  [com.ehowes.admin.AdminApplication] StartupInfoLogger.java:50 - Starting AdminApplication v1.0.0 using Java 21.0.11 with PID 7 (/opt/apps/ehox-wes-encrypted.jar started by root in /opt/apps)
2026-09-01 00:33:34,365 [main] INFO  [com.ehowes.admin.AdminApplication] SpringApplication.java:660 - The following 1 profile is active: "prod-ehox"
2026-09-01 00:33:37,047 [main] INFO  [org.apache.coyote.http11.Http11NioProtocol] DirectJDKLog.java:173 - Initializing ProtocolHandler ["http-nio-8092"]
2026-09-01 00:33:37,048 [main] INFO  [org.apache.catalina.core.StandardService] DirectJDKLog.java:173 - Starting service [Tomcat]
2026-09-01 00:33:37,048 [main] INFO  [org.apache.catalina.core.StandardEngine] DirectJDKLog.java:173 - Starting Servlet engine: [Apache Tomcat/10.1.24]
2026-09-01 00:33:37,072 [main] INFO  [o.a.c.c.ContainerBase.[Tomcat].[localhost].[/api]] DirectJDKLog.java:173 - Initializing Spring embedded WebApplicationContext
2026-09-01 00:33:37,399 [main] INFO  [com.ehowes.redis.RedissonAutoConfiguration] RedissonAutoConfiguration.java:130 - 初始化 Redisson 配置
2026-09-01 00:33:37,475 [main] INFO  [org.redisson.Version] Version.java:43 - Redisson 3.32.0
2026-09-01 00:34:24,175 [main] INFO  [org.apache.catalina.core.StandardService] DirectJDKLog.java:173 - Stopping service [Tomcat]
2026-09-01 00:34:25,575 [main] INFO  [com.ehowes.admin.AdminApplication] StartupInfoLogger.java:50 - Starting AdminApplication v1.0.0 using Java 21.0.11 with PID 7 (/opt/apps/ehox-wes-encrypted.jar started by root in /opt/apps)
2026-09-01 00:34:25,579 [main] INFO  [com.ehowes.admin.AdminApplication] SpringApplication.java:660 - The following 1 profile is active: "prod-ehox"
2026-09-01 00:34:28,232 [main] INFO  [org.apache.coyote.http11.Http11NioProtocol] DirectJDKLog.java:173 - Initializing ProtocolHandler ["http-nio-8092"]
2026-09-01 00:34:28,233 [main] INFO  [org.apache.catalina.core.StandardService] DirectJDKLog.java:173 - Starting service [Tomcat]
2026-09-01 00:34:28,233 [main] INFO  [org.apache.catalina.core.StandardEngine] DirectJDKLog.java:173 - Starting Servlet engine: [Apache Tomcat/10.1.24]
2026-09-01 00:34:28,253 [main] INFO  [o.a.c.c.ContainerBase.[Tomcat].[localhost].[/api]] DirectJDKLog.java:173 - Initializing Spring embedded WebApplicationContext
2026-09-01 00:34:28,618 [main] INFO  [com.ehowes.redis.RedissonAutoConfiguration] RedissonAutoConfiguration.java:130 - 初始化 Redisson 配置
2026-09-01 00:34:28,693 [main] INFO  [org.redisson.Version] Version.java:43 - Redisson 3.32.0
2026-09-01 00:35:15,418 [main] INFO  [org.apache.catalina.core.StandardService] DirectJDKLog.java:173 - Stopping service [Tomcat]
2026-09-01 00:35:17,737 [main] INFO  [com.ehowes.admin.AdminApplication] StartupInfoLogger.java:50 - Starting AdminApplication v1.0.0 using Java 21.0.11 with PID 7 (/opt/apps/ehox-wes-encrypted.jar started by root in /opt/apps)
2026-09-01 00:35:17,741 [main] INFO  [com.ehowes.admin.AdminApplication] SpringApplication.java:660 - The following 1 profile is active: "prod-ehox"
2026-09-01 00:35:20,441 [main] INFO  [org.apache.coyote.http11.Http11NioProtocol] DirectJDKLog.java:173 - Initializing ProtocolHandler ["http-nio-8092"]
2026-09-01 00:35:20,442 [main] INFO  [org.apache.catalina.core.StandardService] DirectJDKLog.java:173 - Starting service [Tomcat]
2026-09-01 00:35:20,442 [main] INFO  [org.apache.catalina.core.StandardEngine] DirectJDKLog.java:173 - Starting Servlet engine: [Apache Tomcat/10.1.24]
2026-09-01 00:35:20,462 [main] INFO  [o.a.c.c.ContainerBase.[Tomcat].[localhost].[/api]] DirectJDKLog.java:173 - Initializing Spring embedded WebApplicationContext
2026-09-01 00:35:20,806 [main] INFO  [com.ehowes.redis.RedissonAutoConfiguration] RedissonAutoConfiguration.java:130 - 初始化 Redisson 配置
2026-09-01 00:35:20,888 [main] INFO  [org.redisson.Version] Version.java:43 - Redisson 3.32.0
2026-09-01 00:36:07,606 [main] INFO  [org.apache.catalina.core.StandardService] DirectJDKLog.java:173 - Stopping service [Tomcat]
2026-09-01 00:36:09,028 [main] INFO  [com.ehowes.admin.AdminApplication] StartupInfoLogger.java:50 - Starting AdminApplication v1.0.0 using Java 21.0.11 with PID 7 (/opt/apps/ehox-wes-encrypted.jar started by root in /opt/apps)
2026-09-01 00:36:09,031 [main] INFO  [com.ehowes.admin.AdminApplication] SpringApplication.java:660 - The following 1 profile is active: "prod-ehox"
2026-09-01 00:36:11,689 [main] INFO  [org.apache.coyote.http11.Http11NioProtocol] DirectJDKLog.java:173 - Initializing ProtocolHandler ["http-nio-8092"]
2026-09-01 00:36:11,690 [main] INFO  [org.apache.catalina.core.StandardService] DirectJDKLog.java:173 - Starting service [Tomcat]
2026-09-01 00:36:11,690 [main] INFO  [org.apache.catalina.core.StandardEngine] DirectJDKLog.java:173 - Starting Servlet engine: [Apache Tomcat/10.1.24]
2026-09-01 00:36:11,737 [main] INFO  [o.a.c.c.ContainerBase.[Tomcat].[localhost].[/api]] DirectJDKLog.java:173 - Initializing Spring embedded WebApplicationContext
2026-09-01 00:36:12,080 [main] INFO  [com.ehowes.redis.RedissonAutoConfiguration] RedissonAutoConfiguration.java:130 - 初始化 Redisson 配置
2026-09-01 00:36:12,157 [main] INFO  [org.redisson.Version] Version.java:43 - Redisson 3.32.0
2026-09-01 00:36:58,880 [main] INFO  [org.apache.catalina.core.StandardService] DirectJDKLog.java:173 - Stopping service [Tomcat]
2026-09-01 00:37:00,389 [main] INFO  [com.ehowes.admin.AdminApplication] StartupInfoLogger.java:50 - Starting AdminApplication v1.0.0 using Java 21.0.11 with PID 7 (/opt/apps/ehox-wes-encrypted.jar started by root in /opt/apps)
2026-09-01 00:37:00,393 [main] INFO  [com.ehowes.admin.AdminApplication] SpringApplication.java:660 - The following 1 profile is active: "prod-ehox"
2026-09-01 00:37:03,129 [main] INFO  [org.apache.coyote.http11.Http11NioProtocol] DirectJDKLog.java:173 - Initializing ProtocolHandler ["http-nio-8092"]
2026-09-01 00:37:03,130 [main] INFO  [org.apache.catalina.core.StandardService] DirectJDKLog.java:173 - Starting service [Tomcat]
2026-09-01 00:37:03,130 [main] INFO  [org.apache.catalina.core.StandardEngine] DirectJDKLog.java:173 - Starting Servlet engine: [Apache Tomcat/10.1.24]
2026-09-01 00:37:03,150 [main] INFO  [o.a.c.c.ContainerBase.[Tomcat].[localhost].[/api]] DirectJDKLog.java:173 - Initializing Spring embedded WebApplicationContext
2026-09-01 00:37:03,471 [main] INFO  [com.ehowes.redis.RedissonAutoConfiguration] RedissonAutoConfiguration.java:130 - 初始化 Redisson 配置
2026-09-01 00:37:03,547 [main] INFO  [org.redisson.Version] Version.java:43 - Redisson 3.32.0
2026-09-01 00:37:50,243 [main] INFO  [org.apache.catalina.core.StandardService] DirectJDKLog.java:173 - Stopping service [Tomcat]
2026-09-01 00:37:52,597 [main] INFO  [com.ehowes.admin.AdminApplication] StartupInfoLogger.java:50 - Starting AdminApplication v1.0.0 using Java 21.0.11 with PID 7 (/opt/apps/ehox-wes-encrypted.jar started by root in /opt/apps)
2026-09-01 00:37:52,602 [main] INFO  [com.ehowes.admin.AdminApplication] SpringApplication.java:660 - The following 1 profile is active: "prod-ehox"
2026-09-01 00:37:55,267 [main] INFO  [org.apache.coyote.http11.Http11NioProtocol] DirectJDKLog.java:173 - Initializing ProtocolHandler ["http-nio-8092"]
2026-09-01 00:37:55,269 [main] INFO  [org.apache.catalina.core.StandardService] DirectJDKLog.java:173 - Starting service [Tomcat]
2026-09-01 00:37:55,269 [main] INFO  [org.apache.catalina.core.StandardEngine] DirectJDKLog.java:173 - Starting Servlet engine: [Apache Tomcat/10.1.24]
2026-09-01 00:37:55,290 [main] INFO  [o.a.c.c.ContainerBase.[Tomcat].[localhost].[/api]] DirectJDKLog.java:173 - Initializing Spring embedded WebApplicationContext
2026-09-01 00:37:55,615 [main] INFO  [com.ehowes.redis.RedissonAutoConfiguration] RedissonAutoConfiguration.java:130 - 初始化 Redisson 配置
2026-09-01 00:37:55,698 [main] INFO  [org.redisson.Version] Version.java:43 - Redisson 3.32.0
2026-09-01 00:38:42,410 [main] INFO  [org.apache.catalina.core.StandardService] DirectJDKLog.java:173 - Stopping service [Tomcat]
2026-09-01 00:38:43,926 [main] INFO  [com.ehowes.admin.AdminApplication] StartupInfoLogger.java:50 - Starting AdminApplication v1.0.0 using Java 21.0.11 with PID 7 (/opt/apps/ehox-wes-encrypted.jar started by root in /opt/apps)
2026-09-01 00:38:43,930 [main] INFO  [com.ehowes.admin.AdminApplication] SpringApplication.java:660 - The following 1 profile is active: "prod-ehox"
2026-09-01 00:38:46,646 [main] INFO  [org.apache.coyote.http11.Http11NioProtocol] DirectJDKLog.java:173 - Initializing ProtocolHandler ["http-nio-8092"]
2026-09-01 00:38:46,647 [main] INFO  [org.apache.catalina.core.StandardService] DirectJDKLog.java:173 - Starting service [Tomcat]
2026-09-01 00:38:46,647 [main] INFO  [org.apache.catalina.core.StandardEngine] DirectJDKLog.java:173 - Starting Servlet engine: [Apache Tomcat/10.1.24]
2026-09-01 00:38:46,701 [main] INFO  [o.a.c.c.ContainerBase.[Tomcat].[localhost].[/api]] DirectJDKLog.java:173 - Initializing Spring embedded WebApplicationContext
2026-09-01 00:38:47,028 [main] INFO  [com.ehowes.redis.RedissonAutoConfiguration] RedissonAutoConfiguration.java:130 - 初始化 Redisson 配置
2026-09-01 00:38:47,106 [main] INFO  [org.redisson.Version] Version.java:43 - Redisson 3.32.0
2026-09-01 00:39:33,820 [main] INFO  [org.apache.catalina.core.StandardService] DirectJDKLog.java:173 - Stopping service [Tomcat]
2026-09-01 00:39:36,154 [main] INFO  [com.ehowes.admin.AdminApplication] StartupInfoLogger.java:50 - Starting AdminApplication v1.0.0 using Java 21.0.11 with PID 7 (/opt/apps/ehox-wes-encrypted.jar started by root in /opt/apps)
2026-09-01 00:39:36,158 [main] INFO  [com.ehowes.admin.AdminApplication] SpringApplication.java:660 - The following 1 profile is active: "prod-ehox"
2026-09-01 00:39:38,797 [main] INFO  [org.apache.coyote.http11.Http11NioProtocol] DirectJDKLog.java:173 - Initializing ProtocolHandler ["http-nio-8092"]
2026-09-01 00:39:38,798 [main] INFO  [org.apache.catalina.core.StandardService] DirectJDKLog.java:173 - Starting service [Tomcat]
2026-09-01 00:39:38,799 [main] INFO  [org.apache.catalina.core.StandardEngine] DirectJDKLog.java:173 - Starting Servlet engine: [Apache Tomcat/10.1.24]
2026-09-01 00:39:38,854 [main] INFO  [o.a.c.c.ContainerBase.[Tomcat].[localhost].[/api]] DirectJDKLog.java:173 - Initializing Spring embedded WebApplicationContext
2026-09-01 00:39:39,189 [main] INFO  [com.ehowes.redis.RedissonAutoConfiguration] RedissonAutoConfiguration.java:130 - 初始化 Redisson 配置
2026-09-01 00:39:39,265 [main] INFO  [org.redisson.Version] Version.java:43 - Redisson 3.32.0
2026-09-01 00:40:25,977 [main] INFO  [org.apache.catalina.core.StandardService] DirectJDKLog.java:173 - Stopping service [Tomcat]
2026-09-01 00:40:27,454 [main] INFO  [com.ehowes.admin.AdminApplication] StartupInfoLogger.java:50 - Starting AdminApplication v1.0.0 using Java 21.0.11 with PID 7 (/opt/apps/ehox-wes-encrypted.jar started by root in /opt/apps)
2026-09-01 00:40:27,457 [main] INFO  [com.ehowes.admin.AdminApplication] SpringApplication.java:660 - The following 1 profile is active: "prod-ehox"
2026-09-01 00:40:30,198 [main] INFO  [org.apache.coyote.http11.Http11NioProtocol] DirectJDKLog.java:173 - Initializing ProtocolHandler ["http-nio-8092"]
2026-09-01 00:40:30,200 [main] INFO  [org.apache.catalina.core.StandardService] DirectJDKLog.java:173 - Starting service [Tomcat]
2026-09-01 00:40:30,200 [main] INFO  [org.apache.catalina.core.StandardEngine] DirectJDKLog.java:173 - Starting Servlet engine: [Apache Tomcat/10.1.24]
2026-09-01 00:40:30,224 [main] INFO  [o.a.c.c.ContainerBase.[Tomcat].[localhost].[/api]] DirectJDKLog.java:173 - Initializing Spring embedded WebApplicationContext
2026-09-01 00:40:30,568 [main] INFO  [com.ehowes.redis.RedissonAutoConfiguration] RedissonAutoConfiguration.java:130 - 初始化 Redisson 配置
2026-09-01 00:40:30,646 [main] INFO  [org.redisson.Version] Version.java:43 - Redisson 3.32.0
2026-09-01 00:41:17,352 [main] INFO  [org.apache.catalina.core.StandardService] DirectJDKLog.java:173 - Stopping service [Tomcat]
2026-09-01 00:41:18,785 [main] INFO  [com.ehowes.admin.AdminApplication] StartupInfoLogger.java:50 - Starting AdminApplication v1.0.0 using Java 21.0.11 with PID 7 (/opt/apps/ehox-wes-encrypted.jar started by root in /opt/apps)
2026-09-01 00:41:18,789 [main] INFO  [com.ehowes.admin.AdminApplication] SpringApplication.java:660 - The following 1 profile is active: "prod-ehox"
2026-09-01 00:41:21,438 [main] INFO  [org.apache.coyote.http11.Http11NioProtocol] DirectJDKLog.java:173 - Initializing ProtocolHandler ["http-nio-8092"]
2026-09-01 00:41:21,439 [main] INFO  [org.apache.catalina.core.StandardService] DirectJDKLog.java:173 - Starting service [Tomcat]
2026-09-01 00:41:21,439 [main] INFO  [org.apache.catalina.core.StandardEngine] DirectJDKLog.java:173 - Starting Servlet engine: [Apache Tomcat/10.1.24]
2026-09-01 00:41:21,463 [main] INFO  [o.a.c.c.ContainerBase.[Tomcat].[localhost].[/api]] DirectJDKLog.java:173 - Initializing Spring embedded WebApplicationContext
2026-09-01 00:41:21,805 [main] INFO  [com.ehowes.redis.RedissonAutoConfiguration] RedissonAutoConfiguration.java:130 - 初始化 Redisson 配置
2026-09-01 00:41:21,877 [main] INFO  [org.redisson.Version] Version.java:43 - Redisson 3.32.0
2026-09-01 00:42:08,613 [main] INFO  [org.apache.catalina.core.StandardService] DirectJDKLog.java:173 - Stopping service [Tomcat]
2026-09-01 00:42:10,084 [main] INFO  [com.ehowes.admin.AdminApplication] StartupInfoLogger.java:50 - Starting AdminApplication v1.0.0 using Java 21.0.11 with PID 7 (/opt/apps/ehox-wes-encrypted.jar started by root in /opt/apps)
2026-09-01 00:42:10,087 [main] INFO  [com.ehowes.admin.AdminApplication] SpringApplication.java:660 - The following 1 profile is active: "prod-ehox"
2026-09-01 00:42:12,815 [main] INFO  [org.apache.coyote.http11.Http11NioProtocol] DirectJDKLog.java:173 - Initializing ProtocolHandler ["http-nio-8092"]
2026-09-01 00:42:12,817 [main] INFO  [org.apache.catalina.core.StandardService] DirectJDKLog.java:173 - Starting service [Tomcat]
2026-09-01 00:42:12,817 [main] INFO  [org.apache.catalina.core.StandardEngine] DirectJDKLog.java:173 - Starting Servlet engine: [Apache Tomcat/10.1.24]
2026-09-01 00:42:12,838 [main] INFO  [o.a.c.c.ContainerBase.[Tomcat].[localhost].[/api]] DirectJDKLog.java:173 - Initializing Spring embedded WebApplicationContext
2026-09-01 00:42:13,172 [main] INFO  [com.ehowes.redis.RedissonAutoConfiguration] RedissonAutoConfiguration.java:130 - 初始化 Redisson 配置
2026-09-01 00:42:13,250 [main] INFO  [org.redisson.Version] Version.java:43 - Redisson 3.32.0
2026-09-01 00:42:49,950 [main] INFO  [org.apache.catalina.core.StandardService] DirectJDKLog.java:173 - Stopping service [Tomcat]
2026-09-01 00:42:51,375 [main] INFO  [com.ehowes.admin.AdminApplication] StartupInfoLogger.java:50 - Starting AdminApplication v1.0.0 using Java 21.0.11 with PID 7 (/opt/apps/ehox-wes-encrypted.jar started by root in /opt/apps)
2026-09-01 00:42:51,379 [main] INFO  [com.ehowes.admin.AdminApplication] SpringApplication.java:660 - The following 1 profile is active: "prod-ehox"
2026-09-01 00:42:53,999 [main] INFO  [org.apache.coyote.http11.Http11NioProtocol] DirectJDKLog.java:173 - Initializing ProtocolHandler ["http-nio-8092"]
2026-09-01 00:42:54,002 [main] INFO  [org.apache.catalina.core.StandardService] DirectJDKLog.java:173 - Starting service [Tomcat]
2026-09-01 00:42:54,002 [main] INFO  [org.apache.catalina.core.StandardEngine] DirectJDKLog.java:173 - Starting Servlet engine: [Apache Tomcat/10.1.24]
2026-09-01 00:42:54,028 [main] INFO  [o.a.c.c.ContainerBase.[Tomcat].[localhost].[/api]] DirectJDKLog.java:173 - Initializing Spring embedded WebApplicationContext
2026-09-01 00:42:54,379 [main] INFO  [com.ehowes.redis.RedissonAutoConfiguration] RedissonAutoConfiguration.java:130 - 初始化 Redisson 配置
2026-09-01 00:42:54,459 [main] INFO  [org.redisson.Version] Version.java:43 - Redisson 3.32.0
2026-09-01 00:43:41,203 [main] INFO  [org.apache.catalina.core.StandardService] DirectJDKLog.java:173 - Stopping service [Tomcat]
2026-09-01 00:43:42,678 [main] INFO  [com.ehowes.admin.AdminApplication] StartupInfoLogger.java:50 - Starting AdminApplication v1.0.0 using Java 21.0.11 with PID 7 (/opt/apps/ehox-wes-encrypted.jar started by root in /opt/apps)
2026-09-01 00:43:42,682 [main] INFO  [com.ehowes.admin.AdminApplication] SpringApplication.java:660 - The following 1 profile is active: "prod-ehox"
2026-09-01 00:43:45,337 [main] INFO  [org.apache.coyote.http11.Http11NioProtocol] DirectJDKLog.java:173 - Initializing ProtocolHandler ["http-nio-8092"]
2026-09-01 00:43:45,338 [main] INFO  [org.apache.catalina.core.StandardService] DirectJDKLog.java:173 - Starting service [Tomcat]
2026-09-01 00:43:45,338 [main] INFO  [org.apache.catalina.core.StandardEngine] DirectJDKLog.java:173 - Starting Servlet engine: [Apache Tomcat/10.1.24]
2026-09-01 00:43:45,382 [main] INFO  [o.a.c.c.ContainerBase.[Tomcat].[localhost].[/api]] DirectJDKLog.java:173 - Initializing Spring embedded WebApplicationContext
2026-09-01 00:43:45,717 [main] INFO  [com.ehowes.redis.RedissonAutoConfiguration] RedissonAutoConfiguration.java:130 - 初始化 Redisson 配置
2026-09-01 00:43:45,796 [main] INFO  [org.redisson.Version] Version.java:43 - Redisson 3.32.0
2026-09-01 00:44:32,504 [main] INFO  [org.apache.catalina.core.StandardService] DirectJDKLog.java:173 - Stopping service [Tomcat]
2026-09-01 00:44:34,871 [main] INFO  [com.ehowes.admin.AdminApplication] StartupInfoLogger.java:50 - Starting AdminApplication v1.0.0 using Java 21.0.11 with PID 7 (/opt/apps/ehox-wes-encrypted.jar started by root in /opt/apps)
2026-09-01 00:44:34,874 [main] INFO  [com.ehowes.admin.AdminApplication] SpringApplication.java:660 - The following 1 profile is active: "prod-ehox"
2026-09-01 00:44:37,455 [main] INFO  [org.apache.coyote.http11.Http11NioProtocol] DirectJDKLog.java:173 - Initializing ProtocolHandler ["http-nio-8092"]
2026-09-01 00:44:37,456 [main] INFO  [org.apache.catalina.core.StandardService] DirectJDKLog.java:173 - Starting service [Tomcat]
2026-09-01 00:44:37,456 [main] INFO  [org.apache.catalina.core.StandardEngine] DirectJDKLog.java:173 - Starting Servlet engine: [Apache Tomcat/10.1.24]
2026-09-01 00:44:37,482 [main] INFO  [o.a.c.c.ContainerBase.[Tomcat].[localhost].[/api]] DirectJDKLog.java:173 - Initializing Spring embedded WebApplicationContext
2026-09-01 00:44:37,907 [main] INFO  [com.ehowes.redis.RedissonAutoConfiguration] RedissonAutoConfiguration.java:130 - 初始化 Redisson 配置
2026-09-01 00:44:37,983 [main] INFO  [org.redisson.Version] Version.java:43 - Redisson 3.32.0
2026-09-01 00:45:24,688 [main] INFO  [org.apache.catalina.core.StandardService] DirectJDKLog.java:173 - Stopping service [Tomcat]
2026-09-01 00:45:27,004 [main] INFO  [com.ehowes.admin.AdminApplication] StartupInfoLogger.java:50 - Starting AdminApplication v1.0.0 using Java 21.0.11 with PID 7 (/opt/apps/ehox-wes-encrypted.jar started by root in /opt/apps)
2026-09-01 00:45:27,013 [main] INFO  [com.ehowes.admin.AdminApplication] SpringApplication.java:660 - The following 1 profile is active: "prod-ehox"
2026-09-01 00:45:29,647 [main] INFO  [org.apache.coyote.http11.Http11NioProtocol] DirectJDKLog.java:173 - Initializing ProtocolHandler ["http-nio-8092"]
2026-09-01 00:45:29,648 [main] INFO  [org.apache.catalina.core.StandardService] DirectJDKLog.java:173 - Starting service [Tomcat]
2026-09-01 00:45:29,649 [main] INFO  [org.apache.catalina.core.StandardEngine] DirectJDKLog.java:173 - Starting Servlet engine: [Apache Tomcat/10.1.24]
2026-09-01 00:45:29,670 [main] INFO  [o.a.c.c.ContainerBase.[Tomcat].[localhost].[/api]] DirectJDKLog.java:173 - Initializing Spring embedded WebApplicationContext
2026-09-01 00:45:30,029 [main] INFO  [com.ehowes.redis.RedissonAutoConfiguration] RedissonAutoConfiguration.java:130 - 初始化 Redisson 配置
2026-09-01 00:45:30,105 [main] INFO  [org.redisson.Version] Version.java:43 - Redisson 3.32.0
2026-09-01 00:46:16,849 [main] INFO  [org.apache.catalina.core.StandardService] DirectJDKLog.java:173 - Stopping service [Tomcat]
2026-09-01 00:46:19,164 [main] INFO  [com.ehowes.admin.AdminApplication] StartupInfoLogger.java:50 - Starting AdminApplication v1.0.0 using Java 21.0.11 with PID 7 (/opt/apps/ehox-wes-encrypted.jar started by root in /opt/apps)
2026-09-01 00:46:19,168 [main] INFO  [com.ehowes.admin.AdminApplication] SpringApplication.java:660 - The following 1 profile is active: "prod-ehox"
2026-09-01 00:46:21,846 [main] INFO  [org.apache.coyote.http11.Http11NioProtocol] DirectJDKLog.java:173 - Initializing ProtocolHandler ["http-nio-8092"]
2026-09-01 00:46:21,847 [main] INFO  [org.apache.catalina.core.StandardService] DirectJDKLog.java:173 - Starting service [Tomcat]
2026-09-01 00:46:21,847 [main] INFO  [org.apache.catalina.core.StandardEngine] DirectJDKLog.java:173 - Starting Servlet engine: [Apache Tomcat/10.1.24]
2026-09-01 00:46:21,868 [main] INFO  [o.a.c.c.ContainerBase.[Tomcat].[localhost].[/api]] DirectJDKLog.java:173 - Initializing Spring embedded WebApplicationContext
2026-09-01 00:46:22,194 [main] INFO  [com.ehowes.redis.RedissonAutoConfiguration] RedissonAutoConfiguration.java:130 - 初始化 Redisson 配置
2026-09-01 00:46:22,271 [main] INFO  [org.redisson.Version] Version.java:43 - Redisson 3.32.0
2026-09-01 00:47:08,980 [main] INFO  [org.apache.catalina.core.StandardService] DirectJDKLog.java:173 - Stopping service [Tomcat]
2026-09-01 00:47:11,299 [main] INFO  [com.ehowes.admin.AdminApplication] StartupInfoLogger.java:50 - Starting AdminApplication v1.0.0 using Java 21.0.11 with PID 7 (/opt/apps/ehox-wes-encrypted.jar started by root in /opt/apps)
2026-09-01 00:47:11,303 [main] INFO  [com.ehowes.admin.AdminApplication] SpringApplication.java:660 - The following 1 profile is active: "prod-ehox"
2026-09-01 00:47:13,958 [main] INFO  [org.apache.coyote.http11.Http11NioProtocol] DirectJDKLog.java:173 - Initializing ProtocolHandler ["http-nio-8092"]
2026-09-01 00:47:13,959 [main] INFO  [org.apache.catalina.core.StandardService] DirectJDKLog.java:173 - Starting service [Tomcat]
2026-09-01 00:47:13,959 [main] INFO  [org.apache.catalina.core.StandardEngine] DirectJDKLog.java:173 - Starting Servlet engine: [Apache Tomcat/10.1.24]
2026-09-01 00:47:14,005 [main] INFO  [o.a.c.c.ContainerBase.[Tomcat].[localhost].[/api]] DirectJDKLog.java:173 - Initializing Spring embedded WebApplicationContext
2026-09-01 00:47:14,341 [main] INFO  [com.ehowes.redis.RedissonAutoConfiguration] RedissonAutoConfiguration.java:130 - 初始化 Redisson 配置
2026-09-01 00:47:14,424 [main] INFO  [org.redisson.Version] Version.java:43 - Redisson 3.32.0
2026-09-01 00:47:53,195 [main] INFO  [org.apache.catalina.core.StandardService] DirectJDKLog.java:173 - Stopping service [Tomcat]
2026-09-01 00:47:54,663 [main] INFO  [com.ehowes.admin.AdminApplication] StartupInfoLogger.java:50 - Starting AdminApplication v1.0.0 using Java 21.0.11 with PID 7 (/opt/apps/ehox-wes-encrypted.jar started by root in /opt/apps)
2026-09-01 00:47:54,667 [main] INFO  [com.ehowes.admin.AdminApplication] SpringApplication.java:660 - The following 1 profile is active: "prod-ehox"
2026-09-01 00:47:57,419 [main] INFO  [org.apache.coyote.http11.Http11NioProtocol] DirectJDKLog.java:173 - Initializing ProtocolHandler ["http-nio-8092"]
2026-09-01 00:47:57,420 [main] INFO  [org.apache.catalina.core.StandardService] DirectJDKLog.java:173 - Starting service [Tomcat]
2026-09-01 00:47:57,421 [main] INFO  [org.apache.catalina.core.StandardEngine] DirectJDKLog.java:173 - Starting Servlet engine: [Apache Tomcat/10.1.24]
2026-09-01 00:47:57,444 [main] INFO  [o.a.c.c.ContainerBase.[Tomcat].[localhost].[/api]] DirectJDKLog.java:173 - Initializing Spring embedded WebApplicationContext
2026-09-01 00:47:57,785 [main] INFO  [com.ehowes.redis.RedissonAutoConfiguration] RedissonAutoConfiguration.java:130 - 初始化 Redisson 配置
2026-09-01 00:47:57,862 [main] INFO  [org.redisson.Version] Version.java:43 - Redisson 3.32.0
2026-09-01 00:48:41,716 [main] INFO  [org.apache.catalina.core.StandardService] DirectJDKLog.java:173 - Stopping service [Tomcat]
2026-09-01 00:48:43,127 [main] INFO  [com.ehowes.admin.AdminApplication] StartupInfoLogger.java:50 - Starting AdminApplication v1.0.0 using Java 21.0.11 with PID 6 (/opt/apps/ehox-wes-encrypted.jar started by root in /opt/apps)
2026-09-01 00:48:43,132 [main] INFO  [com.ehowes.admin.AdminApplication] SpringApplication.java:660 - The following 1 profile is active: "prod-ehox"
2026-09-01 00:48:45,732 [main] INFO  [org.apache.coyote.http11.Http11NioProtocol] DirectJDKLog.java:173 - Initializing ProtocolHandler ["http-nio-8092"]
2026-09-01 00:48:45,733 [main] INFO  [org.apache.catalina.core.StandardService] DirectJDKLog.java:173 - Starting service [Tomcat]
2026-09-01 00:48:45,733 [main] INFO  [org.apache.catalina.core.StandardEngine] DirectJDKLog.java:173 - Starting Servlet engine: [Apache Tomcat/10.1.24]
2026-09-01 00:48:45,795 [main] INFO  [o.a.c.c.ContainerBase.[Tomcat].[localhost].[/api]] DirectJDKLog.java:173 - Initializing Spring embedded WebApplicationContext
2026-09-01 00:48:46,119 [main] INFO  [com.ehowes.redis.RedissonAutoConfiguration] RedissonAutoConfiguration.java:130 - 初始化 Redisson 配置
2026-09-01 00:48:46,199 [main] INFO  [org.redisson.Version] Version.java:43 - Redisson 3.32.0
2026-09-01 00:49:32,903 [main] INFO  [org.apache.catalina.core.StandardService] DirectJDKLog.java:173 - Stopping service [Tomcat]
2026-09-01 00:49:34,369 [main] INFO  [com.ehowes.admin.AdminApplication] StartupInfoLogger.java:50 - Starting AdminApplication v1.0.0 using Java 21.0.11 with PID 7 (/opt/apps/ehox-wes-encrypted.jar started by root in /opt/apps)
2026-09-01 00:49:34,372 [main] INFO  [com.ehowes.admin.AdminApplication] SpringApplication.java:660 - The following 1 profile is active: "prod-ehox"
2026-09-01 00:49:37,003 [main] INFO  [org.apache.coyote.http11.Http11NioProtocol] DirectJDKLog.java:173 - Initializing ProtocolHandler ["http-nio-8092"]
2026-09-01 00:49:37,004 [main] INFO  [org.apache.catalina.core.StandardService] DirectJDKLog.java:173 - Starting service [Tomcat]
2026-09-01 00:49:37,004 [main] INFO  [org.apache.catalina.core.StandardEngine] DirectJDKLog.java:173 - Starting Servlet engine: [Apache Tomcat/10.1.24]
2026-09-01 00:49:37,051 [main] INFO  [o.a.c.c.ContainerBase.[Tomcat].[localhost].[/api]] DirectJDKLog.java:173 - Initializing Spring embedded WebApplicationContext
2026-09-01 00:49:37,380 [main] INFO  [com.ehowes.redis.RedissonAutoConfiguration] RedissonAutoConfiguration.java:130 - 初始化 Redisson 配置
2026-09-01 00:49:37,458 [main] INFO  [org.redisson.Version] Version.java:43 - Redisson 3.32.0
2026-09-01 00:50:24,175 [main] INFO  [org.apache.catalina.core.StandardService] DirectJDKLog.java:173 - Stopping service [Tomcat]
2026-09-01 00:50:26,522 [main] INFO  [com.ehowes.admin.AdminApplication] StartupInfoLogger.java:50 - Starting AdminApplication v1.0.0 using Java 21.0.11 with PID 7 (/opt/apps/ehox-wes-encrypted.jar started by root in /opt/apps)
2026-09-01 00:50:26,525 [main] INFO  [com.ehowes.admin.AdminApplication] SpringApplication.java:660 - The following 1 profile is active: "prod-ehox"
2026-09-01 00:50:29,200 [main] INFO  [org.apache.coyote.http11.Http11NioProtocol] DirectJDKLog.java:173 - Initializing ProtocolHandler ["http-nio-8092"]
2026-09-01 00:50:29,201 [main] INFO  [org.apache.catalina.core.StandardService] DirectJDKLog.java:173 - Starting service [Tomcat]
2026-09-01 00:50:29,201 [main] INFO  [org.apache.catalina.core.StandardEngine] DirectJDKLog.java:173 - Starting Servlet engine: [Apache Tomcat/10.1.24]
2026-09-01 00:50:29,223 [main] INFO  [o.a.c.c.ContainerBase.[Tomcat].[localhost].[/api]] DirectJDKLog.java:173 - Initializing Spring embedded WebApplicationContext
2026-09-01 00:50:29,558 [main] INFO  [com.ehowes.redis.RedissonAutoConfiguration] RedissonAutoConfiguration.java:130 - 初始化 Redisson 配置
2026-09-01 00:50:29,640 [main] INFO  [org.redisson.Version] Version.java:43 - Redisson 3.32.0
2026-09-01 00:51:16,356 [main] INFO  [org.apache.catalina.core.StandardService] DirectJDKLog.java:173 - Stopping service [Tomcat]
2026-09-01 00:51:17,800 [main] INFO  [com.ehowes.admin.AdminApplication] StartupInfoLogger.java:50 - Starting AdminApplication v1.0.0 using Java 21.0.11 with PID 7 (/opt/apps/ehox-wes-encrypted.jar started by root in /opt/apps)
2026-09-01 00:51:17,803 [main] INFO  [com.ehowes.admin.AdminApplication] SpringApplication.java:660 - The following 1 profile is active: "prod-ehox"
2026-09-01 00:51:20,489 [main] INFO  [org.apache.coyote.http11.Http11NioProtocol] DirectJDKLog.java:173 - Initializing ProtocolHandler ["http-nio-8092"]
2026-09-01 00:51:20,490 [main] INFO  [org.apache.catalina.core.StandardService] DirectJDKLog.java:173 - Starting service [Tomcat]
2026-09-01 00:51:20,490 [main] INFO  [org.apache.catalina.core.StandardEngine] DirectJDKLog.java:173 - Starting Servlet engine: [Apache Tomcat/10.1.24]
2026-09-01 00:51:20,511 [main] INFO  [o.a.c.c.ContainerBase.[Tomcat].[localhost].[/api]] DirectJDKLog.java:173 - Initializing Spring embedded WebApplicationContext
2026-09-01 00:51:20,845 [main] INFO  [com.ehowes.redis.RedissonAutoConfiguration] RedissonAutoConfiguration.java:130 - 初始化 Redisson 配置
2026-09-01 00:51:20,921 [main] INFO  [org.redisson.Version] Version.java:43 - Redisson 3.32.0
2026-09-01 00:52:07,641 [main] INFO  [org.apache.catalina.core.StandardService] DirectJDKLog.java:173 - Stopping service [Tomcat]
2026-09-01 00:52:09,092 [main] INFO  [com.ehowes.admin.AdminApplication] StartupInfoLogger.java:50 - Starting AdminApplication v1.0.0 using Java 21.0.11 with PID 7 (/opt/apps/ehox-wes-encrypted.jar started by root in /opt/apps)
2026-09-01 00:52:09,097 [main] INFO  [com.ehowes.admin.AdminApplication] SpringApplication.java:660 - The following 1 profile is active: "prod-ehox"
2026-09-01 00:52:11,745 [main] INFO  [org.apache.coyote.http11.Http11NioProtocol] DirectJDKLog.java:173 - Initializing ProtocolHandler ["http-nio-8092"]
2026-09-01 00:52:11,747 [main] INFO  [org.apache.catalina.core.StandardService] DirectJDKLog.java:173 - Starting service [Tomcat]
2026-09-01 00:52:11,747 [main] INFO  [org.apache.catalina.core.StandardEngine] DirectJDKLog.java:173 - Starting Servlet engine: [Apache Tomcat/10.1.24]
2026-09-01 00:52:11,770 [main] INFO  [o.a.c.c.ContainerBase.[Tomcat].[localhost].[/api]] DirectJDKLog.java:173 - Initializing Spring embedded WebApplicationContext
2026-09-01 00:52:12,118 [main] INFO  [com.ehowes.redis.RedissonAutoConfiguration] RedissonAutoConfiguration.java:130 - 初始化 Redisson 配置
2026-09-01 00:52:12,192 [main] INFO  [org.redisson.Version] Version.java:43 - Redisson 3.32.0
2026-09-01 00:52:58,908 [main] INFO  [org.apache.catalina.core.StandardService] DirectJDKLog.java:173 - Stopping service [Tomcat]
2026-09-01 00:53:01,245 [main] INFO  [com.ehowes.admin.AdminApplication] StartupInfoLogger.java:50 - Starting AdminApplication v1.0.0 using Java 21.0.11 with PID 7 (/opt/apps/ehox-wes-encrypted.jar started by root in /opt/apps)
2026-09-01 00:53:01,248 [main] INFO  [com.ehowes.admin.AdminApplication] SpringApplication.java:660 - The following 1 profile is active: "prod-ehox"
2026-09-01 00:53:03,905 [main] INFO  [org.apache.coyote.http11.Http11NioProtocol] DirectJDKLog.java:173 - Initializing ProtocolHandler ["http-nio-8092"]
2026-09-01 00:53:03,907 [main] INFO  [org.apache.catalina.core.StandardService] DirectJDKLog.java:173 - Starting service [Tomcat]
2026-09-01 00:53:03,907 [main] INFO  [org.apache.catalina.core.StandardEngine] DirectJDKLog.java:173 - Starting Servlet engine: [Apache Tomcat/10.1.24]
2026-09-01 00:53:03,958 [main] INFO  [o.a.c.c.ContainerBase.[Tomcat].[localhost].[/api]] DirectJDKLog.java:173 - Initializing Spring embedded WebApplicationContext
2026-09-01 00:53:04,295 [main] INFO  [com.ehowes.redis.RedissonAutoConfiguration] RedissonAutoConfiguration.java:130 - 初始化 Redisson 配置
2026-09-01 00:53:04,369 [main] INFO  [org.redisson.Version] Version.java:43 - Redisson 3.32.0
2026-09-01 00:53:51,087 [main] INFO  [org.apache.catalina.core.StandardService] DirectJDKLog.java:173 - Stopping service [Tomcat]
2026-09-01 00:53:52,539 [main] INFO  [com.ehowes.admin.AdminApplication] StartupInfoLogger.java:50 - Starting AdminApplication v1.0.0 using Java 21.0.11 with PID 7 (/opt/apps/ehox-wes-encrypted.jar started by root in /opt/apps)
2026-09-01 00:53:52,542 [main] INFO  [com.ehowes.admin.AdminApplication] SpringApplication.java:660 - The following 1 profile is active: "prod-ehox"
2026-09-01 00:53:55,215 [main] INFO  [org.apache.coyote.http11.Http11NioProtocol] DirectJDKLog.java:173 - Initializing ProtocolHandler ["http-nio-8092"]
2026-09-01 00:53:55,216 [main] INFO  [org.apache.catalina.core.StandardService] DirectJDKLog.java:173 - Starting service [Tomcat]
2026-09-01 00:53:55,216 [main] INFO  [org.apache.catalina.core.StandardEngine] DirectJDKLog.java:173 - Starting Servlet engine: [Apache Tomcat/10.1.24]
2026-09-01 00:53:55,236 [main] INFO  [o.a.c.c.ContainerBase.[Tomcat].[localhost].[/api]] DirectJDKLog.java:173 - Initializing Spring embedded WebApplicationContext
2026-09-01 00:53:55,594 [main] INFO  [com.ehowes.redis.RedissonAutoConfiguration] RedissonAutoConfiguration.java:130 - 初始化 Redisson 配置
2026-09-01 00:53:55,672 [main] INFO  [org.redisson.Version] Version.java:43 - Redisson 3.32.0
2026-09-01 00:54:33,394 [main] INFO  [org.apache.catalina.core.StandardService] DirectJDKLog.java:173 - Stopping service [Tomcat]
2026-09-01 00:54:35,709 [main] INFO  [com.ehowes.admin.AdminApplication] StartupInfoLogger.java:50 - Starting AdminApplication v1.0.0 using Java 21.0.11 with PID 7 (/opt/apps/ehox-wes-encrypted.jar started by root in /opt/apps)
2026-09-01 00:54:35,712 [main] INFO  [com.ehowes.admin.AdminApplication] SpringApplication.java:660 - The following 1 profile is active: "prod-ehox"
2026-09-01 00:54:38,372 [main] INFO  [org.apache.coyote.http11.Http11NioProtocol] DirectJDKLog.java:173 - Initializing ProtocolHandler ["http-nio-8092"]
2026-09-01 00:54:38,373 [main] INFO  [org.apache.catalina.core.StandardService] DirectJDKLog.java:173 - Starting service [Tomcat]
2026-09-01 00:54:38,374 [main] INFO  [org.apache.catalina.core.StandardEngine] DirectJDKLog.java:173 - Starting Servlet engine: [Apache Tomcat/10.1.24]
2026-09-01 00:54:38,416 [main] INFO  [o.a.c.c.ContainerBase.[Tomcat].[localhost].[/api]] DirectJDKLog.java:173 - Initializing Spring embedded WebApplicationContext
2026-09-01 00:54:38,750 [main] INFO  [com.ehowes.redis.RedissonAutoConfiguration] RedissonAutoConfiguration.java:130 - 初始化 Redisson 配置
2026-09-01 00:54:38,828 [main] INFO  [org.redisson.Version] Version.java:43 - Redisson 3.32.0
2026-09-01 00:55:25,543 [main] INFO  [org.apache.catalina.core.StandardService] DirectJDKLog.java:173 - Stopping service [Tomcat]
2026-09-01 00:55:26,980 [main] INFO  [com.ehowes.admin.AdminApplication] StartupInfoLogger.java:50 - Starting AdminApplication v1.0.0 using Java 21.0.11 with PID 7 (/opt/apps/ehox-wes-encrypted.jar started by root in /opt/apps)
2026-09-01 00:55:26,983 [main] INFO  [com.ehowes.admin.AdminApplication] SpringApplication.java:660 - The following 1 profile is active: "prod-ehox"
2026-09-01 00:55:29,567 [main] INFO  [org.apache.coyote.http11.Http11NioProtocol] DirectJDKLog.java:173 - Initializing ProtocolHandler ["http-nio-8092"]
2026-09-01 00:55:29,590 [main] INFO  [org.apache.catalina.core.StandardService] DirectJDKLog.java:173 - Starting service [Tomcat]
2026-09-01 00:55:29,590 [main] INFO  [org.apache.catalina.core.StandardEngine] DirectJDKLog.java:173 - Starting Servlet engine: [Apache Tomcat/10.1.24]
2026-09-01 00:55:29,619 [main] INFO  [o.a.c.c.ContainerBase.[Tomcat].[localhost].[/api]] DirectJDKLog.java:173 - Initializing Spring embedded WebApplicationContext
2026-09-01 00:55:29,975 [main] INFO  [com.ehowes.redis.RedissonAutoConfiguration] RedissonAutoConfiguration.java:130 - 初始化 Redisson 配置
2026-09-01 00:55:30,053 [main] INFO  [org.redisson.Version] Version.java:43 - Redisson 3.32.0
2026-09-01 00:56:16,763 [main] INFO  [org.apache.catalina.core.StandardService] DirectJDKLog.java:173 - Stopping service [Tomcat]
2026-09-01 00:56:18,201 [main] INFO  [com.ehowes.admin.AdminApplication] StartupInfoLogger.java:50 - Starting AdminApplication v1.0.0 using Java 21.0.11 with PID 7 (/opt/apps/ehox-wes-encrypted.jar started by root in /opt/apps)
2026-09-01 00:56:18,204 [main] INFO  [com.ehowes.admin.AdminApplication] SpringApplication.java:660 - The following 1 profile is active: "prod-ehox"
2026-09-01 00:56:20,879 [main] INFO  [org.apache.coyote.http11.Http11NioProtocol] DirectJDKLog.java:173 - Initializing ProtocolHandler ["http-nio-8092"]
2026-09-01 00:56:20,880 [main] INFO  [org.apache.catalina.core.StandardService] DirectJDKLog.java:173 - Starting service [Tomcat]
2026-09-01 00:56:20,881 [main] INFO  [org.apache.catalina.core.StandardEngine] DirectJDKLog.java:173 - Starting Servlet engine: [Apache Tomcat/10.1.24]
2026-09-01 00:56:20,902 [main] INFO  [o.a.c.c.ContainerBase.[Tomcat].[localhost].[/api]] DirectJDKLog.java:173 - Initializing Spring embedded WebApplicationContext
2026-09-01 00:56:21,231 [main] INFO  [com.ehowes.redis.RedissonAutoConfiguration] RedissonAutoConfiguration.java:130 - 初始化 Redisson 配置
2026-09-01 00:56:21,310 [main] INFO  [org.redisson.Version] Version.java:43 - Redisson 3.32.0
2026-09-01 00:57:08,009 [main] INFO  [org.apache.catalina.core.StandardService] DirectJDKLog.java:173 - Stopping service [Tomcat]
2026-09-01 00:57:09,488 [main] INFO  [com.ehowes.admin.AdminApplication] StartupInfoLogger.java:50 - Starting AdminApplication v1.0.0 using Java 21.0.11 with PID 7 (/opt/apps/ehox-wes-encrypted.jar started by root in /opt/apps)
2026-09-01 00:57:09,491 [main] INFO  [com.ehowes.admin.AdminApplication] SpringApplication.java:660 - The following 1 profile is active: "prod-ehox"
2026-09-01 00:57:12,210 [main] INFO  [org.apache.coyote.http11.Http11NioProtocol] DirectJDKLog.java:173 - Initializing ProtocolHandler ["http-nio-8092"]
2026-09-01 00:57:12,211 [main] INFO  [org.apache.catalina.core.StandardService] DirectJDKLog.java:173 - Starting service [Tomcat]
2026-09-01 00:57:12,212 [main] INFO  [org.apache.catalina.core.StandardEngine] DirectJDKLog.java:173 - Starting Servlet engine: [Apache Tomcat/10.1.24]
2026-09-01 00:57:12,232 [main] INFO  [o.a.c.c.ContainerBase.[Tomcat].[localhost].[/api]] DirectJDKLog.java:173 - Initializing Spring embedded WebApplicationContext
2026-09-01 00:57:12,555 [main] INFO  [com.ehowes.redis.RedissonAutoConfiguration] RedissonAutoConfiguration.java:130 - 初始化 Redisson 配置
2026-09-01 00:57:12,635 [main] INFO  [org.redisson.Version] Version.java:43 - Redisson 3.32.0
2026-09-01 00:57:59,340 [main] INFO  [org.apache.catalina.core.StandardService] DirectJDKLog.java:173 - Stopping service [Tomcat]
2026-09-01 00:58:00,816 [main] INFO  [com.ehowes.admin.AdminApplication] StartupInfoLogger.java:50 - Starting AdminApplication v1.0.0 using Java 21.0.11 with PID 7 (/opt/apps/ehox-wes-encrypted.jar started by root in /opt/apps)
2026-09-01 00:58:00,820 [main] INFO  [com.ehowes.admin.AdminApplication] SpringApplication.java:660 - The following 1 profile is active: "prod-ehox"
2026-09-01 00:58:03,483 [main] INFO  [org.apache.coyote.http11.Http11NioProtocol] DirectJDKLog.java:173 - Initializing ProtocolHandler ["http-nio-8092"]
2026-09-01 00:58:03,484 [main] INFO  [org.apache.catalina.core.StandardService] DirectJDKLog.java:173 - Starting service [Tomcat]
2026-09-01 00:58:03,485 [main] INFO  [org.apache.catalina.core.StandardEngine] DirectJDKLog.java:173 - Starting Servlet engine: [Apache Tomcat/10.1.24]
2026-09-01 00:58:03,507 [main] INFO  [o.a.c.c.ContainerBase.[Tomcat].[localhost].[/api]] DirectJDKLog.java:173 - Initializing Spring embedded WebApplicationContext
2026-09-01 00:58:03,833 [main] INFO  [com.ehowes.redis.RedissonAutoConfiguration] RedissonAutoConfiguration.java:130 - 初始化 Redisson 配置
2026-09-01 00:58:03,907 [main] INFO  [org.redisson.Version] Version.java:43 - Redisson 3.32.0
2026-09-01 00:58:40,615 [main] INFO  [org.apache.catalina.core.StandardService] DirectJDKLog.java:173 - Stopping service [Tomcat]
2026-09-01 00:58:42,902 [main] INFO  [com.ehowes.admin.AdminApplication] StartupInfoLogger.java:50 - Starting AdminApplication v1.0.0 using Java 21.0.11 with PID 7 (/opt/apps/ehox-wes-encrypted.jar started by root in /opt/apps)
2026-09-01 00:58:42,906 [main] INFO  [com.ehowes.admin.AdminApplication] SpringApplication.java:660 - The following 1 profile is active: "prod-ehox"
2026-09-01 00:58:45,542 [main] INFO  [org.apache.coyote.http11.Http11NioProtocol] DirectJDKLog.java:173 - Initializing ProtocolHandler ["http-nio-8092"]
2026-09-01 00:58:45,544 [main] INFO  [org.apache.catalina.core.StandardService] DirectJDKLog.java:173 - Starting service [Tomcat]
2026-09-01 00:58:45,545 [main] INFO  [org.apache.catalina.core.StandardEngine] DirectJDKLog.java:173 - Starting Servlet engine: [Apache Tomcat/10.1.24]
2026-09-01 00:58:45,574 [main] INFO  [o.a.c.c.ContainerBase.[Tomcat].[localhost].[/api]] DirectJDKLog.java:173 - Initializing Spring embedded WebApplicationContext
2026-09-01 00:58:45,978 [main] INFO  [com.ehowes.redis.RedissonAutoConfiguration] RedissonAutoConfiguration.java:130 - 初始化 Redisson 配置
2026-09-01 00:58:46,059 [main] INFO  [org.redisson.Version] Version.java:43 - Redisson 3.32.0
2026-09-01 00:59:32,769 [main] INFO  [org.apache.catalina.core.StandardService] DirectJDKLog.java:173 - Stopping service [Tomcat]
2026-09-01 00:59:35,111 [main] INFO  [com.ehowes.admin.AdminApplication] StartupInfoLogger.java:50 - Starting AdminApplication v1.0.0 using Java 21.0.11 with PID 7 (/opt/apps/ehox-wes-encrypted.jar started by root in /opt/apps)
2026-09-01 00:59:35,115 [main] INFO  [com.ehowes.admin.AdminApplication] SpringApplication.java:660 - The following 1 profile is active: "prod-ehox"
2026-09-01 00:59:37,803 [main] INFO  [org.apache.coyote.http11.Http11NioProtocol] DirectJDKLog.java:173 - Initializing ProtocolHandler ["http-nio-8092"]
2026-09-01 00:59:37,804 [main] INFO  [org.apache.catalina.core.StandardService] DirectJDKLog.java:173 - Starting service [Tomcat]
2026-09-01 00:59:37,804 [main] INFO  [org.apache.catalina.core.StandardEngine] DirectJDKLog.java:173 - Starting Servlet engine: [Apache Tomcat/10.1.24]
2026-09-01 00:59:37,828 [main] INFO  [o.a.c.c.ContainerBase.[Tomcat].[localhost].[/api]] DirectJDKLog.java:173 - Initializing Spring embedded WebApplicationContext
2026-09-01 00:59:38,161 [main] INFO  [com.ehowes.redis.RedissonAutoConfiguration] RedissonAutoConfiguration.java:130 - 初始化 Redisson 配置
2026-09-01 00:59:38,236 [main] INFO  [org.redisson.Version] Version.java:43 - Redisson 3.32.0
2026-09-01 01:00:24,951 [main] INFO  [org.apache.catalina.core.StandardService] DirectJDKLog.java:173 - Stopping service [Tomcat]
2026-09-01 01:00:26,367 [main] INFO  [com.ehowes.admin.AdminApplication] StartupInfoLogger.java:50 - Starting AdminApplication v1.0.0 using Java 21.0.11 with PID 7 (/opt/apps/ehox-wes-encrypted.jar started by root in /opt/apps)
2026-09-01 01:00:26,370 [main] INFO  [com.ehowes.admin.AdminApplication] SpringApplication.java:660 - The following 1 profile is active: "prod-ehox"
2026-09-01 01:00:28,962 [main] INFO  [org.apache.coyote.http11.Http11NioProtocol] DirectJDKLog.java:173 - Initializing ProtocolHandler ["http-nio-8092"]
2026-09-01 01:00:28,964 [main] INFO  [org.apache.catalina.core.StandardService] DirectJDKLog.java:173 - Starting service [Tomcat]
2026-09-01 01:00:28,964 [main] INFO  [org.apache.catalina.core.StandardEngine] DirectJDKLog.java:173 - Starting Servlet engine: [Apache Tomcat/10.1.24]
2026-09-01 01:00:29,020 [main] INFO  [o.a.c.c.ContainerBase.[Tomcat].[localhost].[/api]] DirectJDKLog.java:173 - Initializing Spring embedded WebApplicationContext
2026-09-01 01:00:29,367 [main] INFO  [com.ehowes.redis.RedissonAutoConfiguration] RedissonAutoConfiguration.java:130 - 初始化 Redisson 配置
2026-09-01 01:00:29,442 [main] INFO  [org.redisson.Version] Version.java:43 - Redisson 3.32.0
2026-09-01 01:01:16,142 [main] INFO  [org.apache.catalina.core.StandardService] DirectJDKLog.java:173 - Stopping service [Tomcat]
2026-09-01 01:01:17,565 [main] INFO  [com.ehowes.admin.AdminApplication] StartupInfoLogger.java:50 - Starting AdminApplication v1.0.0 using Java 21.0.11 with PID 7 (/opt/apps/ehox-wes-encrypted.jar started by root in /opt/apps)
2026-09-01 01:01:17,569 [main] INFO  [com.ehowes.admin.AdminApplication] SpringApplication.java:660 - The following 1 profile is active: "prod-ehox"
2026-09-01 01:01:20,241 [main] INFO  [org.apache.coyote.http11.Http11NioProtocol] DirectJDKLog.java:173 - Initializing ProtocolHandler ["http-nio-8092"]
2026-09-01 01:01:20,243 [main] INFO  [org.apache.catalina.core.StandardService] DirectJDKLog.java:173 - Starting service [Tomcat]
2026-09-01 01:01:20,243 [main] INFO  [org.apache.catalina.core.StandardEngine] DirectJDKLog.java:173 - Starting Servlet engine: [Apache Tomcat/10.1.24]
2026-09-01 01:01:20,263 [main] INFO  [o.a.c.c.ContainerBase.[Tomcat].[localhost].[/api]] DirectJDKLog.java:173 - Initializing Spring embedded WebApplicationContext
2026-09-01 01:01:20,625 [main] INFO  [com.ehowes.redis.RedissonAutoConfiguration] RedissonAutoConfiguration.java:130 - 初始化 Redisson 配置
2026-09-01 01:01:20,699 [main] INFO  [org.redisson.Version] Version.java:43 - Redisson 3.32.0
2026-09-01 01:02:07,412 [main] INFO  [org.apache.catalina.core.StandardService] DirectJDKLog.java:173 - Stopping service [Tomcat]
2026-09-01 01:02:09,709 [main] INFO  [com.ehowes.admin.AdminApplication] StartupInfoLogger.java:50 - Starting AdminApplication v1.0.0 using Java 21.0.11 with PID 7 (/opt/apps/ehox-wes-encrypted.jar started by root in /opt/apps)
2026-09-01 01:02:09,712 [main] INFO  [com.ehowes.admin.AdminApplication] SpringApplication.java:660 - The following 1 profile is active: "prod-ehox"
2026-09-01 01:02:12,370 [main] INFO  [org.apache.coyote.http11.Http11NioProtocol] DirectJDKLog.java:173 - Initializing ProtocolHandler ["http-nio-8092"]
2026-09-01 01:02:12,372 [main] INFO  [org.apache.catalina.core.StandardService] DirectJDKLog.java:173 - Starting service [Tomcat]
2026-09-01 01:02:12,372 [main] INFO  [org.apache.catalina.core.StandardEngine] DirectJDKLog.java:173 - Starting Servlet engine: [Apache Tomcat/10.1.24]
2026-09-01 01:02:12,395 [main] INFO  [o.a.c.c.ContainerBase.[Tomcat].[localhost].[/api]] DirectJDKLog.java:173 - Initializing Spring embedded WebApplicationContext
2026-09-01 01:02:12,752 [main] INFO  [com.ehowes.redis.RedissonAutoConfiguration] RedissonAutoConfiguration.java:130 - 初始化 Redisson 配置
2026-09-01 01:02:12,830 [main] INFO  [org.redisson.Version] Version.java:43 - Redisson 3.32.0
2026-09-01 01:02:59,544 [main] INFO  [org.apache.catalina.core.StandardService] DirectJDKLog.java:173 - Stopping service [Tomcat]
2026-09-01 01:03:00,981 [main] INFO  [com.ehowes.admin.AdminApplication] StartupInfoLogger.java:50 - Starting AdminApplication v1.0.0 using Java 21.0.11 with PID 7 (/opt/apps/ehox-wes-encrypted.jar started by root in /opt/apps)
2026-09-01 01:03:00,984 [main] INFO  [com.ehowes.admin.AdminApplication] SpringApplication.java:660 - The following 1 profile is active: "prod-ehox"
2026-09-01 01:03:03,652 [main] INFO  [org.apache.coyote.http11.Http11NioProtocol] DirectJDKLog.java:173 - Initializing ProtocolHandler ["http-nio-8092"]
2026-09-01 01:03:03,653 [main] INFO  [org.apache.catalina.core.StandardService] DirectJDKLog.java:173 - Starting service [Tomcat]
2026-09-01 01:03:03,653 [main] INFO  [org.apache.catalina.core.StandardEngine] DirectJDKLog.java:173 - Starting Servlet engine: [Apache Tomcat/10.1.24]
2026-09-01 01:03:03,677 [main] INFO  [o.a.c.c.ContainerBase.[Tomcat].[localhost].[/api]] DirectJDKLog.java:173 - Initializing Spring embedded WebApplicationContext
2026-09-01 01:03:04,021 [main] INFO  [com.ehowes.redis.RedissonAutoConfiguration] RedissonAutoConfiguration.java:130 - 初始化 Redisson 配置
2026-09-01 01:03:04,097 [main] INFO  [org.redisson.Version] Version.java:43 - Redisson 3.32.0
2026-09-01 01:03:50,820 [main] INFO  [org.apache.catalina.core.StandardService] DirectJDKLog.java:173 - Stopping service [Tomcat]
2026-09-01 01:03:52,288 [main] INFO  [com.ehowes.admin.AdminApplication] StartupInfoLogger.java:50 - Starting AdminApplication v1.0.0 using Java 21.0.11 with PID 7 (/opt/apps/ehox-wes-encrypted.jar started by root in /opt/apps)
2026-09-01 01:03:52,292 [main] INFO  [com.ehowes.admin.AdminApplication] SpringApplication.java:660 - The following 1 profile is active: "prod-ehox"
2026-09-01 01:03:54,987 [main] INFO  [org.apache.coyote.http11.Http11NioProtocol] DirectJDKLog.java:173 - Initializing ProtocolHandler ["http-nio-8092"]
2026-09-01 01:03:54,988 [main] INFO  [org.apache.catalina.core.StandardService] DirectJDKLog.java:173 - Starting service [Tomcat]
2026-09-01 01:03:54,988 [main] INFO  [org.apache.catalina.core.StandardEngine] DirectJDKLog.java:173 - Starting Servlet engine: [Apache Tomcat/10.1.24]
2026-09-01 01:03:55,008 [main] INFO  [o.a.c.c.ContainerBase.[Tomcat].[localhost].[/api]] DirectJDKLog.java:173 - Initializing Spring embedded WebApplicationContext
2026-09-01 01:03:55,342 [main] INFO  [com.ehowes.redis.RedissonAutoConfiguration] RedissonAutoConfiguration.java:130 - 初始化 Redisson 配置
2026-09-01 01:03:55,419 [main] INFO  [org.redisson.Version] Version.java:43 - Redisson 3.32.0
2026-09-01 01:04:42,131 [main] INFO  [org.apache.catalina.core.StandardService] DirectJDKLog.java:173 - Stopping service [Tomcat]
2026-09-01 01:04:43,571 [main] INFO  [com.ehowes.admin.AdminApplication] StartupInfoLogger.java:50 - Starting AdminApplication v1.0.0 using Java 21.0.11 with PID 7 (/opt/apps/ehox-wes-encrypted.jar started by root in /opt/apps)
2026-09-01 01:04:43,574 [main] INFO  [com.ehowes.admin.AdminApplication] SpringApplication.java:660 - The following 1 profile is active: "prod-ehox"
2026-09-01 01:04:46,198 [main] INFO  [org.apache.coyote.http11.Http11NioProtocol] DirectJDKLog.java:173 - Initializing ProtocolHandler ["http-nio-8092"]
2026-09-01 01:04:46,200 [main] INFO  [org.apache.catalina.core.StandardService] DirectJDKLog.java:173 - Starting service [Tomcat]
2026-09-01 01:04:46,201 [main] INFO  [org.apache.catalina.core.StandardEngine] DirectJDKLog.java:173 - Starting Servlet engine: [Apache Tomcat/10.1.24]
2026-09-01 01:04:46,223 [main] INFO  [o.a.c.c.ContainerBase.[Tomcat].[localhost].[/api]] DirectJDKLog.java:173 - Initializing Spring embedded WebApplicationContext
2026-09-01 01:04:46,589 [main] INFO  [com.ehowes.redis.RedissonAutoConfiguration] RedissonAutoConfiguration.java:130 - 初始化 Redisson 配置
2026-09-01 01:04:46,665 [main] INFO  [org.redisson.Version] Version.java:43 - Redisson 3.32.0
2026-09-01 01:05:33,380 [main] INFO  [org.apache.catalina.core.StandardService] DirectJDKLog.java:173 - Stopping service [Tomcat]
2026-09-01 01:05:34,830 [main] INFO  [com.ehowes.admin.AdminApplication] StartupInfoLogger.java:50 - Starting AdminApplication v1.0.0 using Java 21.0.11 with PID 7 (/opt/apps/ehox-wes-encrypted.jar started by root in /opt/apps)
2026-09-01 01:05:34,834 [main] INFO  [com.ehowes.admin.AdminApplication] SpringApplication.java:660 - The following 1 profile is active: "prod-ehox"
2026-09-01 01:05:37,556 [main] INFO  [org.apache.coyote.http11.Http11NioProtocol] DirectJDKLog.java:173 - Initializing ProtocolHandler ["http-nio-8092"]
2026-09-01 01:05:37,557 [main] INFO  [org.apache.catalina.core.StandardService] DirectJDKLog.java:173 - Starting service [Tomcat]
2026-09-01 01:05:37,557 [main] INFO  [org.apache.catalina.core.StandardEngine] DirectJDKLog.java:173 - Starting Servlet engine: [Apache Tomcat/10.1.24]
2026-09-01 01:05:37,578 [main] INFO  [o.a.c.c.ContainerBase.[Tomcat].[localhost].[/api]] DirectJDKLog.java:173 - Initializing Spring embedded WebApplicationContext
2026-09-01 01:05:37,948 [main] INFO  [com.ehowes.redis.RedissonAutoConfiguration] RedissonAutoConfiguration.java:130 - 初始化 Redisson 配置
2026-09-01 01:05:38,030 [main] INFO  [org.redisson.Version] Version.java:43 - Redisson 3.32.0
2026-09-01 01:06:24,734 [main] INFO  [org.apache.catalina.core.StandardService] DirectJDKLog.java:173 - Stopping service [Tomcat]
2026-09-01 01:06:26,184 [main] INFO  [com.ehowes.admin.AdminApplication] StartupInfoLogger.java:50 - Starting AdminApplication v1.0.0 using Java 21.0.11 with PID 7 (/opt/apps/ehox-wes-encrypted.jar started by root in /opt/apps)
2026-09-01 01:06:26,187 [main] INFO  [com.ehowes.admin.AdminApplication] SpringApplication.java:660 - The following 1 profile is active: "prod-ehox"
2026-09-01 01:06:28,943 [main] INFO  [org.apache.coyote.http11.Http11NioProtocol] DirectJDKLog.java:173 - Initializing ProtocolHandler ["http-nio-8092"]
2026-09-01 01:06:28,944 [main] INFO  [org.apache.catalina.core.StandardService] DirectJDKLog.java:173 - Starting service [Tomcat]
2026-09-01 01:06:28,944 [main] INFO  [org.apache.catalina.core.StandardEngine] DirectJDKLog.java:173 - Starting Servlet engine: [Apache Tomcat/10.1.24]
2026-09-01 01:06:28,966 [main] INFO  [o.a.c.c.ContainerBase.[Tomcat].[localhost].[/api]] DirectJDKLog.java:173 - Initializing Spring embedded WebApplicationContext
2026-09-01 01:06:29,310 [main] INFO  [com.ehowes.redis.RedissonAutoConfiguration] RedissonAutoConfiguration.java:130 - 初始化 Redisson 配置
2026-09-01 01:06:29,392 [main] INFO  [org.redisson.Version] Version.java:43 - Redisson 3.32.0
2026-09-01 01:07:16,101 [main] INFO  [org.apache.catalina.core.StandardService] DirectJDKLog.java:173 - Stopping service [Tomcat]
2026-09-01 01:07:18,422 [main] INFO  [com.ehowes.admin.AdminApplication] StartupInfoLogger.java:50 - Starting AdminApplication v1.0.0 using Java 21.0.11 with PID 7 (/opt/apps/ehox-wes-encrypted.jar started by root in /opt/apps)
2026-09-01 01:07:18,426 [main] INFO  [com.ehowes.admin.AdminApplication] SpringApplication.java:660 - The following 1 profile is active: "prod-ehox"
2026-09-01 01:07:21,161 [main] INFO  [org.apache.coyote.http11.Http11NioProtocol] DirectJDKLog.java:173 - Initializing ProtocolHandler ["http-nio-8092"]
2026-09-01 01:07:21,162 [main] INFO  [org.apache.catalina.core.StandardService] DirectJDKLog.java:173 - Starting service [Tomcat]
2026-09-01 01:07:21,163 [main] INFO  [org.apache.catalina.core.StandardEngine] DirectJDKLog.java:173 - Starting Servlet engine: [Apache Tomcat/10.1.24]
2026-09-01 01:07:21,185 [main] INFO  [o.a.c.c.ContainerBase.[Tomcat].[localhost].[/api]] DirectJDKLog.java:173 - Initializing Spring embedded WebApplicationContext
2026-09-01 01:07:21,522 [main] INFO  [com.ehowes.redis.RedissonAutoConfiguration] RedissonAutoConfiguration.java:130 - 初始化 Redisson 配置
2026-09-01 01:07:21,600 [main] INFO  [org.redisson.Version] Version.java:43 - Redisson 3.32.0
2026-09-01 01:08:08,308 [main] INFO  [org.apache.catalina.core.StandardService] DirectJDKLog.java:173 - Stopping service [Tomcat]
2026-09-01 01:08:09,782 [main] INFO  [com.ehowes.admin.AdminApplication] StartupInfoLogger.java:50 - Starting AdminApplication v1.0.0 using Java 21.0.11 with PID 7 (/opt/apps/ehox-wes-encrypted.jar started by root in /opt/apps)
2026-09-01 01:08:09,786 [main] INFO  [com.ehowes.admin.AdminApplication] SpringApplication.java:660 - The following 1 profile is active: "prod-ehox"
2026-09-01 01:08:12,502 [main] INFO  [org.apache.coyote.http11.Http11NioProtocol] DirectJDKLog.java:173 - Initializing ProtocolHandler ["http-nio-8092"]
2026-09-01 01:08:12,503 [main] INFO  [org.apache.catalina.core.StandardService] DirectJDKLog.java:173 - Starting service [Tomcat]
2026-09-01 01:08:12,503 [main] INFO  [org.apache.catalina.core.StandardEngine] DirectJDKLog.java:173 - Starting Servlet engine: [Apache Tomcat/10.1.24]
2026-09-01 01:08:12,556 [main] INFO  [o.a.c.c.ContainerBase.[Tomcat].[localhost].[/api]] DirectJDKLog.java:173 - Initializing Spring embedded WebApplicationContext
2026-09-01 01:08:12,897 [main] INFO  [com.ehowes.redis.RedissonAutoConfiguration] RedissonAutoConfiguration.java:130 - 初始化 Redisson 配置
2026-09-01 01:08:12,973 [main] INFO  [org.redisson.Version] Version.java:43 - Redisson 3.32.0
2026-09-01 01:08:59,666 [main] INFO  [org.apache.catalina.core.StandardService] DirectJDKLog.java:173 - Stopping service [Tomcat]
2026-09-01 01:09:01,163 [main] INFO  [com.ehowes.admin.AdminApplication] StartupInfoLogger.java:50 - Starting AdminApplication v1.0.0 using Java 21.0.11 with PID 8 (/opt/apps/ehox-wes-encrypted.jar started by root in /opt/apps)
2026-09-01 01:09:01,166 [main] INFO  [com.ehowes.admin.AdminApplication] SpringApplication.java:660 - The following 1 profile is active: "prod-ehox"
2026-09-01 01:09:03,886 [main] INFO  [org.apache.coyote.http11.Http11NioProtocol] DirectJDKLog.java:173 - Initializing ProtocolHandler ["http-nio-8092"]
2026-09-01 01:09:03,887 [main] INFO  [org.apache.catalina.core.StandardService] DirectJDKLog.java:173 - Starting service [Tomcat]
2026-09-01 01:09:03,887 [main] INFO  [org.apache.catalina.core.StandardEngine] DirectJDKLog.java:173 - Starting Servlet engine: [Apache Tomcat/10.1.24]
2026-09-01 01:09:03,941 [main] INFO  [o.a.c.c.ContainerBase.[Tomcat].[localhost].[/api]] DirectJDKLog.java:173 - Initializing Spring embedded WebApplicationContext
2026-09-01 01:09:04,297 [main] INFO  [com.ehowes.redis.RedissonAutoConfiguration] RedissonAutoConfiguration.java:130 - 初始化 Redisson 配置
2026-09-01 01:09:04,372 [main] INFO  [org.redisson.Version] Version.java:43 - Redisson 3.32.0
2026-09-01 01:09:44,172 [main] INFO  [org.apache.catalina.core.StandardService] DirectJDKLog.java:173 - Stopping service [Tomcat]
2026-09-01 01:09:46,504 [main] INFO  [com.ehowes.admin.AdminApplication] StartupInfoLogger.java:50 - Starting AdminApplication v1.0.0 using Java 21.0.11 with PID 7 (/opt/apps/ehox-wes-encrypted.jar started by root in /opt/apps)
2026-09-01 01:09:46,509 [main] INFO  [com.ehowes.admin.AdminApplication] SpringApplication.java:660 - The following 1 profile is active: "prod-ehox"
2026-09-01 01:09:49,289 [main] INFO  [org.apache.coyote.http11.Http11NioProtocol] DirectJDKLog.java:173 - Initializing ProtocolHandler ["http-nio-8092"]
2026-09-01 01:09:49,291 [main] INFO  [org.apache.catalina.core.StandardService] DirectJDKLog.java:173 - Starting service [Tomcat]
2026-09-01 01:09:49,291 [main] INFO  [org.apache.catalina.core.StandardEngine] DirectJDKLog.java:173 - Starting Servlet engine: [Apache Tomcat/10.1.24]
2026-09-01 01:09:49,313 [main] INFO  [o.a.c.c.ContainerBase.[Tomcat].[localhost].[/api]] DirectJDKLog.java:173 - Initializing Spring embedded WebApplicationContext
2026-09-01 01:09:49,635 [main] INFO  [com.ehowes.redis.RedissonAutoConfiguration] RedissonAutoConfiguration.java:130 - 初始化 Redisson 配置
2026-09-01 01:09:49,711 [main] INFO  [org.redisson.Version] Version.java:43 - Redisson 3.32.0
2026-09-01 01:10:36,414 [main] INFO  [org.apache.catalina.core.StandardService] DirectJDKLog.java:173 - Stopping service [Tomcat]
2026-09-01 01:10:38,775 [main] INFO  [com.ehowes.admin.AdminApplication] StartupInfoLogger.java:50 - Starting AdminApplication v1.0.0 using Java 21.0.11 with PID 7 (/opt/apps/ehox-wes-encrypted.jar started by root in /opt/apps)
2026-09-01 01:10:38,778 [main] INFO  [com.ehowes.admin.AdminApplication] SpringApplication.java:660 - The following 1 profile is active: "prod-ehox"
2026-09-01 01:10:41,447 [main] INFO  [org.apache.coyote.http11.Http11NioProtocol] DirectJDKLog.java:173 - Initializing ProtocolHandler ["http-nio-8092"]
2026-09-01 01:10:41,448 [main] INFO  [org.apache.catalina.core.StandardService] DirectJDKLog.java:173 - Starting service [Tomcat]
2026-09-01 01:10:41,448 [main] INFO  [org.apache.catalina.core.StandardEngine] DirectJDKLog.java:173 - Starting Servlet engine: [Apache Tomcat/10.1.24]
2026-09-01 01:10:41,472 [main] INFO  [o.a.c.c.ContainerBase.[Tomcat].[localhost].[/api]] DirectJDKLog.java:173 - Initializing Spring embedded WebApplicationContext
2026-09-01 01:10:41,805 [main] INFO  [com.ehowes.redis.RedissonAutoConfiguration] RedissonAutoConfiguration.java:130 - 初始化 Redisson 配置
2026-09-01 01:10:41,881 [main] INFO  [org.redisson.Version] Version.java:43 - Redisson 3.32.0
2026-09-01 01:11:28,611 [main] INFO  [org.apache.catalina.core.StandardService] DirectJDKLog.java:173 - Stopping service [Tomcat]
2026-09-01 01:11:30,065 [main] INFO  [com.ehowes.admin.AdminApplication] StartupInfoLogger.java:50 - Starting AdminApplication v1.0.0 using Java 21.0.11 with PID 7 (/opt/apps/ehox-wes-encrypted.jar started by root in /opt/apps)
2026-09-01 01:11:30,070 [main] INFO  [com.ehowes.admin.AdminApplication] SpringApplication.java:660 - The following 1 profile is active: "prod-ehox"
2026-09-01 01:11:32,769 [main] INFO  [org.apache.coyote.http11.Http11NioProtocol] DirectJDKLog.java:173 - Initializing ProtocolHandler ["http-nio-8092"]
2026-09-01 01:11:32,771 [main] INFO  [org.apache.catalina.core.StandardService] DirectJDKLog.java:173 - Starting service [Tomcat]
2026-09-01 01:11:32,771 [main] INFO  [org.apache.catalina.core.StandardEngine] DirectJDKLog.java:173 - Starting Servlet engine: [Apache Tomcat/10.1.24]
2026-09-01 01:11:32,792 [main] INFO  [o.a.c.c.ContainerBase.[Tomcat].[localhost].[/api]] DirectJDKLog.java:173 - Initializing Spring embedded WebApplicationContext
2026-09-01 01:11:33,127 [main] INFO  [com.ehowes.redis.RedissonAutoConfiguration] RedissonAutoConfiguration.java:130 - 初始化 Redisson 配置
2026-09-01 01:11:33,201 [main] INFO  [org.redisson.Version] Version.java:43 - Redisson 3.32.0
2026-09-01 01:12:19,929 [main] INFO  [org.apache.catalina.core.StandardService] DirectJDKLog.java:173 - Stopping service [Tomcat]
2026-09-01 01:12:22,246 [main] INFO  [com.ehowes.admin.AdminApplication] StartupInfoLogger.java:50 - Starting AdminApplication v1.0.0 using Java 21.0.11 with PID 7 (/opt/apps/ehox-wes-encrypted.jar started by root in /opt/apps)
2026-09-01 01:12:22,250 [main] INFO  [com.ehowes.admin.AdminApplication] SpringApplication.java:660 - The following 1 profile is active: "prod-ehox"
2026-09-01 01:12:24,895 [main] INFO  [org.apache.coyote.http11.Http11NioProtocol] DirectJDKLog.java:173 - Initializing ProtocolHandler ["http-nio-8092"]
2026-09-01 01:12:24,896 [main] INFO  [org.apache.catalina.core.StandardService] DirectJDKLog.java:173 - Starting service [Tomcat]
2026-09-01 01:12:24,896 [main] INFO  [org.apache.catalina.core.StandardEngine] DirectJDKLog.java:173 - Starting Servlet engine: [Apache Tomcat/10.1.24]
2026-09-01 01:12:24,921 [main] INFO  [o.a.c.c.ContainerBase.[Tomcat].[localhost].[/api]] DirectJDKLog.java:173 - Initializing Spring embedded WebApplicationContext
2026-09-01 01:12:25,275 [main] INFO  [com.ehowes.redis.RedissonAutoConfiguration] RedissonAutoConfiguration.java:130 - 初始化 Redisson 配置
2026-09-01 01:12:25,349 [main] INFO  [org.redisson.Version] Version.java:43 - Redisson 3.32.0
2026-09-01 01:13:12,055 [main] INFO  [org.apache.catalina.core.StandardService] DirectJDKLog.java:173 - Stopping service [Tomcat]
2026-09-01 01:13:13,490 [main] INFO  [com.ehowes.admin.AdminApplication] StartupInfoLogger.java:50 - Starting AdminApplication v1.0.0 using Java 21.0.11 with PID 7 (/opt/apps/ehox-wes-encrypted.jar started by root in /opt/apps)
2026-09-01 01:13:13,493 [main] INFO  [com.ehowes.admin.AdminApplication] SpringApplication.java:660 - The following 1 profile is active: "prod-ehox"
2026-09-01 01:13:16,149 [main] INFO  [org.apache.coyote.http11.Http11NioProtocol] DirectJDKLog.java:173 - Initializing ProtocolHandler ["http-nio-8092"]
2026-09-01 01:13:16,150 [main] INFO  [org.apache.catalina.core.StandardService] DirectJDKLog.java:173 - Starting service [Tomcat]
2026-09-01 01:13:16,151 [main] INFO  [org.apache.catalina.core.StandardEngine] DirectJDKLog.java:173 - Starting Servlet engine: [Apache Tomcat/10.1.24]
2026-09-01 01:13:16,174 [main] INFO  [o.a.c.c.ContainerBase.[Tomcat].[localhost].[/api]] DirectJDKLog.java:173 - Initializing Spring embedded WebApplicationContext
2026-09-01 01:13:16,526 [main] INFO  [com.ehowes.redis.RedissonAutoConfiguration] RedissonAutoConfiguration.java:130 - 初始化 Redisson 配置
2026-09-01 01:13:16,605 [main] INFO  [org.redisson.Version] Version.java:43 - Redisson 3.32.0
2026-09-01 01:14:03,318 [main] INFO  [org.apache.catalina.core.StandardService] DirectJDKLog.java:173 - Stopping service [Tomcat]
2026-09-01 01:14:04,790 [main] INFO  [com.ehowes.admin.AdminApplication] StartupInfoLogger.java:50 - Starting AdminApplication v1.0.0 using Java 21.0.11 with PID 7 (/opt/apps/ehox-wes-encrypted.jar started by root in /opt/apps)
2026-09-01 01:14:04,795 [main] INFO  [com.ehowes.admin.AdminApplication] SpringApplication.java:660 - The following 1 profile is active: "prod-ehox"
2026-09-01 01:14:07,493 [main] INFO  [org.apache.coyote.http11.Http11NioProtocol] DirectJDKLog.java:173 - Initializing ProtocolHandler ["http-nio-8092"]
2026-09-01 01:14:07,494 [main] INFO  [org.apache.catalina.core.StandardService] DirectJDKLog.java:173 - Starting service [Tomcat]
2026-09-01 01:14:07,495 [main] INFO  [org.apache.catalina.core.StandardEngine] DirectJDKLog.java:173 - Starting Servlet engine: [Apache Tomcat/10.1.24]
2026-09-01 01:14:07,518 [main] INFO  [o.a.c.c.ContainerBase.[Tomcat].[localhost].[/api]] DirectJDKLog.java:173 - Initializing Spring embedded WebApplicationContext
2026-09-01 01:14:07,838 [main] INFO  [com.ehowes.redis.RedissonAutoConfiguration] RedissonAutoConfiguration.java:130 - 初始化 Redisson 配置
2026-09-01 01:14:07,917 [main] INFO  [org.redisson.Version] Version.java:43 - Redisson 3.32.0
2026-09-01 01:14:54,639 [main] INFO  [org.apache.catalina.core.StandardService] DirectJDKLog.java:173 - Stopping service [Tomcat]
2026-09-01 01:14:56,130 [main] INFO  [com.ehowes.admin.AdminApplication] StartupInfoLogger.java:50 - Starting AdminApplication v1.0.0 using Java 21.0.11 with PID 8 (/opt/apps/ehox-wes-encrypted.jar started by root in /opt/apps)
2026-09-01 01:14:56,133 [main] INFO  [com.ehowes.admin.AdminApplication] SpringApplication.java:660 - The following 1 profile is active: "prod-ehox"
2026-09-01 01:14:58,755 [main] INFO  [org.apache.coyote.http11.Http11NioProtocol] DirectJDKLog.java:173 - Initializing ProtocolHandler ["http-nio-8092"]
2026-09-01 01:14:58,756 [main] INFO  [org.apache.catalina.core.StandardService] DirectJDKLog.java:173 - Starting service [Tomcat]
2026-09-01 01:14:58,756 [main] INFO  [org.apache.catalina.core.StandardEngine] DirectJDKLog.java:173 - Starting Servlet engine: [Apache Tomcat/10.1.24]
2026-09-01 01:14:58,784 [main] INFO  [o.a.c.c.ContainerBase.[Tomcat].[localhost].[/api]] DirectJDKLog.java:173 - Initializing Spring embedded WebApplicationContext
2026-09-01 01:14:59,258 [main] INFO  [com.ehowes.redis.RedissonAutoConfiguration] RedissonAutoConfiguration.java:130 - 初始化 Redisson 配置
2026-09-01 01:14:59,334 [main] INFO  [org.redisson.Version] Version.java:43 - Redisson 3.32.0
2026-09-01 01:15:36,068 [main] INFO  [org.apache.catalina.core.StandardService] DirectJDKLog.java:173 - Stopping service [Tomcat]
2026-09-01 01:15:37,574 [main] INFO  [com.ehowes.admin.AdminApplication] StartupInfoLogger.java:50 - Starting AdminApplication v1.0.0 using Java 21.0.11 with PID 7 (/opt/apps/ehox-wes-encrypted.jar started by root in /opt/apps)
2026-09-01 01:15:37,577 [main] INFO  [com.ehowes.admin.AdminApplication] SpringApplication.java:660 - The following 1 profile is active: "prod-ehox"
2026-09-01 01:15:40,407 [main] INFO  [org.apache.coyote.http11.Http11NioProtocol] DirectJDKLog.java:173 - Initializing ProtocolHandler ["http-nio-8092"]
2026-09-01 01:15:40,408 [main] INFO  [org.apache.catalina.core.StandardService] DirectJDKLog.java:173 - Starting service [Tomcat]
2026-09-01 01:15:40,408 [main] INFO  [org.apache.catalina.core.StandardEngine] DirectJDKLog.java:173 - Starting Servlet engine: [Apache Tomcat/10.1.24]
2026-09-01 01:15:40,430 [main] INFO  [o.a.c.c.ContainerBase.[Tomcat].[localhost].[/api]] DirectJDKLog.java:173 - Initializing Spring embedded WebApplicationContext
2026-09-01 01:15:40,808 [main] INFO  [com.ehowes.redis.RedissonAutoConfiguration] RedissonAutoConfiguration.java:130 - 初始化 Redisson 配置
2026-09-01 01:15:40,890 [main] INFO  [org.redisson.Version] Version.java:43 - Redisson 3.32.0
2026-09-01 01:16:27,605 [main] INFO  [org.apache.catalina.core.StandardService] DirectJDKLog.java:173 - Stopping service [Tomcat]
2026-09-01 01:16:29,113 [main] INFO  [com.ehowes.admin.AdminApplication] StartupInfoLogger.java:50 - Starting AdminApplication v1.0.0 using Java 21.0.11 with PID 7 (/opt/apps/ehox-wes-encrypted.jar started by root in /opt/apps)
2026-09-01 01:16:29,117 [main] INFO  [com.ehowes.admin.AdminApplication] SpringApplication.java:660 - The following 1 profile is active: "prod-ehox"
2026-09-01 01:16:31,901 [main] INFO  [org.apache.coyote.http11.Http11NioProtocol] DirectJDKLog.java:173 - Initializing ProtocolHandler ["http-nio-8092"]
2026-09-01 01:16:31,903 [main] INFO  [org.apache.catalina.core.StandardService] DirectJDKLog.java:173 - Starting service [Tomcat]
2026-09-01 01:16:31,904 [main] INFO  [org.apache.catalina.core.StandardEngine] DirectJDKLog.java:173 - Starting Servlet engine: [Apache Tomcat/10.1.24]
2026-09-01 01:16:31,952 [main] INFO  [o.a.c.c.ContainerBase.[Tomcat].[localhost].[/api]] DirectJDKLog.java:173 - Initializing Spring embedded WebApplicationContext
2026-09-01 01:16:32,358 [main] INFO  [com.ehowes.redis.RedissonAutoConfiguration] RedissonAutoConfiguration.java:130 - 初始化 Redisson 配置
2026-09-01 01:16:32,438 [main] INFO  [org.redisson.Version] Version.java:43 - Redisson 3.32.0
2026-09-01 01:17:19,157 [main] INFO  [org.apache.catalina.core.StandardService] DirectJDKLog.java:173 - Stopping service [Tomcat]
2026-09-01 01:17:20,654 [main] INFO  [com.ehowes.admin.AdminApplication] StartupInfoLogger.java:50 - Starting AdminApplication v1.0.0 using Java 21.0.11 with PID 7 (/opt/apps/ehox-wes-encrypted.jar started by root in /opt/apps)
2026-09-01 01:17:20,657 [main] INFO  [com.ehowes.admin.AdminApplication] SpringApplication.java:660 - The following 1 profile is active: "prod-ehox"
2026-09-01 01:17:23,491 [main] INFO  [org.apache.coyote.http11.Http11NioProtocol] DirectJDKLog.java:173 - Initializing ProtocolHandler ["http-nio-8092"]
2026-09-01 01:17:23,493 [main] INFO  [org.apache.catalina.core.StandardService] DirectJDKLog.java:173 - Starting service [Tomcat]
2026-09-01 01:17:23,493 [main] INFO  [org.apache.catalina.core.StandardEngine] DirectJDKLog.java:173 - Starting Servlet engine: [Apache Tomcat/10.1.24]
2026-09-01 01:17:23,523 [main] INFO  [o.a.c.c.ContainerBase.[Tomcat].[localhost].[/api]] DirectJDKLog.java:173 - Initializing Spring embedded WebApplicationContext
2026-09-01 01:17:23,977 [main] INFO  [com.ehowes.redis.RedissonAutoConfiguration] RedissonAutoConfiguration.java:130 - 初始化 Redisson 配置
2026-09-01 01:17:24,058 [main] INFO  [org.redisson.Version] Version.java:43 - Redisson 3.32.0
2026-09-01 01:18:10,778 [main] INFO  [org.apache.catalina.core.StandardService] DirectJDKLog.java:173 - Stopping service [Tomcat]
2026-09-01 01:18:12,199 [main] INFO  [com.ehowes.admin.AdminApplication] StartupInfoLogger.java:50 - Starting AdminApplication v1.0.0 using Java 21.0.11 with PID 7 (/opt/apps/ehox-wes-encrypted.jar started by root in /opt/apps)
2026-09-01 01:18:12,203 [main] INFO  [com.ehowes.admin.AdminApplication] SpringApplication.java:660 - The following 1 profile is active: "prod-ehox"
2026-09-01 01:18:14,866 [main] INFO  [org.apache.coyote.http11.Http11NioProtocol] DirectJDKLog.java:173 - Initializing ProtocolHandler ["http-nio-8092"]
2026-09-01 01:18:14,867 [main] INFO  [org.apache.catalina.core.StandardService] DirectJDKLog.java:173 - Starting service [Tomcat]
2026-09-01 01:18:14,867 [main] INFO  [org.apache.catalina.core.StandardEngine] DirectJDKLog.java:173 - Starting Servlet engine: [Apache Tomcat/10.1.24]
2026-09-01 01:18:14,888 [main] INFO  [o.a.c.c.ContainerBase.[Tomcat].[localhost].[/api]] DirectJDKLog.java:173 - Initializing Spring embedded WebApplicationContext
2026-09-01 01:18:15,249 [main] INFO  [com.ehowes.redis.RedissonAutoConfiguration] RedissonAutoConfiguration.java:130 - 初始化 Redisson 配置
2026-09-01 01:18:15,323 [main] INFO  [org.redisson.Version] Version.java:43 - Redisson 3.32.0
2026-09-01 01:19:02,030 [main] INFO  [org.apache.catalina.core.StandardService] DirectJDKLog.java:173 - Stopping service [Tomcat]
2026-09-01 01:19:03,469 [main] INFO  [com.ehowes.admin.AdminApplication] StartupInfoLogger.java:50 - Starting AdminApplication v1.0.0 using Java 21.0.11 with PID 7 (/opt/apps/ehox-wes-encrypted.jar started by root in /opt/apps)
2026-09-01 01:19:03,473 [main] INFO  [com.ehowes.admin.AdminApplication] SpringApplication.java:660 - The following 1 profile is active: "prod-ehox"
2026-09-01 01:19:06,148 [main] INFO  [org.apache.coyote.http11.Http11NioProtocol] DirectJDKLog.java:173 - Initializing ProtocolHandler ["http-nio-8092"]
2026-09-01 01:19:06,149 [main] INFO  [org.apache.catalina.core.StandardService] DirectJDKLog.java:173 - Starting service [Tomcat]
2026-09-01 01:19:06,149 [main] INFO  [org.apache.catalina.core.StandardEngine] DirectJDKLog.java:173 - Starting Servlet engine: [Apache Tomcat/10.1.24]
2026-09-01 01:19:06,169 [main] INFO  [o.a.c.c.ContainerBase.[Tomcat].[localhost].[/api]] DirectJDKLog.java:173 - Initializing Spring embedded WebApplicationContext
2026-09-01 01:19:06,533 [main] INFO  [com.ehowes.redis.RedissonAutoConfiguration] RedissonAutoConfiguration.java:130 - 初始化 Redisson 配置
2026-09-01 01:19:06,609 [main] INFO  [org.redisson.Version] Version.java:43 - Redisson 3.32.0
2026-09-01 01:19:53,328 [main] INFO  [org.apache.catalina.core.StandardService] DirectJDKLog.java:173 - Stopping service [Tomcat]
2026-09-01 01:19:54,824 [main] INFO  [com.ehowes.admin.AdminApplication] StartupInfoLogger.java:50 - Starting AdminApplication v1.0.0 using Java 21.0.11 with PID 7 (/opt/apps/ehox-wes-encrypted.jar started by root in /opt/apps)
2026-09-01 01:19:54,827 [main] INFO  [com.ehowes.admin.AdminApplication] SpringApplication.java:660 - The following 1 profile is active: "prod-ehox"
2026-09-01 01:19:57,518 [main] INFO  [org.apache.coyote.http11.Http11NioProtocol] DirectJDKLog.java:173 - Initializing ProtocolHandler ["http-nio-8092"]
2026-09-01 01:19:57,519 [main] INFO  [org.apache.catalina.core.StandardService] DirectJDKLog.java:173 - Starting service [Tomcat]
2026-09-01 01:19:57,519 [main] INFO  [org.apache.catalina.core.StandardEngine] DirectJDKLog.java:173 - Starting Servlet engine: [Apache Tomcat/10.1.24]
2026-09-01 01:19:57,540 [main] INFO  [o.a.c.c.ContainerBase.[Tomcat].[localhost].[/api]] DirectJDKLog.java:173 - Initializing Spring embedded WebApplicationContext
2026-09-01 01:19:57,882 [main] INFO  [com.ehowes.redis.RedissonAutoConfiguration] RedissonAutoConfiguration.java:130 - 初始化 Redisson 配置
2026-09-01 01:19:57,962 [main] INFO  [org.redisson.Version] Version.java:43 - Redisson 3.32.0
2026-09-01 01:20:44,662 [main] INFO  [org.apache.catalina.core.StandardService] DirectJDKLog.java:173 - Stopping service [Tomcat]
2026-09-01 01:20:46,204 [main] INFO  [com.ehowes.admin.AdminApplication] StartupInfoLogger.java:50 - Starting AdminApplication v1.0.0 using Java 21.0.11 with PID 7 (/opt/apps/ehox-wes-encrypted.jar started by root in /opt/apps)
2026-09-01 01:20:46,208 [main] INFO  [com.ehowes.admin.AdminApplication] SpringApplication.java:660 - The following 1 profile is active: "prod-ehox"
2026-09-01 01:20:49,123 [main] INFO  [org.apache.coyote.http11.Http11NioProtocol] DirectJDKLog.java:173 - Initializing ProtocolHandler ["http-nio-8092"]
2026-09-01 01:20:49,124 [main] INFO  [org.apache.catalina.core.StandardService] DirectJDKLog.java:173 - Starting service [Tomcat]
2026-09-01 01:20:49,124 [main] INFO  [org.apache.catalina.core.StandardEngine] DirectJDKLog.java:173 - Starting Servlet engine: [Apache Tomcat/10.1.24]
2026-09-01 01:20:49,162 [main] INFO  [o.a.c.c.ContainerBase.[Tomcat].[localhost].[/api]] DirectJDKLog.java:173 - Initializing Spring embedded WebApplicationContext
2026-09-01 01:20:49,509 [main] INFO  [com.ehowes.redis.RedissonAutoConfiguration] RedissonAutoConfiguration.java:130 - 初始化 Redisson 配置
2026-09-01 01:20:49,588 [main] INFO  [org.redisson.Version] Version.java:43 - Redisson 3.32.0
2026-09-01 01:21:26,295 [main] INFO  [org.apache.catalina.core.StandardService] DirectJDKLog.java:173 - Stopping service [Tomcat]
2026-09-01 01:21:27,906 [main] INFO  [com.ehowes.admin.AdminApplication] StartupInfoLogger.java:50 - Starting AdminApplication v1.0.0 using Java 21.0.11 with PID 7 (/opt/apps/ehox-wes-encrypted.jar started by root in /opt/apps)
2026-09-01 01:21:27,911 [main] INFO  [com.ehowes.admin.AdminApplication] SpringApplication.java:660 - The following 1 profile is active: "prod-ehox"
2026-09-01 01:21:30,753 [main] INFO  [org.apache.coyote.http11.Http11NioProtocol] DirectJDKLog.java:173 - Initializing ProtocolHandler ["http-nio-8092"]
2026-09-01 01:21:30,755 [main] INFO  [org.apache.catalina.core.StandardService] DirectJDKLog.java:173 - Starting service [Tomcat]
2026-09-01 01:21:30,755 [main] INFO  [org.apache.catalina.core.StandardEngine] DirectJDKLog.java:173 - Starting Servlet engine: [Apache Tomcat/10.1.24]
2026-09-01 01:21:30,787 [main] INFO  [o.a.c.c.ContainerBase.[Tomcat].[localhost].[/api]] DirectJDKLog.java:173 - Initializing Spring embedded WebApplicationContext
2026-09-01 01:21:31,225 [main] INFO  [com.ehowes.redis.RedissonAutoConfiguration] RedissonAutoConfiguration.java:130 - 初始化 Redisson 配置
2026-09-01 01:21:31,302 [main] INFO  [org.redisson.Version] Version.java:43 - Redisson 3.32.0
2026-09-01 01:22:18,030 [main] INFO  [org.apache.catalina.core.StandardService] DirectJDKLog.java:173 - Stopping service [Tomcat]
2026-09-01 01:22:19,726 [main] INFO  [com.ehowes.admin.AdminApplication] StartupInfoLogger.java:50 - Starting AdminApplication v1.0.0 using Java 21.0.11 with PID 7 (/opt/apps/ehox-wes-encrypted.jar started by root in /opt/apps)
2026-09-01 01:22:19,730 [main] INFO  [com.ehowes.admin.AdminApplication] SpringApplication.java:660 - The following 1 profile is active: "prod-ehox"
2026-09-01 01:22:22,683 [main] INFO  [org.apache.coyote.http11.Http11NioProtocol] DirectJDKLog.java:173 - Initializing ProtocolHandler ["http-nio-8092"]
2026-09-01 01:22:22,684 [main] INFO  [org.apache.catalina.core.StandardService] DirectJDKLog.java:173 - Starting service [Tomcat]
2026-09-01 01:22:22,684 [main] INFO  [org.apache.catalina.core.StandardEngine] DirectJDKLog.java:173 - Starting Servlet engine: [Apache Tomcat/10.1.24]
2026-09-01 01:22:22,713 [main] INFO  [o.a.c.c.ContainerBase.[Tomcat].[localhost].[/api]] DirectJDKLog.java:173 - Initializing Spring embedded WebApplicationContext
2026-09-01 01:22:23,118 [main] INFO  [com.ehowes.redis.RedissonAutoConfiguration] RedissonAutoConfiguration.java:130 - 初始化 Redisson 配置
2026-09-01 01:22:23,199 [main] INFO  [org.redisson.Version] Version.java:43 - Redisson 3.32.0
2026-09-01 01:23:09,918 [main] INFO  [org.apache.catalina.core.StandardService] DirectJDKLog.java:173 - Stopping service [Tomcat]
2026-09-01 01:23:11,436 [main] INFO  [com.ehowes.admin.AdminApplication] StartupInfoLogger.java:50 - Starting AdminApplication v1.0.0 using Java 21.0.11 with PID 7 (/opt/apps/ehox-wes-encrypted.jar started by root in /opt/apps)
2026-09-01 01:23:11,439 [main] INFO  [com.ehowes.admin.AdminApplication] SpringApplication.java:660 - The following 1 profile is active: "prod-ehox"
2026-09-01 01:23:14,072 [main] INFO  [org.apache.coyote.http11.Http11NioProtocol] DirectJDKLog.java:173 - Initializing ProtocolHandler ["http-nio-8092"]
2026-09-01 01:23:14,074 [main] INFO  [org.apache.catalina.core.StandardService] DirectJDKLog.java:173 - Starting service [Tomcat]
2026-09-01 01:23:14,074 [main] INFO  [org.apache.catalina.core.StandardEngine] DirectJDKLog.java:173 - Starting Servlet engine: [Apache Tomcat/10.1.24]
2026-09-01 01:23:14,106 [main] INFO  [o.a.c.c.ContainerBase.[Tomcat].[localhost].[/api]] DirectJDKLog.java:173 - Initializing Spring embedded WebApplicationContext
2026-09-01 01:23:14,550 [main] INFO  [com.ehowes.redis.RedissonAutoConfiguration] RedissonAutoConfiguration.java:130 - 初始化 Redisson 配置
2026-09-01 01:23:14,630 [main] INFO  [org.redisson.Version] Version.java:43 - Redisson 3.32.0
2026-09-01 01:23:53,397 [main] INFO  [org.apache.catalina.core.StandardService] DirectJDKLog.java:173 - Stopping service [Tomcat]
2026-09-01 01:23:55,801 [main] INFO  [com.ehowes.admin.AdminApplication] StartupInfoLogger.java:50 - Starting AdminApplication v1.0.0 using Java 21.0.11 with PID 7 (/opt/apps/ehox-wes-encrypted.jar started by root in /opt/apps)
2026-09-01 01:23:55,806 [main] INFO  [com.ehowes.admin.AdminApplication] SpringApplication.java:660 - The following 1 profile is active: "prod-ehox"
2026-09-01 01:23:58,600 [main] INFO  [org.apache.coyote.http11.Http11NioProtocol] DirectJDKLog.java:173 - Initializing ProtocolHandler ["http-nio-8092"]
2026-09-01 01:23:58,602 [main] INFO  [org.apache.catalina.core.StandardService] DirectJDKLog.java:173 - Starting service [Tomcat]
2026-09-01 01:23:58,602 [main] INFO  [org.apache.catalina.core.StandardEngine] DirectJDKLog.java:173 - Starting Servlet engine: [Apache Tomcat/10.1.24]
2026-09-01 01:23:58,624 [main] INFO  [o.a.c.c.ContainerBase.[Tomcat].[localhost].[/api]] DirectJDKLog.java:173 - Initializing Spring embedded WebApplicationContext
2026-09-01 01:23:58,975 [main] INFO  [com.ehowes.redis.RedissonAutoConfiguration] RedissonAutoConfiguration.java:130 - 初始化 Redisson 配置
2026-09-01 01:23:59,053 [main] INFO  [org.redisson.Version] Version.java:43 - Redisson 3.32.0
2026-09-01 01:24:45,760 [main] INFO  [org.apache.catalina.core.StandardService] DirectJDKLog.java:173 - Stopping service [Tomcat]
2026-09-01 01:24:47,321 [main] INFO  [com.ehowes.admin.AdminApplication] StartupInfoLogger.java:50 - Starting AdminApplication v1.0.0 using Java 21.0.11 with PID 7 (/opt/apps/ehox-wes-encrypted.jar started by root in /opt/apps)
2026-09-01 01:24:47,324 [main] INFO  [com.ehowes.admin.AdminApplication] SpringApplication.java:660 - The following 1 profile is active: "prod-ehox"
2026-09-01 01:24:49,981 [main] INFO  [org.apache.coyote.http11.Http11NioProtocol] DirectJDKLog.java:173 - Initializing ProtocolHandler ["http-nio-8092"]
2026-09-01 01:24:49,982 [main] INFO  [org.apache.catalina.core.StandardService] DirectJDKLog.java:173 - Starting service [Tomcat]
2026-09-01 01:24:49,982 [main] INFO  [org.apache.catalina.core.StandardEngine] DirectJDKLog.java:173 - Starting Servlet engine: [Apache Tomcat/10.1.24]
2026-09-01 01:24:50,033 [main] INFO  [o.a.c.c.ContainerBase.[Tomcat].[localhost].[/api]] DirectJDKLog.java:173 - Initializing Spring embedded WebApplicationContext
2026-09-01 01:24:50,372 [main] INFO  [com.ehowes.redis.RedissonAutoConfiguration] RedissonAutoConfiguration.java:130 - 初始化 Redisson 配置
2026-09-01 01:24:50,446 [main] INFO  [org.redisson.Version] Version.java:43 - Redisson 3.32.0
2026-09-01 01:25:37,156 [main] INFO  [org.apache.catalina.core.StandardService] DirectJDKLog.java:173 - Stopping service [Tomcat]
2026-09-01 01:25:38,633 [main] INFO  [com.ehowes.admin.AdminApplication] StartupInfoLogger.java:50 - Starting AdminApplication v1.0.0 using Java 21.0.11 with PID 7 (/opt/apps/ehox-wes-encrypted.jar started by root in /opt/apps)
2026-09-01 01:25:38,637 [main] INFO  [com.ehowes.admin.AdminApplication] SpringApplication.java:660 - The following 1 profile is active: "prod-ehox"
2026-09-01 01:25:41,411 [main] INFO  [org.apache.coyote.http11.Http11NioProtocol] DirectJDKLog.java:173 - Initializing ProtocolHandler ["http-nio-8092"]
2026-09-01 01:25:41,413 [main] INFO  [org.apache.catalina.core.StandardService] DirectJDKLog.java:173 - Starting service [Tomcat]
2026-09-01 01:25:41,413 [main] INFO  [org.apache.catalina.core.StandardEngine] DirectJDKLog.java:173 - Starting Servlet engine: [Apache Tomcat/10.1.24]
2026-09-01 01:25:41,434 [main] INFO  [o.a.c.c.ContainerBase.[Tomcat].[localhost].[/api]] DirectJDKLog.java:173 - Initializing Spring embedded WebApplicationContext
2026-09-01 01:25:41,750 [main] INFO  [com.ehowes.redis.RedissonAutoConfiguration] RedissonAutoConfiguration.java:130 - 初始化 Redisson 配置
2026-09-01 01:25:41,830 [main] INFO  [org.redisson.Version] Version.java:43 - Redisson 3.32.0
2026-09-01 01:26:28,538 [main] INFO  [org.apache.catalina.core.StandardService] DirectJDKLog.java:173 - Stopping service [Tomcat]
2026-09-01 01:26:29,982 [main] INFO  [com.ehowes.admin.AdminApplication] StartupInfoLogger.java:50 - Starting AdminApplication v1.0.0 using Java 21.0.11 with PID 7 (/opt/apps/ehox-wes-encrypted.jar started by root in /opt/apps)
2026-09-01 01:26:29,986 [main] INFO  [com.ehowes.admin.AdminApplication] SpringApplication.java:660 - The following 1 profile is active: "prod-ehox"
2026-09-01 01:26:32,679 [main] INFO  [org.apache.coyote.http11.Http11NioProtocol] DirectJDKLog.java:173 - Initializing ProtocolHandler ["http-nio-8092"]
2026-09-01 01:26:32,681 [main] INFO  [org.apache.catalina.core.StandardService] DirectJDKLog.java:173 - Starting service [Tomcat]
2026-09-01 01:26:32,681 [main] INFO  [org.apache.catalina.core.StandardEngine] DirectJDKLog.java:173 - Starting Servlet engine: [Apache Tomcat/10.1.24]
2026-09-01 01:26:32,705 [main] INFO  [o.a.c.c.ContainerBase.[Tomcat].[localhost].[/api]] DirectJDKLog.java:173 - Initializing Spring embedded WebApplicationContext
2026-09-01 01:26:33,030 [main] INFO  [com.ehowes.redis.RedissonAutoConfiguration] RedissonAutoConfiguration.java:130 - 初始化 Redisson 配置
2026-09-01 01:26:33,104 [main] INFO  [org.redisson.Version] Version.java:43 - Redisson 3.32.0
2026-09-01 01:27:19,819 [main] INFO  [org.apache.catalina.core.StandardService] DirectJDKLog.java:173 - Stopping service [Tomcat]
2026-09-01 01:27:21,264 [main] INFO  [com.ehowes.admin.AdminApplication] StartupInfoLogger.java:50 - Starting AdminApplication v1.0.0 using Java 21.0.11 with PID 8 (/opt/apps/ehox-wes-encrypted.jar started by root in /opt/apps)
2026-09-01 01:27:21,268 [main] INFO  [com.ehowes.admin.AdminApplication] SpringApplication.java:660 - The following 1 profile is active: "prod-ehox"
2026-09-01 01:27:24,047 [main] INFO  [org.apache.coyote.http11.Http11NioProtocol] DirectJDKLog.java:173 - Initializing ProtocolHandler ["http-nio-8092"]
2026-09-01 01:27:24,048 [main] INFO  [org.apache.catalina.core.StandardService] DirectJDKLog.java:173 - Starting service [Tomcat]
2026-09-01 01:27:24,048 [main] INFO  [org.apache.catalina.core.StandardEngine] DirectJDKLog.java:173 - Starting Servlet engine: [Apache Tomcat/10.1.24]
2026-09-01 01:27:24,071 [main] INFO  [o.a.c.c.ContainerBase.[Tomcat].[localhost].[/api]] DirectJDKLog.java:173 - Initializing Spring embedded WebApplicationContext
2026-09-01 01:27:24,399 [main] INFO  [com.ehowes.redis.RedissonAutoConfiguration] RedissonAutoConfiguration.java:130 - 初始化 Redisson 配置
2026-09-01 01:27:24,473 [main] INFO  [org.redisson.Version] Version.java:43 - Redisson 3.32.0
2026-09-01 01:28:11,162 [main] INFO  [org.apache.catalina.core.StandardService] DirectJDKLog.java:173 - Stopping service [Tomcat]
2026-09-01 01:28:12,609 [main] INFO  [com.ehowes.admin.AdminApplication] StartupInfoLogger.java:50 - Starting AdminApplication v1.0.0 using Java 21.0.11 with PID 7 (/opt/apps/ehox-wes-encrypted.jar started by root in /opt/apps)
2026-09-01 01:28:12,612 [main] INFO  [com.ehowes.admin.AdminApplication] SpringApplication.java:660 - The following 1 profile is active: "prod-ehox"
2026-09-01 01:28:15,254 [main] INFO  [org.apache.coyote.http11.Http11NioProtocol] DirectJDKLog.java:173 - Initializing ProtocolHandler ["http-nio-8092"]
2026-09-01 01:28:15,256 [main] INFO  [org.apache.catalina.core.StandardService] DirectJDKLog.java:173 - Starting service [Tomcat]
2026-09-01 01:28:15,256 [main] INFO  [org.apache.catalina.core.StandardEngine] DirectJDKLog.java:173 - Starting Servlet engine: [Apache Tomcat/10.1.24]
2026-09-01 01:28:15,281 [main] INFO  [o.a.c.c.ContainerBase.[Tomcat].[localhost].[/api]] DirectJDKLog.java:173 - Initializing Spring embedded WebApplicationContext
2026-09-01 01:28:15,593 [main] INFO  [com.ehowes.redis.RedissonAutoConfiguration] RedissonAutoConfiguration.java:130 - 初始化 Redisson 配置
2026-09-01 01:28:15,677 [main] INFO  [org.redisson.Version] Version.java:43 - Redisson 3.32.0
2026-09-01 01:29:02,383 [main] INFO  [org.apache.catalina.core.StandardService] DirectJDKLog.java:173 - Stopping service [Tomcat]
2026-09-01 01:29:03,868 [main] INFO  [com.ehowes.admin.AdminApplication] StartupInfoLogger.java:50 - Starting AdminApplication v1.0.0 using Java 21.0.11 with PID 7 (/opt/apps/ehox-wes-encrypted.jar started by root in /opt/apps)
2026-09-01 01:29:03,872 [main] INFO  [com.ehowes.admin.AdminApplication] SpringApplication.java:660 - The following 1 profile is active: "prod-ehox"
2026-09-01 01:29:06,638 [main] INFO  [org.apache.coyote.http11.Http11NioProtocol] DirectJDKLog.java:173 - Initializing ProtocolHandler ["http-nio-8092"]
2026-09-01 01:29:06,639 [main] INFO  [org.apache.catalina.core.StandardService] DirectJDKLog.java:173 - Starting service [Tomcat]
2026-09-01 01:29:06,639 [main] INFO  [org.apache.catalina.core.StandardEngine] DirectJDKLog.java:173 - Starting Servlet engine: [Apache Tomcat/10.1.24]
2026-09-01 01:29:06,663 [main] INFO  [o.a.c.c.ContainerBase.[Tomcat].[localhost].[/api]] DirectJDKLog.java:173 - Initializing Spring embedded WebApplicationContext
2026-09-01 01:29:07,002 [main] INFO  [com.ehowes.redis.RedissonAutoConfiguration] RedissonAutoConfiguration.java:130 - 初始化 Redisson 配置
2026-09-01 01:29:07,082 [main] INFO  [org.redisson.Version] Version.java:43 - Redisson 3.32.0
2026-09-01 01:29:53,801 [main] INFO  [org.apache.catalina.core.StandardService] DirectJDKLog.java:173 - Stopping service [Tomcat]
2026-09-01 01:29:56,124 [main] INFO  [com.ehowes.admin.AdminApplication] StartupInfoLogger.java:50 - Starting AdminApplication v1.0.0 using Java 21.0.11 with PID 7 (/opt/apps/ehox-wes-encrypted.jar started by root in /opt/apps)
2026-09-01 01:29:56,128 [main] INFO  [com.ehowes.admin.AdminApplication] SpringApplication.java:660 - The following 1 profile is active: "prod-ehox"
2026-09-01 01:29:58,835 [main] INFO  [org.apache.coyote.http11.Http11NioProtocol] DirectJDKLog.java:173 - Initializing ProtocolHandler ["http-nio-8092"]
2026-09-01 01:29:58,873 [main] INFO  [org.apache.catalina.core.StandardService] DirectJDKLog.java:173 - Starting service [Tomcat]
2026-09-01 01:29:58,873 [main] INFO  [org.apache.catalina.core.StandardEngine] DirectJDKLog.java:173 - Starting Servlet engine: [Apache Tomcat/10.1.24]
2026-09-01 01:29:58,895 [main] INFO  [o.a.c.c.ContainerBase.[Tomcat].[localhost].[/api]] DirectJDKLog.java:173 - Initializing Spring embedded WebApplicationContext
2026-09-01 01:29:59,252 [main] INFO  [com.ehowes.redis.RedissonAutoConfiguration] RedissonAutoConfiguration.java:130 - 初始化 Redisson 配置
2026-09-01 01:29:59,325 [main] INFO  [org.redisson.Version] Version.java:43 - Redisson 3.32.0
2026-09-01 01:30:46,012 [main] INFO  [org.apache.catalina.core.StandardService] DirectJDKLog.java:173 - Stopping service [Tomcat]
2026-09-01 01:30:47,473 [main] INFO  [com.ehowes.admin.AdminApplication] StartupInfoLogger.java:50 - Starting AdminApplication v1.0.0 using Java 21.0.11 with PID 8 (/opt/apps/ehox-wes-encrypted.jar started by root in /opt/apps)
2026-09-01 01:30:47,476 [main] INFO  [com.ehowes.admin.AdminApplication] SpringApplication.java:660 - The following 1 profile is active: "prod-ehox"
2026-09-01 01:30:50,250 [main] INFO  [org.apache.coyote.http11.Http11NioProtocol] DirectJDKLog.java:173 - Initializing ProtocolHandler ["http-nio-8092"]
2026-09-01 01:30:50,252 [main] INFO  [org.apache.catalina.core.StandardService] DirectJDKLog.java:173 - Starting service [Tomcat]
2026-09-01 01:30:50,252 [main] INFO  [org.apache.catalina.core.StandardEngine] DirectJDKLog.java:173 - Starting Servlet engine: [Apache Tomcat/10.1.24]
2026-09-01 01:30:50,274 [main] INFO  [o.a.c.c.ContainerBase.[Tomcat].[localhost].[/api]] DirectJDKLog.java:173 - Initializing Spring embedded WebApplicationContext
2026-09-01 01:30:50,608 [main] INFO  [com.ehowes.redis.RedissonAutoConfiguration] RedissonAutoConfiguration.java:130 - 初始化 Redisson 配置
2026-09-01 01:30:50,685 [main] INFO  [org.redisson.Version] Version.java:43 - Redisson 3.32.0
2026-09-01 01:31:37,392 [main] INFO  [org.apache.catalina.core.StandardService] DirectJDKLog.java:173 - Stopping service [Tomcat]
2026-09-01 01:31:38,829 [main] INFO  [com.ehowes.admin.AdminApplication] StartupInfoLogger.java:50 - Starting AdminApplication v1.0.0 using Java 21.0.11 with PID 7 (/opt/apps/ehox-wes-encrypted.jar started by root in /opt/apps)
2026-09-01 01:31:38,833 [main] INFO  [com.ehowes.admin.AdminApplication] SpringApplication.java:660 - The following 1 profile is active: "prod-ehox"
2026-09-01 01:31:41,543 [main] INFO  [org.apache.coyote.http11.Http11NioProtocol] DirectJDKLog.java:173 - Initializing ProtocolHandler ["http-nio-8092"]
2026-09-01 01:31:41,544 [main] INFO  [org.apache.catalina.core.StandardService] DirectJDKLog.java:173 - Starting service [Tomcat]
2026-09-01 01:31:41,544 [main] INFO  [org.apache.catalina.core.StandardEngine] DirectJDKLog.java:173 - Starting Servlet engine: [Apache Tomcat/10.1.24]
2026-09-01 01:31:41,581 [main] INFO  [o.a.c.c.ContainerBase.[Tomcat].[localhost].[/api]] DirectJDKLog.java:173 - Initializing Spring embedded WebApplicationContext
2026-09-01 01:31:41,919 [main] INFO  [com.ehowes.redis.RedissonAutoConfiguration] RedissonAutoConfiguration.java:130 - 初始化 Redisson 配置
2026-09-01 01:31:42,000 [main] INFO  [org.redisson.Version] Version.java:43 - Redisson 3.32.0
2026-09-01 01:32:23,803 [main] INFO  [org.apache.catalina.core.StandardService] DirectJDKLog.java:173 - Stopping service [Tomcat]
2026-09-01 01:32:26,107 [main] INFO  [com.ehowes.admin.AdminApplication] StartupInfoLogger.java:50 - Starting AdminApplication v1.0.0 using Java 21.0.11 with PID 7 (/opt/apps/ehox-wes-encrypted.jar started by root in /opt/apps)
2026-09-01 01:32:26,110 [main] INFO  [com.ehowes.admin.AdminApplication] SpringApplication.java:660 - The following 1 profile is active: "prod-ehox"
2026-09-01 01:32:28,779 [main] INFO  [org.apache.coyote.http11.Http11NioProtocol] DirectJDKLog.java:173 - Initializing ProtocolHandler ["http-nio-8092"]
2026-09-01 01:32:28,780 [main] INFO  [org.apache.catalina.core.StandardService] DirectJDKLog.java:173 - Starting service [Tomcat]
2026-09-01 01:32:28,780 [main] INFO  [org.apache.catalina.core.StandardEngine] DirectJDKLog.java:173 - Starting Servlet engine: [Apache Tomcat/10.1.24]
2026-09-01 01:32:28,801 [main] INFO  [o.a.c.c.ContainerBase.[Tomcat].[localhost].[/api]] DirectJDKLog.java:173 - Initializing Spring embedded WebApplicationContext
2026-09-01 01:32:29,139 [main] INFO  [com.ehowes.redis.RedissonAutoConfiguration] RedissonAutoConfiguration.java:130 - 初始化 Redisson 配置
2026-09-01 01:32:29,212 [main] INFO  [org.redisson.Version] Version.java:43 - Redisson 3.32.0
2026-09-01 01:33:15,926 [main] INFO  [org.apache.catalina.core.StandardService] DirectJDKLog.java:173 - Stopping service [Tomcat]
2026-09-01 01:33:17,367 [main] INFO  [com.ehowes.admin.AdminApplication] StartupInfoLogger.java:50 - Starting AdminApplication v1.0.0 using Java 21.0.11 with PID 7 (/opt/apps/ehox-wes-encrypted.jar started by root in /opt/apps)
2026-09-01 01:33:17,370 [main] INFO  [com.ehowes.admin.AdminApplication] SpringApplication.java:660 - The following 1 profile is active: "prod-ehox"
2026-09-01 01:33:20,045 [main] INFO  [org.apache.coyote.http11.Http11NioProtocol] DirectJDKLog.java:173 - Initializing ProtocolHandler ["http-nio-8092"]
2026-09-01 01:33:20,047 [main] INFO  [org.apache.catalina.core.StandardService] DirectJDKLog.java:173 - Starting service [Tomcat]
2026-09-01 01:33:20,047 [main] INFO  [org.apache.catalina.core.StandardEngine] DirectJDKLog.java:173 - Starting Servlet engine: [Apache Tomcat/10.1.24]
2026-09-01 01:33:20,085 [main] INFO  [o.a.c.c.ContainerBase.[Tomcat].[localhost].[/api]] DirectJDKLog.java:173 - Initializing Spring embedded WebApplicationContext
2026-09-01 01:33:20,418 [main] INFO  [com.ehowes.redis.RedissonAutoConfiguration] RedissonAutoConfiguration.java:130 - 初始化 Redisson 配置
2026-09-01 01:33:20,496 [main] INFO  [org.redisson.Version] Version.java:43 - Redisson 3.32.0
2026-09-01 01:34:07,213 [main] INFO  [org.apache.catalina.core.StandardService] DirectJDKLog.java:173 - Stopping service [Tomcat]
2026-09-01 01:34:09,536 [main] INFO  [com.ehowes.admin.AdminApplication] StartupInfoLogger.java:50 - Starting AdminApplication v1.0.0 using Java 21.0.11 with PID 7 (/opt/apps/ehox-wes-encrypted.jar started by root in /opt/apps)
2026-09-01 01:34:09,538 [main] INFO  [com.ehowes.admin.AdminApplication] SpringApplication.java:660 - The following 1 profile is active: "prod-ehox"
2026-09-01 01:34:12,242 [main] INFO  [org.apache.coyote.http11.Http11NioProtocol] DirectJDKLog.java:173 - Initializing ProtocolHandler ["http-nio-8092"]
2026-09-01 01:34:12,243 [main] INFO  [org.apache.catalina.core.StandardService] DirectJDKLog.java:173 - Starting service [Tomcat]
2026-09-01 01:34:12,243 [main] INFO  [org.apache.catalina.core.StandardEngine] DirectJDKLog.java:173 - Starting Servlet engine: [Apache Tomcat/10.1.24]
2026-09-01 01:34:12,266 [main] INFO  [o.a.c.c.ContainerBase.[Tomcat].[localhost].[/api]] DirectJDKLog.java:173 - Initializing Spring embedded WebApplicationContext
2026-09-01 01:34:12,596 [main] INFO  [com.ehowes.redis.RedissonAutoConfiguration] RedissonAutoConfiguration.java:130 - 初始化 Redisson 配置
2026-09-01 01:34:12,669 [main] INFO  [org.redisson.Version] Version.java:43 - Redisson 3.32.0
2026-09-02 01:38:45,722 [main] INFO  [com.ehowes.admin.AdminApplication] StartupInfoLogger.java:50 - Starting AdminApplication v1.0.0 using Java 21.0.11 with PID 6 (/opt/apps/ehox-wes-encrypted.jar started by root in /opt/apps)
2026-09-02 01:38:45,729 [main] INFO  [com.ehowes.admin.AdminApplication] SpringApplication.java:660 - The following 1 profile is active: "prod-ehox"
2026-09-02 01:38:51,342 [main] INFO  [org.apache.coyote.http11.Http11NioProtocol] DirectJDKLog.java:173 - Initializing ProtocolHandler ["http-nio-8092"]
2026-09-02 01:38:51,349 [main] INFO  [org.apache.catalina.core.StandardService] DirectJDKLog.java:173 - Starting service [Tomcat]
2026-09-02 01:38:51,349 [main] INFO  [org.apache.catalina.core.StandardEngine] DirectJDKLog.java:173 - Starting Servlet engine: [Apache Tomcat/10.1.24]
2026-09-02 01:38:51,416 [main] INFO  [o.a.c.c.ContainerBase.[Tomcat].[localhost].[/api]] DirectJDKLog.java:173 - Initializing Spring embedded WebApplicationContext
2026-09-02 01:38:52,197 [main] INFO  [com.ehowes.redis.RedissonAutoConfiguration] RedissonAutoConfiguration.java:130 - 初始化 Redisson 配置
2026-09-02 01:38:52,479 [main] INFO  [org.redisson.Version] Version.java:43 - Redisson 3.32.0
2026-09-02 01:39:40,284 [main] INFO  [org.apache.catalina.core.StandardService] DirectJDKLog.java:173 - Stopping service [Tomcat]
2026-09-02 01:39:42,631 [main] INFO  [com.ehowes.admin.AdminApplication] StartupInfoLogger.java:50 - Starting AdminApplication v1.0.0 using Java 21.0.11 with PID 7 (/opt/apps/ehox-wes-encrypted.jar started by root in /opt/apps)
2026-09-02 01:39:42,635 [main] INFO  [com.ehowes.admin.AdminApplication] SpringApplication.java:660 - The following 1 profile is active: "prod-ehox"
2026-09-02 01:39:45,313 [main] INFO  [org.apache.coyote.http11.Http11NioProtocol] DirectJDKLog.java:173 - Initializing ProtocolHandler ["http-nio-8092"]
2026-09-02 01:39:45,315 [main] INFO  [org.apache.catalina.core.StandardService] DirectJDKLog.java:173 - Starting service [Tomcat]
2026-09-02 01:39:45,315 [main] INFO  [org.apache.catalina.core.StandardEngine] DirectJDKLog.java:173 - Starting Servlet engine: [Apache Tomcat/10.1.24]
2026-09-02 01:39:45,341 [main] INFO  [o.a.c.c.ContainerBase.[Tomcat].[localhost].[/api]] DirectJDKLog.java:173 - Initializing Spring embedded WebApplicationContext
2026-09-02 01:39:45,769 [main] INFO  [com.ehowes.redis.RedissonAutoConfiguration] RedissonAutoConfiguration.java:130 - 初始化 Redisson 配置
2026-09-02 01:39:45,847 [main] INFO  [org.redisson.Version] Version.java:43 - Redisson 3.32.0
2026-09-02 01:43:06,715 [main] INFO  [com.ehowes.admin.AdminApplication] StartupInfoLogger.java:50 - Starting AdminApplication v1.0.0 using Java 21.0.11 with PID 7 (/opt/apps/ehox-wes-encrypted.jar started by root in /opt/apps)
2026-09-02 01:43:06,721 [main] INFO  [com.ehowes.admin.AdminApplication] SpringApplication.java:660 - The following 1 profile is active: "prod-ehox"
2026-09-02 01:43:10,571 [main] INFO  [org.apache.coyote.http11.Http11NioProtocol] DirectJDKLog.java:173 - Initializing ProtocolHandler ["http-nio-8092"]
2026-09-02 01:43:10,575 [main] INFO  [org.apache.catalina.core.StandardService] DirectJDKLog.java:173 - Starting service [Tomcat]
2026-09-02 01:43:10,575 [main] INFO  [org.apache.catalina.core.StandardEngine] DirectJDKLog.java:173 - Starting Servlet engine: [Apache Tomcat/10.1.24]
2026-09-02 01:43:10,645 [main] INFO  [o.a.c.c.ContainerBase.[Tomcat].[localhost].[/api]] DirectJDKLog.java:173 - Initializing Spring embedded WebApplicationContext
2026-09-02 01:43:11,383 [main] INFO  [com.ehowes.redis.RedissonAutoConfiguration] RedissonAutoConfiguration.java:130 - 初始化 Redisson 配置
2026-09-02 01:43:11,602 [main] INFO  [org.redisson.Version] Version.java:43 - Redisson 3.32.0
2026-09-02 01:43:59,406 [main] INFO  [org.apache.catalina.core.StandardService] DirectJDKLog.java:173 - Stopping service [Tomcat]
2026-09-02 01:44:01,963 [main] INFO  [com.ehowes.admin.AdminApplication] StartupInfoLogger.java:50 - Starting AdminApplication v1.0.0 using Java 21.0.11 with PID 8 (/opt/apps/ehox-wes-encrypted.jar started by root in /opt/apps)
2026-09-02 01:44:01,966 [main] INFO  [com.ehowes.admin.AdminApplication] SpringApplication.java:660 - The following 1 profile is active: "prod-ehox"
2026-09-02 01:44:04,665 [main] INFO  [org.apache.coyote.http11.Http11NioProtocol] DirectJDKLog.java:173 - Initializing ProtocolHandler ["http-nio-8092"]
2026-09-02 01:44:04,667 [main] INFO  [org.apache.catalina.core.StandardService] DirectJDKLog.java:173 - Starting service [Tomcat]
2026-09-02 01:44:04,667 [main] INFO  [org.apache.catalina.core.StandardEngine] DirectJDKLog.java:173 - Starting Servlet engine: [Apache Tomcat/10.1.24]
2026-09-02 01:44:04,732 [main] INFO  [o.a.c.c.ContainerBase.[Tomcat].[localhost].[/api]] DirectJDKLog.java:173 - Initializing Spring embedded WebApplicationContext
2026-09-02 01:44:05,075 [main] INFO  [com.ehowes.redis.RedissonAutoConfiguration] RedissonAutoConfiguration.java:130 - 初始化 Redisson 配置
2026-09-02 01:44:05,150 [main] INFO  [org.redisson.Version] Version.java:43 - Redisson 3.32.0
2026-09-02 01:44:51,860 [main] INFO  [org.apache.catalina.core.StandardService] DirectJDKLog.java:173 - Stopping service [Tomcat]
2026-09-02 01:44:53,326 [main] INFO  [com.ehowes.admin.AdminApplication] StartupInfoLogger.java:50 - Starting AdminApplication v1.0.0 using Java 21.0.11 with PID 7 (/opt/apps/ehox-wes-encrypted.jar started by root in /opt/apps)
2026-09-02 01:44:53,329 [main] INFO  [com.ehowes.admin.AdminApplication] SpringApplication.java:660 - The following 1 profile is active: "prod-ehox"
2026-09-02 01:44:55,968 [main] INFO  [org.apache.coyote.http11.Http11NioProtocol] DirectJDKLog.java:173 - Initializing ProtocolHandler ["http-nio-8092"]
2026-09-02 01:44:55,970 [main] INFO  [org.apache.catalina.core.StandardService] DirectJDKLog.java:173 - Starting service [Tomcat]
2026-09-02 01:44:55,970 [main] INFO  [org.apache.catalina.core.StandardEngine] DirectJDKLog.java:173 - Starting Servlet engine: [Apache Tomcat/10.1.24]
2026-09-02 01:44:56,026 [main] INFO  [o.a.c.c.ContainerBase.[Tomcat].[localhost].[/api]] DirectJDKLog.java:173 - Initializing Spring embedded WebApplicationContext
2026-09-02 01:44:56,377 [main] INFO  [com.ehowes.redis.RedissonAutoConfiguration] RedissonAutoConfiguration.java:130 - 初始化 Redisson 配置
2026-09-02 01:44:56,452 [main] INFO  [org.redisson.Version] Version.java:43 - Redisson 3.32.0
2026-09-02 01:45:43,163 [main] INFO  [org.apache.catalina.core.StandardService] DirectJDKLog.java:173 - Stopping service [Tomcat]
2026-09-02 01:45:44,604 [main] INFO  [com.ehowes.admin.AdminApplication] StartupInfoLogger.java:50 - Starting AdminApplication v1.0.0 using Java 21.0.11 with PID 7 (/opt/apps/ehox-wes-encrypted.jar started by root in /opt/apps)
2026-09-02 01:45:44,608 [main] INFO  [com.ehowes.admin.AdminApplication] SpringApplication.java:660 - The following 1 profile is active: "prod-ehox"
2026-09-02 01:45:47,160 [main] INFO  [org.apache.coyote.http11.Http11NioProtocol] DirectJDKLog.java:173 - Initializing ProtocolHandler ["http-nio-8092"]
2026-09-02 01:45:47,161 [main] INFO  [org.apache.catalina.core.StandardService] DirectJDKLog.java:173 - Starting service [Tomcat]
2026-09-02 01:45:47,162 [main] INFO  [org.apache.catalina.core.StandardEngine] DirectJDKLog.java:173 - Starting Servlet engine: [Apache Tomcat/10.1.24]
2026-09-02 01:45:47,187 [main] INFO  [o.a.c.c.ContainerBase.[Tomcat].[localhost].[/api]] DirectJDKLog.java:173 - Initializing Spring embedded WebApplicationContext
2026-09-02 01:45:47,562 [main] INFO  [com.ehowes.redis.RedissonAutoConfiguration] RedissonAutoConfiguration.java:130 - 初始化 Redisson 配置
2026-09-02 01:45:47,638 [main] INFO  [org.redisson.Version] Version.java:43 - Redisson 3.32.0
2026-09-02 01:46:34,343 [main] INFO  [org.apache.catalina.core.StandardService] DirectJDKLog.java:173 - Stopping service [Tomcat]
2026-09-02 01:46:35,720 [main] INFO  [com.ehowes.admin.AdminApplication] StartupInfoLogger.java:50 - Starting AdminApplication v1.0.0 using Java 21.0.11 with PID 7 (/opt/apps/ehox-wes-encrypted.jar started by root in /opt/apps)
2026-09-02 01:46:35,724 [main] INFO  [com.ehowes.admin.AdminApplication] SpringApplication.java:660 - The following 1 profile is active: "prod-ehox"
2026-09-02 01:46:38,419 [main] INFO  [org.apache.coyote.http11.Http11NioProtocol] DirectJDKLog.java:173 - Initializing ProtocolHandler ["http-nio-8092"]
2026-09-02 01:46:38,420 [main] INFO  [org.apache.catalina.core.StandardService] DirectJDKLog.java:173 - Starting service [Tomcat]
2026-09-02 01:46:38,420 [main] INFO  [org.apache.catalina.core.StandardEngine] DirectJDKLog.java:173 - Starting Servlet engine: [Apache Tomcat/10.1.24]
2026-09-02 01:46:38,441 [main] INFO  [o.a.c.c.ContainerBase.[Tomcat].[localhost].[/api]] DirectJDKLog.java:173 - Initializing Spring embedded WebApplicationContext
2026-09-02 01:46:38,752 [main] INFO  [com.ehowes.redis.RedissonAutoConfiguration] RedissonAutoConfiguration.java:130 - 初始化 Redisson 配置
2026-09-02 01:46:38,827 [main] INFO  [org.redisson.Version] Version.java:43 - Redisson 3.32.0
2026-09-02 01:47:25,530 [main] INFO  [org.apache.catalina.core.StandardService] DirectJDKLog.java:173 - Stopping service [Tomcat]
2026-09-02 01:47:26,914 [main] INFO  [com.ehowes.admin.AdminApplication] StartupInfoLogger.java:50 - Starting AdminApplication v1.0.0 using Java 21.0.11 with PID 7 (/opt/apps/ehox-wes-encrypted.jar started by root in /opt/apps)
2026-09-02 01:47:26,917 [main] INFO  [com.ehowes.admin.AdminApplication] SpringApplication.java:660 - The following 1 profile is active: "prod-ehox"
2026-09-02 01:47:29,478 [main] INFO  [org.apache.coyote.http11.Http11NioProtocol] DirectJDKLog.java:173 - Initializing ProtocolHandler ["http-nio-8092"]
2026-09-02 01:47:29,480 [main] INFO  [org.apache.catalina.core.StandardService] DirectJDKLog.java:173 - Starting service [Tomcat]
2026-09-02 01:47:29,480 [main] INFO  [org.apache.catalina.core.StandardEngine] DirectJDKLog.java:173 - Starting Servlet engine: [Apache Tomcat/10.1.24]
2026-09-02 01:47:29,507 [main] INFO  [o.a.c.c.ContainerBase.[Tomcat].[localhost].[/api]] DirectJDKLog.java:173 - Initializing Spring embedded WebApplicationContext
2026-09-02 01:47:29,938 [main] INFO  [com.ehowes.redis.RedissonAutoConfiguration] RedissonAutoConfiguration.java:130 - 初始化 Redisson 配置
2026-09-02 01:47:30,011 [main] INFO  [org.redisson.Version] Version.java:43 - Redisson 3.32.0
2026-09-02 01:48:16,725 [main] INFO  [org.apache.catalina.core.StandardService] DirectJDKLog.java:173 - Stopping service [Tomcat]
2026-09-02 01:48:19,017 [main] INFO  [com.ehowes.admin.AdminApplication] StartupInfoLogger.java:50 - Starting AdminApplication v1.0.0 using Java 21.0.11 with PID 7 (/opt/apps/ehox-wes-encrypted.jar started by root in /opt/apps)
2026-09-02 01:48:19,022 [main] INFO  [com.ehowes.admin.AdminApplication] SpringApplication.java:660 - The following 1 profile is active: "prod-ehox"
2026-09-02 01:48:21,673 [main] INFO  [org.apache.coyote.http11.Http11NioProtocol] DirectJDKLog.java:173 - Initializing ProtocolHandler ["http-nio-8092"]
2026-09-02 01:48:21,675 [main] INFO  [org.apache.catalina.core.StandardService] DirectJDKLog.java:173 - Starting service [Tomcat]
2026-09-02 01:48:21,675 [main] INFO  [org.apache.catalina.core.StandardEngine] DirectJDKLog.java:173 - Starting Servlet engine: [Apache Tomcat/10.1.24]
2026-09-02 01:48:21,733 [main] INFO  [o.a.c.c.ContainerBase.[Tomcat].[localhost].[/api]] DirectJDKLog.java:173 - Initializing Spring embedded WebApplicationContext
2026-09-02 01:48:22,075 [main] INFO  [com.ehowes.redis.RedissonAutoConfiguration] RedissonAutoConfiguration.java:130 - 初始化 Redisson 配置
2026-09-02 01:48:22,148 [main] INFO  [org.redisson.Version] Version.java:43 - Redisson 3.32.0
2026-09-02 01:49:08,843 [main] INFO  [org.apache.catalina.core.StandardService] DirectJDKLog.java:173 - Stopping service [Tomcat]
2026-09-02 01:49:10,200 [main] INFO  [com.ehowes.admin.AdminApplication] StartupInfoLogger.java:50 - Starting AdminApplication v1.0.0 using Java 21.0.11 with PID 7 (/opt/apps/ehox-wes-encrypted.jar started by root in /opt/apps)
2026-09-02 01:49:10,204 [main] INFO  [com.ehowes.admin.AdminApplication] SpringApplication.java:660 - The following 1 profile is active: "prod-ehox"
2026-09-02 01:49:12,748 [main] INFO  [org.apache.coyote.http11.Http11NioProtocol] DirectJDKLog.java:173 - Initializing ProtocolHandler ["http-nio-8092"]
2026-09-02 01:49:12,753 [main] INFO  [org.apache.catalina.core.StandardService] DirectJDKLog.java:173 - Starting service [Tomcat]
2026-09-02 01:49:12,753 [main] INFO  [org.apache.catalina.core.StandardEngine] DirectJDKLog.java:173 - Starting Servlet engine: [Apache Tomcat/10.1.24]
2026-09-02 01:49:12,779 [main] INFO  [o.a.c.c.ContainerBase.[Tomcat].[localhost].[/api]] DirectJDKLog.java:173 - Initializing Spring embedded WebApplicationContext
2026-09-02 01:49:13,205 [main] INFO  [com.ehowes.redis.RedissonAutoConfiguration] RedissonAutoConfiguration.java:130 - 初始化 Redisson 配置
2026-09-02 01:49:13,279 [main] INFO  [org.redisson.Version] Version.java:43 - Redisson 3.32.0
2026-09-02 01:49:59,995 [main] INFO  [org.apache.catalina.core.StandardService] DirectJDKLog.java:173 - Stopping service [Tomcat]
2026-09-02 01:50:01,607 [main] INFO  [com.ehowes.admin.AdminApplication] StartupInfoLogger.java:50 - Starting AdminApplication v1.0.0 using Java 21.0.11 with PID 7 (/opt/apps/ehox-wes-encrypted.jar started by root in /opt/apps)
2026-09-02 01:50:01,612 [main] INFO  [com.ehowes.admin.AdminApplication] SpringApplication.java:660 - The following 1 profile is active: "prod-ehox"
2026-09-02 01:50:04,723 [main] INFO  [org.apache.coyote.http11.Http11NioProtocol] DirectJDKLog.java:173 - Initializing ProtocolHandler ["http-nio-8092"]
2026-09-02 01:50:04,724 [main] INFO  [org.apache.catalina.core.StandardService] DirectJDKLog.java:173 - Starting service [Tomcat]
2026-09-02 01:50:04,725 [main] INFO  [org.apache.catalina.core.StandardEngine] DirectJDKLog.java:173 - Starting Servlet engine: [Apache Tomcat/10.1.24]
2026-09-02 01:50:04,747 [main] INFO  [o.a.c.c.ContainerBase.[Tomcat].[localhost].[/api]] DirectJDKLog.java:173 - Initializing Spring embedded WebApplicationContext
2026-09-02 01:50:05,099 [main] INFO  [com.ehowes.redis.RedissonAutoConfiguration] RedissonAutoConfiguration.java:130 - 初始化 Redisson 配置
2026-09-02 01:50:05,174 [main] INFO  [org.redisson.Version] Version.java:43 - Redisson 3.32.0
2026-09-02 01:50:51,896 [main] INFO  [org.apache.catalina.core.StandardService] DirectJDKLog.java:173 - Stopping service [Tomcat]
2026-09-02 01:50:53,252 [main] INFO  [com.ehowes.admin.AdminApplication] StartupInfoLogger.java:50 - Starting AdminApplication v1.0.0 using Java 21.0.11 with PID 7 (/opt/apps/ehox-wes-encrypted.jar started by root in /opt/apps)
2026-09-02 01:50:53,255 [main] INFO  [com.ehowes.admin.AdminApplication] SpringApplication.java:660 - The following 1 profile is active: "prod-ehox"
2026-09-02 01:50:55,853 [main] INFO  [org.apache.coyote.http11.Http11NioProtocol] DirectJDKLog.java:173 - Initializing ProtocolHandler ["http-nio-8092"]
2026-09-02 01:50:55,854 [main] INFO  [org.apache.catalina.core.StandardService] DirectJDKLog.java:173 - Starting service [Tomcat]
2026-09-02 01:50:55,855 [main] INFO  [org.apache.catalina.core.StandardEngine] DirectJDKLog.java:173 - Starting Servlet engine: [Apache Tomcat/10.1.24]
2026-09-02 01:50:55,877 [main] INFO  [o.a.c.c.ContainerBase.[Tomcat].[localhost].[/api]] DirectJDKLog.java:173 - Initializing Spring embedded WebApplicationContext
2026-09-02 01:50:56,199 [main] INFO  [com.ehowes.redis.RedissonAutoConfiguration] RedissonAutoConfiguration.java:130 - 初始化 Redisson 配置
2026-09-02 01:50:56,271 [main] INFO  [org.redisson.Version] Version.java:43 - Redisson 3.32.0
2026-09-02 01:51:42,970 [main] INFO  [org.apache.catalina.core.StandardService] DirectJDKLog.java:173 - Stopping service [Tomcat]
2026-09-02 01:51:45,213 [main] INFO  [com.ehowes.admin.AdminApplication] StartupInfoLogger.java:50 - Starting AdminApplication v1.0.0 using Java 21.0.11 with PID 7 (/opt/apps/ehox-wes-encrypted.jar started by root in /opt/apps)
2026-09-02 01:51:45,216 [main] INFO  [com.ehowes.admin.AdminApplication] SpringApplication.java:660 - The following 1 profile is active: "prod-ehox"
2026-09-02 01:51:47,856 [main] INFO  [org.apache.coyote.http11.Http11NioProtocol] DirectJDKLog.java:173 - Initializing ProtocolHandler ["http-nio-8092"]
2026-09-02 01:51:47,857 [main] INFO  [org.apache.catalina.core.StandardService] DirectJDKLog.java:173 - Starting service [Tomcat]
2026-09-02 01:51:47,858 [main] INFO  [org.apache.catalina.core.StandardEngine] DirectJDKLog.java:173 - Starting Servlet engine: [Apache Tomcat/10.1.24]
2026-09-02 01:51:47,879 [main] INFO  [o.a.c.c.ContainerBase.[Tomcat].[localhost].[/api]] DirectJDKLog.java:173 - Initializing Spring embedded WebApplicationContext
2026-09-02 01:51:48,242 [main] INFO  [com.ehowes.redis.RedissonAutoConfiguration] RedissonAutoConfiguration.java:130 - 初始化 Redisson 配置
2026-09-02 01:51:48,316 [main] INFO  [org.redisson.Version] Version.java:43 - Redisson 3.32.0
2026-09-02 01:52:35,012 [main] INFO  [org.apache.catalina.core.StandardService] DirectJDKLog.java:173 - Stopping service [Tomcat]
2026-09-02 01:52:36,393 [main] INFO  [com.ehowes.admin.AdminApplication] StartupInfoLogger.java:50 - Starting AdminApplication v1.0.0 using Java 21.0.11 with PID 8 (/opt/apps/ehox-wes-encrypted.jar started by root in /opt/apps)
2026-09-02 01:52:36,396 [main] INFO  [com.ehowes.admin.AdminApplication] SpringApplication.java:660 - The following 1 profile is active: "prod-ehox"
2026-09-02 01:52:38,984 [main] INFO  [org.apache.coyote.http11.Http11NioProtocol] DirectJDKLog.java:173 - Initializing ProtocolHandler ["http-nio-8092"]
2026-09-02 01:52:38,986 [main] INFO  [org.apache.catalina.core.StandardService] DirectJDKLog.java:173 - Starting service [Tomcat]
2026-09-02 01:52:38,986 [main] INFO  [org.apache.catalina.core.StandardEngine] DirectJDKLog.java:173 - Starting Servlet engine: [Apache Tomcat/10.1.24]
2026-09-02 01:52:39,013 [main] INFO  [o.a.c.c.ContainerBase.[Tomcat].[localhost].[/api]] DirectJDKLog.java:173 - Initializing Spring embedded WebApplicationContext
2026-09-02 01:52:39,395 [main] INFO  [com.ehowes.redis.RedissonAutoConfiguration] RedissonAutoConfiguration.java:130 - 初始化 Redisson 配置
2026-09-02 01:52:39,468 [main] INFO  [org.redisson.Version] Version.java:43 - Redisson 3.32.0
2026-09-02 01:53:26,186 [main] INFO  [org.apache.catalina.core.StandardService] DirectJDKLog.java:173 - Stopping service [Tomcat]
2026-09-02 01:53:27,529 [main] INFO  [com.ehowes.admin.AdminApplication] StartupInfoLogger.java:50 - Starting AdminApplication v1.0.0 using Java 21.0.11 with PID 7 (/opt/apps/ehox-wes-encrypted.jar started by root in /opt/apps)
2026-09-02 01:53:27,532 [main] INFO  [com.ehowes.admin.AdminApplication] SpringApplication.java:660 - The following 1 profile is active: "prod-ehox"
2026-09-02 01:53:29,987 [main] INFO  [org.apache.coyote.http11.Http11NioProtocol] DirectJDKLog.java:173 - Initializing ProtocolHandler ["http-nio-8092"]
2026-09-02 01:53:29,989 [main] INFO  [org.apache.catalina.core.StandardService] DirectJDKLog.java:173 - Starting service [Tomcat]
2026-09-02 01:53:29,989 [main] INFO  [org.apache.catalina.core.StandardEngine] DirectJDKLog.java:173 - Starting Servlet engine: [Apache Tomcat/10.1.24]
2026-09-02 01:53:30,013 [main] INFO  [o.a.c.c.ContainerBase.[Tomcat].[localhost].[/api]] DirectJDKLog.java:173 - Initializing Spring embedded WebApplicationContext
2026-09-02 01:53:30,420 [main] INFO  [com.ehowes.redis.RedissonAutoConfiguration] RedissonAutoConfiguration.java:130 - 初始化 Redisson 配置
2026-09-02 01:53:30,497 [main] INFO  [org.redisson.Version] Version.java:43 - Redisson 3.32.0
2026-09-02 01:54:14,410 [main] INFO  [org.apache.catalina.core.StandardService] DirectJDKLog.java:173 - Stopping service [Tomcat]
2026-09-02 01:54:15,804 [main] INFO  [com.ehowes.admin.AdminApplication] StartupInfoLogger.java:50 - Starting AdminApplication v1.0.0 using Java 21.0.11 with PID 7 (/opt/apps/ehox-wes-encrypted.jar started by root in /opt/apps)
2026-09-02 01:54:15,807 [main] INFO  [com.ehowes.admin.AdminApplication] SpringApplication.java:660 - The following 1 profile is active: "prod-ehox"
2026-09-02 01:54:18,317 [main] INFO  [org.apache.coyote.http11.Http11NioProtocol] DirectJDKLog.java:173 - Initializing ProtocolHandler ["http-nio-8092"]
2026-09-02 01:54:18,318 [main] INFO  [org.apache.catalina.core.StandardService] DirectJDKLog.java:173 - Starting service [Tomcat]
2026-09-02 01:54:18,318 [main] INFO  [org.apache.catalina.core.StandardEngine] DirectJDKLog.java:173 - Starting Servlet engine: [Apache Tomcat/10.1.24]
2026-09-02 01:54:18,380 [main] INFO  [o.a.c.c.ContainerBase.[Tomcat].[localhost].[/api]] DirectJDKLog.java:173 - Initializing Spring embedded WebApplicationContext
2026-09-02 01:54:18,695 [main] INFO  [com.ehowes.redis.RedissonAutoConfiguration] RedissonAutoConfiguration.java:130 - 初始化 Redisson 配置
2026-09-02 01:54:18,769 [main] INFO  [org.redisson.Version] Version.java:43 - Redisson 3.32.0
2026-09-02 01:55:05,475 [main] INFO  [org.apache.catalina.core.StandardService] DirectJDKLog.java:173 - Stopping service [Tomcat]
2026-09-02 01:55:06,842 [main] INFO  [com.ehowes.admin.AdminApplication] StartupInfoLogger.java:50 - Starting AdminApplication v1.0.0 using Java 21.0.11 with PID 7 (/opt/apps/ehox-wes-encrypted.jar started by root in /opt/apps)
2026-09-02 01:55:06,846 [main] INFO  [com.ehowes.admin.AdminApplication] SpringApplication.java:660 - The following 1 profile is active: "prod-ehox"
2026-09-02 01:55:09,361 [main] INFO  [org.apache.coyote.http11.Http11NioProtocol] DirectJDKLog.java:173 - Initializing ProtocolHandler ["http-nio-8092"]
2026-09-02 01:55:09,362 [main] INFO  [org.apache.catalina.core.StandardService] DirectJDKLog.java:173 - Starting service [Tomcat]
2026-09-02 01:55:09,362 [main] INFO  [org.apache.catalina.core.StandardEngine] DirectJDKLog.java:173 - Starting Servlet engine: [Apache Tomcat/10.1.24]
2026-09-02 01:55:09,390 [main] INFO  [o.a.c.c.ContainerBase.[Tomcat].[localhost].[/api]] DirectJDKLog.java:173 - Initializing Spring embedded WebApplicationContext
2026-09-02 01:55:09,788 [main] INFO  [com.ehowes.redis.RedissonAutoConfiguration] RedissonAutoConfiguration.java:130 - 初始化 Redisson 配置
2026-09-02 01:55:09,863 [main] INFO  [org.redisson.Version] Version.java:43 - Redisson 3.32.0
2026-09-02 01:55:56,575 [main] INFO  [org.apache.catalina.core.StandardService] DirectJDKLog.java:173 - Stopping service [Tomcat]
2026-09-02 01:55:57,986 [main] INFO  [com.ehowes.admin.AdminApplication] StartupInfoLogger.java:50 - Starting AdminApplication v1.0.0 using Java 21.0.11 with PID 7 (/opt/apps/ehox-wes-encrypted.jar started by root in /opt/apps)
2026-09-02 01:55:57,989 [main] INFO  [com.ehowes.admin.AdminApplication] SpringApplication.java:660 - The following 1 profile is active: "prod-ehox"
2026-09-02 01:56:00,540 [main] INFO  [org.apache.coyote.http11.Http11NioProtocol] DirectJDKLog.java:173 - Initializing ProtocolHandler ["http-nio-8092"]
2026-09-02 01:56:00,542 [main] INFO  [org.apache.catalina.core.StandardService] DirectJDKLog.java:173 - Starting service [Tomcat]
2026-09-02 01:56:00,542 [main] INFO  [org.apache.catalina.core.StandardEngine] DirectJDKLog.java:173 - Starting Servlet engine: [Apache Tomcat/10.1.24]
2026-09-02 01:56:00,562 [main] INFO  [o.a.c.c.ContainerBase.[Tomcat].[localhost].[/api]] DirectJDKLog.java:173 - Initializing Spring embedded WebApplicationContext
2026-09-02 01:56:00,885 [main] INFO  [com.ehowes.redis.RedissonAutoConfiguration] RedissonAutoConfiguration.java:130 - 初始化 Redisson 配置
2026-09-02 01:56:00,961 [main] INFO  [org.redisson.Version] Version.java:43 - Redisson 3.32.0
2026-09-02 01:56:47,683 [main] INFO  [org.apache.catalina.core.StandardService] DirectJDKLog.java:173 - Stopping service [Tomcat]
2026-09-02 01:56:49,139 [main] INFO  [com.ehowes.admin.AdminApplication] StartupInfoLogger.java:50 - Starting AdminApplication v1.0.0 using Java 21.0.11 with PID 8 (/opt/apps/ehox-wes-encrypted.jar started by root in /opt/apps)
2026-09-02 01:56:49,143 [main] INFO  [com.ehowes.admin.AdminApplication] SpringApplication.java:660 - The following 1 profile is active: "prod-ehox"
2026-09-02 01:56:51,887 [main] INFO  [org.apache.coyote.http11.Http11NioProtocol] DirectJDKLog.java:173 - Initializing ProtocolHandler ["http-nio-8092"]
2026-09-02 01:56:51,889 [main] INFO  [org.apache.catalina.core.StandardService] DirectJDKLog.java:173 - Starting service [Tomcat]
2026-09-02 01:56:51,889 [main] INFO  [org.apache.catalina.core.StandardEngine] DirectJDKLog.java:173 - Starting Servlet engine: [Apache Tomcat/10.1.24]
2026-09-02 01:56:51,919 [main] INFO  [o.a.c.c.ContainerBase.[Tomcat].[localhost].[/api]] DirectJDKLog.java:173 - Initializing Spring embedded WebApplicationContext
2026-09-02 01:56:52,352 [main] INFO  [com.ehowes.redis.RedissonAutoConfiguration] RedissonAutoConfiguration.java:130 - 初始化 Redisson 配置
2026-09-02 01:56:52,427 [main] INFO  [org.redisson.Version] Version.java:43 - Redisson 3.32.0
2026-09-02 01:57:39,144 [main] INFO  [org.apache.catalina.core.StandardService] DirectJDKLog.java:173 - Stopping service [Tomcat]
2026-09-02 01:57:40,523 [main] INFO  [com.ehowes.admin.AdminApplication] StartupInfoLogger.java:50 - Starting AdminApplication v1.0.0 using Java 21.0.11 with PID 7 (/opt/apps/ehox-wes-encrypted.jar started by root in /opt/apps)
2026-09-02 01:57:40,525 [main] INFO  [com.ehowes.admin.AdminApplication] SpringApplication.java:660 - The following 1 profile is active: "prod-ehox"
2026-09-02 01:57:43,156 [main] INFO  [org.apache.coyote.http11.Http11NioProtocol] DirectJDKLog.java:173 - Initializing ProtocolHandler ["http-nio-8092"]
2026-09-02 01:57:43,157 [main] INFO  [org.apache.catalina.core.StandardService] DirectJDKLog.java:173 - Starting service [Tomcat]
2026-09-02 01:57:43,158 [main] INFO  [org.apache.catalina.core.StandardEngine] DirectJDKLog.java:173 - Starting Servlet engine: [Apache Tomcat/10.1.24]
2026-09-02 01:57:43,183 [main] INFO  [o.a.c.c.ContainerBase.[Tomcat].[localhost].[/api]] DirectJDKLog.java:173 - Initializing Spring embedded WebApplicationContext
2026-09-02 01:57:43,520 [main] INFO  [com.ehowes.redis.RedissonAutoConfiguration] RedissonAutoConfiguration.java:130 - 初始化 Redisson 配置
2026-09-02 01:57:43,594 [main] INFO  [org.redisson.Version] Version.java:43 - Redisson 3.32.0
2026-09-02 01:58:30,297 [main] INFO  [org.apache.catalina.core.StandardService] DirectJDKLog.java:173 - Stopping service [Tomcat]
2026-09-02 01:58:32,062 [main] INFO  [com.ehowes.admin.AdminApplication] StartupInfoLogger.java:50 - Starting AdminApplication v1.0.0 using Java 21.0.11 with PID 7 (/opt/apps/ehox-wes-encrypted.jar started by root in /opt/apps)
2026-09-02 01:58:32,070 [main] INFO  [com.ehowes.admin.AdminApplication] SpringApplication.java:660 - The following 1 profile is active: "prod-ehox"
2026-09-02 01:58:35,197 [main] INFO  [org.apache.coyote.http11.Http11NioProtocol] DirectJDKLog.java:173 - Initializing ProtocolHandler ["http-nio-8092"]
2026-09-02 01:58:35,200 [main] INFO  [org.apache.catalina.core.StandardService] DirectJDKLog.java:173 - Starting service [Tomcat]
2026-09-02 01:58:35,201 [main] INFO  [org.apache.catalina.core.StandardEngine] DirectJDKLog.java:173 - Starting Servlet engine: [Apache Tomcat/10.1.24]
2026-09-02 01:58:35,258 [main] INFO  [o.a.c.c.ContainerBase.[Tomcat].[localhost].[/api]] DirectJDKLog.java:173 - Initializing Spring embedded WebApplicationContext
2026-09-02 01:58:35,640 [main] INFO  [com.ehowes.redis.RedissonAutoConfiguration] RedissonAutoConfiguration.java:130 - 初始化 Redisson 配置
2026-09-02 01:58:35,716 [main] INFO  [org.redisson.Version] Version.java:43 - Redisson 3.32.0
2026-09-02 01:59:22,434 [main] INFO  [org.apache.catalina.core.StandardService] DirectJDKLog.java:173 - Stopping service [Tomcat]
2026-09-02 01:59:23,812 [main] INFO  [com.ehowes.admin.AdminApplication] StartupInfoLogger.java:50 - Starting AdminApplication v1.0.0 using Java 21.0.11 with PID 7 (/opt/apps/ehox-wes-encrypted.jar started by root in /opt/apps)
2026-09-02 01:59:23,816 [main] INFO  [com.ehowes.admin.AdminApplication] SpringApplication.java:660 - The following 1 profile is active: "prod-ehox"
2026-09-02 01:59:26,428 [main] INFO  [org.apache.coyote.http11.Http11NioProtocol] DirectJDKLog.java:173 - Initializing ProtocolHandler ["http-nio-8092"]
2026-09-02 01:59:26,430 [main] INFO  [org.apache.catalina.core.StandardService] DirectJDKLog.java:173 - Starting service [Tomcat]
2026-09-02 01:59:26,430 [main] INFO  [org.apache.catalina.core.StandardEngine] DirectJDKLog.java:173 - Starting Servlet engine: [Apache Tomcat/10.1.24]
2026-09-02 01:59:26,455 [main] INFO  [o.a.c.c.ContainerBase.[Tomcat].[localhost].[/api]] DirectJDKLog.java:173 - Initializing Spring embedded WebApplicationContext
2026-09-02 01:59:26,862 [main] INFO  [com.ehowes.redis.RedissonAutoConfiguration] RedissonAutoConfiguration.java:130 - 初始化 Redisson 配置
2026-09-02 01:59:26,937 [main] INFO  [org.redisson.Version] Version.java:43 - Redisson 3.32.0
2026-09-02 02:00:13,651 [main] INFO  [org.apache.catalina.core.StandardService] DirectJDKLog.java:173 - Stopping service [Tomcat]
2026-09-02 02:00:15,933 [main] INFO  [com.ehowes.admin.AdminApplication] StartupInfoLogger.java:50 - Starting AdminApplication v1.0.0 using Java 21.0.11 with PID 7 (/opt/apps/ehox-wes-encrypted.jar started by root in /opt/apps)
2026-09-02 02:00:15,937 [main] INFO  [com.ehowes.admin.AdminApplication] SpringApplication.java:660 - The following 1 profile is active: "prod-ehox"
2026-09-02 02:00:18,512 [main] INFO  [org.apache.coyote.http11.Http11NioProtocol] DirectJDKLog.java:173 - Initializing ProtocolHandler ["http-nio-8092"]
2026-09-02 02:00:18,513 [main] INFO  [org.apache.catalina.core.StandardService] DirectJDKLog.java:173 - Starting service [Tomcat]
2026-09-02 02:00:18,513 [main] INFO  [org.apache.catalina.core.StandardEngine] DirectJDKLog.java:173 - Starting Servlet engine: [Apache Tomcat/10.1.24]
2026-09-02 02:00:18,541 [main] INFO  [o.a.c.c.ContainerBase.[Tomcat].[localhost].[/api]] DirectJDKLog.java:173 - Initializing Spring embedded WebApplicationContext
2026-09-02 02:00:18,922 [main] INFO  [com.ehowes.redis.RedissonAutoConfiguration] RedissonAutoConfiguration.java:130 - 初始化 Redisson 配置
2026-09-02 02:00:19,000 [main] INFO  [org.redisson.Version] Version.java:43 - Redisson 3.32.0
2026-09-02 02:01:05,703 [main] INFO  [org.apache.catalina.core.StandardService] DirectJDKLog.java:173 - Stopping service [Tomcat]
2026-09-02 02:01:07,931 [main] INFO  [com.ehowes.admin.AdminApplication] StartupInfoLogger.java:50 - Starting AdminApplication v1.0.0 using Java 21.0.11 with PID 7 (/opt/apps/ehox-wes-encrypted.jar started by root in /opt/apps)
2026-09-02 02:01:07,934 [main] INFO  [com.ehowes.admin.AdminApplication] SpringApplication.java:660 - The following 1 profile is active: "prod-ehox"
2026-09-02 02:01:10,519 [main] INFO  [org.apache.coyote.http11.Http11NioProtocol] DirectJDKLog.java:173 - Initializing ProtocolHandler ["http-nio-8092"]
2026-09-02 02:01:10,521 [main] INFO  [org.apache.catalina.core.StandardService] DirectJDKLog.java:173 - Starting service [Tomcat]
2026-09-02 02:01:10,521 [main] INFO  [org.apache.catalina.core.StandardEngine] DirectJDKLog.java:173 - Starting Servlet engine: [Apache Tomcat/10.1.24]
2026-09-02 02:01:10,546 [main] INFO  [o.a.c.c.ContainerBase.[Tomcat].[localhost].[/api]] DirectJDKLog.java:173 - Initializing Spring embedded WebApplicationContext
2026-09-02 02:01:10,914 [main] INFO  [com.ehowes.redis.RedissonAutoConfiguration] RedissonAutoConfiguration.java:130 - 初始化 Redisson 配置
2026-09-02 02:01:10,985 [main] INFO  [org.redisson.Version] Version.java:43 - Redisson 3.32.0
2026-09-02 02:01:57,692 [main] INFO  [org.apache.catalina.core.StandardService] DirectJDKLog.java:173 - Stopping service [Tomcat]
2026-09-02 02:01:59,949 [main] INFO  [com.ehowes.admin.AdminApplication] StartupInfoLogger.java:50 - Starting AdminApplication v1.0.0 using Java 21.0.11 with PID 7 (/opt/apps/ehox-wes-encrypted.jar started by root in /opt/apps)
2026-09-02 02:01:59,952 [main] INFO  [com.ehowes.admin.AdminApplication] SpringApplication.java:660 - The following 1 profile is active: "prod-ehox"
2026-09-02 02:02:02,496 [main] INFO  [org.apache.coyote.http11.Http11NioProtocol] DirectJDKLog.java:173 - Initializing ProtocolHandler ["http-nio-8092"]
2026-09-02 02:02:02,498 [main] INFO  [org.apache.catalina.core.StandardService] DirectJDKLog.java:173 - Starting service [Tomcat]
2026-09-02 02:02:02,498 [main] INFO  [org.apache.catalina.core.StandardEngine] DirectJDKLog.java:173 - Starting Servlet engine: [Apache Tomcat/10.1.24]
2026-09-02 02:02:02,525 [main] INFO  [o.a.c.c.ContainerBase.[Tomcat].[localhost].[/api]] DirectJDKLog.java:173 - Initializing Spring embedded WebApplicationContext
2026-09-02 02:02:02,891 [main] INFO  [com.ehowes.redis.RedissonAutoConfiguration] RedissonAutoConfiguration.java:130 - 初始化 Redisson 配置
2026-09-02 02:02:02,965 [main] INFO  [org.redisson.Version] Version.java:43 - Redisson 3.32.0
2026-09-02 02:02:49,685 [main] INFO  [org.apache.catalina.core.StandardService] DirectJDKLog.java:173 - Stopping service [Tomcat]
2026-09-02 02:02:51,099 [main] INFO  [com.ehowes.admin.AdminApplication] StartupInfoLogger.java:50 - Starting AdminApplication v1.0.0 using Java 21.0.11 with PID 7 (/opt/apps/ehox-wes-encrypted.jar started by root in /opt/apps)
2026-09-02 02:02:51,102 [main] INFO  [com.ehowes.admin.AdminApplication] SpringApplication.java:660 - The following 1 profile is active: "prod-ehox"
2026-09-02 02:02:53,862 [main] INFO  [org.apache.coyote.http11.Http11NioProtocol] DirectJDKLog.java:173 - Initializing ProtocolHandler ["http-nio-8092"]
2026-09-02 02:02:53,863 [main] INFO  [org.apache.catalina.core.StandardService] DirectJDKLog.java:173 - Starting service [Tomcat]
2026-09-02 02:02:53,864 [main] INFO  [org.apache.catalina.core.StandardEngine] DirectJDKLog.java:173 - Starting Servlet engine: [Apache Tomcat/10.1.24]
2026-09-02 02:02:53,884 [main] INFO  [o.a.c.c.ContainerBase.[Tomcat].[localhost].[/api]] DirectJDKLog.java:173 - Initializing Spring embedded WebApplicationContext
2026-09-02 02:02:54,224 [main] INFO  [com.ehowes.redis.RedissonAutoConfiguration] RedissonAutoConfiguration.java:130 - 初始化 Redisson 配置
2026-09-02 02:02:54,295 [main] INFO  [org.redisson.Version] Version.java:43 - Redisson 3.32.0
2026-09-02 02:03:41,013 [main] INFO  [org.apache.catalina.core.StandardService] DirectJDKLog.java:173 - Stopping service [Tomcat]
2026-09-02 02:03:42,379 [main] INFO  [com.ehowes.admin.AdminApplication] StartupInfoLogger.java:50 - Starting AdminApplication v1.0.0 using Java 21.0.11 with PID 7 (/opt/apps/ehox-wes-encrypted.jar started by root in /opt/apps)
2026-09-02 02:03:42,382 [main] INFO  [com.ehowes.admin.AdminApplication] SpringApplication.java:660 - The following 1 profile is active: "prod-ehox"
2026-09-02 02:03:44,952 [main] INFO  [org.apache.coyote.http11.Http11NioProtocol] DirectJDKLog.java:173 - Initializing ProtocolHandler ["http-nio-8092"]
2026-09-02 02:03:44,953 [main] INFO  [org.apache.catalina.core.StandardService] DirectJDKLog.java:173 - Starting service [Tomcat]
2026-09-02 02:03:44,954 [main] INFO  [org.apache.catalina.core.StandardEngine] DirectJDKLog.java:173 - Starting Servlet engine: [Apache Tomcat/10.1.24]
2026-09-02 02:03:44,979 [main] INFO  [o.a.c.c.ContainerBase.[Tomcat].[localhost].[/api]] DirectJDKLog.java:173 - Initializing Spring embedded WebApplicationContext
2026-09-02 02:03:45,344 [main] INFO  [com.ehowes.redis.RedissonAutoConfiguration] RedissonAutoConfiguration.java:130 - 初始化 Redisson 配置
2026-09-02 02:03:45,418 [main] INFO  [org.redisson.Version] Version.java:43 - Redisson 3.32.0
2026-09-02 02:04:32,119 [main] INFO  [org.apache.catalina.core.StandardService] DirectJDKLog.java:173 - Stopping service [Tomcat]
2026-09-02 02:04:33,511 [main] INFO  [com.ehowes.admin.AdminApplication] StartupInfoLogger.java:50 - Starting AdminApplication v1.0.0 using Java 21.0.11 with PID 8 (/opt/apps/ehox-wes-encrypted.jar started by root in /opt/apps)
2026-09-02 02:04:33,514 [main] INFO  [com.ehowes.admin.AdminApplication] SpringApplication.java:660 - The following 1 profile is active: "prod-ehox"
2026-09-02 02:04:36,281 [main] INFO  [org.apache.coyote.http11.Http11NioProtocol] DirectJDKLog.java:173 - Initializing ProtocolHandler ["http-nio-8092"]
2026-09-02 02:04:36,282 [main] INFO  [org.apache.catalina.core.StandardService] DirectJDKLog.java:173 - Starting service [Tomcat]
2026-09-02 02:04:36,282 [main] INFO  [org.apache.catalina.core.StandardEngine] DirectJDKLog.java:173 - Starting Servlet engine: [Apache Tomcat/10.1.24]
2026-09-02 02:04:36,303 [main] INFO  [o.a.c.c.ContainerBase.[Tomcat].[localhost].[/api]] DirectJDKLog.java:173 - Initializing Spring embedded WebApplicationContext
2026-09-02 02:04:36,637 [main] INFO  [com.ehowes.redis.RedissonAutoConfiguration] RedissonAutoConfiguration.java:130 - 初始化 Redisson 配置
2026-09-02 02:04:36,711 [main] INFO  [org.redisson.Version] Version.java:43 - Redisson 3.32.0
2026-09-02 02:05:23,431 [main] INFO  [org.apache.catalina.core.StandardService] DirectJDKLog.java:173 - Stopping service [Tomcat]
2026-09-02 02:05:25,699 [main] INFO  [com.ehowes.admin.AdminApplication] StartupInfoLogger.java:50 - Starting AdminApplication v1.0.0 using Java 21.0.11 with PID 7 (/opt/apps/ehox-wes-encrypted.jar started by root in /opt/apps)
2026-09-02 02:05:25,702 [main] INFO  [com.ehowes.admin.AdminApplication] SpringApplication.java:660 - The following 1 profile is active: "prod-ehox"
2026-09-02 02:05:28,225 [main] INFO  [org.apache.coyote.http11.Http11NioProtocol] DirectJDKLog.java:173 - Initializing ProtocolHandler ["http-nio-8092"]
2026-09-02 02:05:28,226 [main] INFO  [org.apache.catalina.core.StandardService] DirectJDKLog.java:173 - Starting service [Tomcat]
2026-09-02 02:05:28,227 [main] INFO  [org.apache.catalina.core.StandardEngine] DirectJDKLog.java:173 - Starting Servlet engine: [Apache Tomcat/10.1.24]
2026-09-02 02:05:28,266 [main] INFO  [o.a.c.c.ContainerBase.[Tomcat].[localhost].[/api]] DirectJDKLog.java:173 - Initializing Spring embedded WebApplicationContext
2026-09-02 02:05:28,633 [main] INFO  [com.ehowes.redis.RedissonAutoConfiguration] RedissonAutoConfiguration.java:130 - 初始化 Redisson 配置
2026-09-02 02:05:28,707 [main] INFO  [org.redisson.Version] Version.java:43 - Redisson 3.32.0
2026-09-02 02:06:15,413 [main] INFO  [org.apache.catalina.core.StandardService] DirectJDKLog.java:173 - Stopping service [Tomcat]
2026-09-02 02:06:16,791 [main] INFO  [com.ehowes.admin.AdminApplication] StartupInfoLogger.java:50 - Starting AdminApplication v1.0.0 using Java 21.0.11 with PID 7 (/opt/apps/ehox-wes-encrypted.jar started by root in /opt/apps)
2026-09-02 02:06:16,795 [main] INFO  [com.ehowes.admin.AdminApplication] SpringApplication.java:660 - The following 1 profile is active: "prod-ehox"
2026-09-02 02:06:19,449 [main] INFO  [org.apache.coyote.http11.Http11NioProtocol] DirectJDKLog.java:173 - Initializing ProtocolHandler ["http-nio-8092"]
2026-09-02 02:06:19,451 [main] INFO  [org.apache.catalina.core.StandardService] DirectJDKLog.java:173 - Starting service [Tomcat]
2026-09-02 02:06:19,451 [main] INFO  [org.apache.catalina.core.StandardEngine] DirectJDKLog.java:173 - Starting Servlet engine: [Apache Tomcat/10.1.24]
2026-09-02 02:06:19,472 [main] INFO  [o.a.c.c.ContainerBase.[Tomcat].[localhost].[/api]] DirectJDKLog.java:173 - Initializing Spring embedded WebApplicationContext
2026-09-02 02:06:19,815 [main] INFO  [com.ehowes.redis.RedissonAutoConfiguration] RedissonAutoConfiguration.java:130 - 初始化 Redisson 配置
2026-09-02 02:06:19,886 [main] INFO  [org.redisson.Version] Version.java:43 - Redisson 3.32.0
2026-09-02 02:07:06,591 [main] INFO  [org.apache.catalina.core.StandardService] DirectJDKLog.java:173 - Stopping service [Tomcat]
2026-09-02 02:07:07,983 [main] INFO  [com.ehowes.admin.AdminApplication] StartupInfoLogger.java:50 - Starting AdminApplication v1.0.0 using Java 21.0.11 with PID 7 (/opt/apps/ehox-wes-encrypted.jar started by root in /opt/apps)
2026-09-02 02:07:07,986 [main] INFO  [com.ehowes.admin.AdminApplication] SpringApplication.java:660 - The following 1 profile is active: "prod-ehox"
2026-09-02 02:07:10,540 [main] INFO  [org.apache.coyote.http11.Http11NioProtocol] DirectJDKLog.java:173 - Initializing ProtocolHandler ["http-nio-8092"]
2026-09-02 02:07:10,542 [main] INFO  [org.apache.catalina.core.StandardService] DirectJDKLog.java:173 - Starting service [Tomcat]
2026-09-02 02:07:10,542 [main] INFO  [org.apache.catalina.core.StandardEngine] DirectJDKLog.java:173 - Starting Servlet engine: [Apache Tomcat/10.1.24]
2026-09-02 02:07:10,568 [main] INFO  [o.a.c.c.ContainerBase.[Tomcat].[localhost].[/api]] DirectJDKLog.java:173 - Initializing Spring embedded WebApplicationContext
2026-09-02 02:07:10,942 [main] INFO  [com.ehowes.redis.RedissonAutoConfiguration] RedissonAutoConfiguration.java:130 - 初始化 Redisson 配置
2026-09-02 02:07:11,012 [main] INFO  [org.redisson.Version] Version.java:43 - Redisson 3.32.0
2026-09-02 02:07:57,723 [main] INFO  [org.apache.catalina.core.StandardService] DirectJDKLog.java:173 - Stopping service [Tomcat]
2026-09-02 02:07:59,130 [main] INFO  [com.ehowes.admin.AdminApplication] StartupInfoLogger.java:50 - Starting AdminApplication v1.0.0 using Java 21.0.11 with PID 7 (/opt/apps/ehox-wes-encrypted.jar started by root in /opt/apps)
2026-09-02 02:07:59,133 [main] INFO  [com.ehowes.admin.AdminApplication] SpringApplication.java:660 - The following 1 profile is active: "prod-ehox"
2026-09-02 02:08:01,812 [main] INFO  [org.apache.coyote.http11.Http11NioProtocol] DirectJDKLog.java:173 - Initializing ProtocolHandler ["http-nio-8092"]
2026-09-02 02:08:01,813 [main] INFO  [org.apache.catalina.core.StandardService] DirectJDKLog.java:173 - Starting service [Tomcat]
2026-09-02 02:08:01,814 [main] INFO  [org.apache.catalina.core.StandardEngine] DirectJDKLog.java:173 - Starting Servlet engine: [Apache Tomcat/10.1.24]
2026-09-02 02:08:01,870 [main] INFO  [o.a.c.c.ContainerBase.[Tomcat].[localhost].[/api]] DirectJDKLog.java:173 - Initializing Spring embedded WebApplicationContext
2026-09-02 02:08:02,228 [main] INFO  [com.ehowes.redis.RedissonAutoConfiguration] RedissonAutoConfiguration.java:130 - 初始化 Redisson 配置
2026-09-02 02:08:02,305 [main] INFO  [org.redisson.Version] Version.java:43 - Redisson 3.32.0
2026-09-02 02:08:48,995 [main] INFO  [org.apache.catalina.core.StandardService] DirectJDKLog.java:173 - Stopping service [Tomcat]
2026-09-02 02:08:50,416 [main] INFO  [com.ehowes.admin.AdminApplication] StartupInfoLogger.java:50 - Starting AdminApplication v1.0.0 using Java 21.0.11 with PID 7 (/opt/apps/ehox-wes-encrypted.jar started by root in /opt/apps)
2026-09-02 02:08:50,420 [main] INFO  [com.ehowes.admin.AdminApplication] SpringApplication.java:660 - The following 1 profile is active: "prod-ehox"
2026-09-02 02:08:53,001 [main] INFO  [org.apache.coyote.http11.Http11NioProtocol] DirectJDKLog.java:173 - Initializing ProtocolHandler ["http-nio-8092"]
2026-09-02 02:08:53,002 [main] INFO  [org.apache.catalina.core.StandardService] DirectJDKLog.java:173 - Starting service [Tomcat]
2026-09-02 02:08:53,002 [main] INFO  [org.apache.catalina.core.StandardEngine] DirectJDKLog.java:173 - Starting Servlet engine: [Apache Tomcat/10.1.24]
2026-09-02 02:08:53,023 [main] INFO  [o.a.c.c.ContainerBase.[Tomcat].[localhost].[/api]] DirectJDKLog.java:173 - Initializing Spring embedded WebApplicationContext
2026-09-02 02:08:53,334 [main] INFO  [com.ehowes.redis.RedissonAutoConfiguration] RedissonAutoConfiguration.java:130 - 初始化 Redisson 配置
2026-09-02 02:08:53,411 [main] INFO  [org.redisson.Version] Version.java:43 - Redisson 3.32.0
2026-09-02 02:09:40,104 [main] INFO  [org.apache.catalina.core.StandardService] DirectJDKLog.java:173 - Stopping service [Tomcat]
2026-09-02 02:09:41,508 [main] INFO  [com.ehowes.admin.AdminApplication] StartupInfoLogger.java:50 - Starting AdminApplication v1.0.0 using Java 21.0.11 with PID 7 (/opt/apps/ehox-wes-encrypted.jar started by root in /opt/apps)
2026-09-02 02:09:41,511 [main] INFO  [com.ehowes.admin.AdminApplication] SpringApplication.java:660 - The following 1 profile is active: "prod-ehox"
2026-09-02 02:09:44,139 [main] INFO  [org.apache.coyote.http11.Http11NioProtocol] DirectJDKLog.java:173 - Initializing ProtocolHandler ["http-nio-8092"]
2026-09-02 02:09:44,141 [main] INFO  [org.apache.catalina.core.StandardService] DirectJDKLog.java:173 - Starting service [Tomcat]
2026-09-02 02:09:44,141 [main] INFO  [org.apache.catalina.core.StandardEngine] DirectJDKLog.java:173 - Starting Servlet engine: [Apache Tomcat/10.1.24]
2026-09-02 02:09:44,172 [main] INFO  [o.a.c.c.ContainerBase.[Tomcat].[localhost].[/api]] DirectJDKLog.java:173 - Initializing Spring embedded WebApplicationContext
2026-09-02 02:09:44,544 [main] INFO  [com.ehowes.redis.RedissonAutoConfiguration] RedissonAutoConfiguration.java:130 - 初始化 Redisson 配置
2026-09-02 02:09:44,615 [main] INFO  [org.redisson.Version] Version.java:43 - Redisson 3.32.0
2026-09-02 02:10:25,408 [main] INFO  [org.apache.catalina.core.StandardService] DirectJDKLog.java:173 - Stopping service [Tomcat]
2026-09-02 02:10:26,735 [main] INFO  [com.ehowes.admin.AdminApplication] StartupInfoLogger.java:50 - Starting AdminApplication v1.0.0 using Java 21.0.11 with PID 7 (/opt/apps/ehox-wes-encrypted.jar started by root in /opt/apps)
2026-09-02 02:10:26,738 [main] INFO  [com.ehowes.admin.AdminApplication] SpringApplication.java:660 - The following 1 profile is active: "prod-ehox"
2026-09-02 02:10:29,281 [main] INFO  [org.apache.coyote.http11.Http11NioProtocol] DirectJDKLog.java:173 - Initializing ProtocolHandler ["http-nio-8092"]
2026-09-02 02:10:29,282 [main] INFO  [org.apache.catalina.core.StandardService] DirectJDKLog.java:173 - Starting service [Tomcat]
2026-09-02 02:10:29,283 [main] INFO  [org.apache.catalina.core.StandardEngine] DirectJDKLog.java:173 - Starting Servlet engine: [Apache Tomcat/10.1.24]
2026-09-02 02:10:29,303 [main] INFO  [o.a.c.c.ContainerBase.[Tomcat].[localhost].[/api]] DirectJDKLog.java:173 - Initializing Spring embedded WebApplicationContext
2026-09-02 02:10:29,626 [main] INFO  [com.ehowes.redis.RedissonAutoConfiguration] RedissonAutoConfiguration.java:130 - 初始化 Redisson 配置
2026-09-02 02:10:29,700 [main] INFO  [org.redisson.Version] Version.java:43 - Redisson 3.32.0
2026-09-02 02:11:16,415 [main] INFO  [org.apache.catalina.core.StandardService] DirectJDKLog.java:173 - Stopping service [Tomcat]
2026-09-02 02:11:17,880 [main] INFO  [com.ehowes.admin.AdminApplication] StartupInfoLogger.java:50 - Starting AdminApplication v1.0.0 using Java 21.0.11 with PID 7 (/opt/apps/ehox-wes-encrypted.jar started by root in /opt/apps)
2026-09-02 02:11:17,883 [main] INFO  [com.ehowes.admin.AdminApplication] SpringApplication.java:660 - The following 1 profile is active: "prod-ehox"
2026-09-02 02:11:20,512 [main] INFO  [org.apache.coyote.http11.Http11NioProtocol] DirectJDKLog.java:173 - Initializing ProtocolHandler ["http-nio-8092"]
2026-09-02 02:11:20,514 [main] INFO  [org.apache.catalina.core.StandardService] DirectJDKLog.java:173 - Starting service [Tomcat]
2026-09-02 02:11:20,514 [main] INFO  [org.apache.catalina.core.StandardEngine] DirectJDKLog.java:173 - Starting Servlet engine: [Apache Tomcat/10.1.24]
2026-09-02 02:11:20,536 [main] INFO  [o.a.c.c.ContainerBase.[Tomcat].[localhost].[/api]] DirectJDKLog.java:173 - Initializing Spring embedded WebApplicationContext
2026-09-02 02:11:20,852 [main] INFO  [com.ehowes.redis.RedissonAutoConfiguration] RedissonAutoConfiguration.java:130 - 初始化 Redisson 配置
2026-09-02 02:11:20,928 [main] INFO  [org.redisson.Version] Version.java:43 - Redisson 3.32.0
2026-09-02 02:12:07,634 [main] INFO  [org.apache.catalina.core.StandardService] DirectJDKLog.java:173 - Stopping service [Tomcat]
2026-09-02 02:12:08,971 [main] INFO  [com.ehowes.admin.AdminApplication] StartupInfoLogger.java:50 - Starting AdminApplication v1.0.0 using Java 21.0.11 with PID 7 (/opt/apps/ehox-wes-encrypted.jar started by root in /opt/apps)
2026-09-02 02:12:08,974 [main] INFO  [com.ehowes.admin.AdminApplication] SpringApplication.java:660 - The following 1 profile is active: "prod-ehox"
2026-09-02 02:12:11,700 [main] INFO  [org.apache.coyote.http11.Http11NioProtocol] DirectJDKLog.java:173 - Initializing ProtocolHandler ["http-nio-8092"]
2026-09-02 02:12:11,702 [main] INFO  [org.apache.catalina.core.StandardService] DirectJDKLog.java:173 - Starting service [Tomcat]
2026-09-02 02:12:11,702 [main] INFO  [org.apache.catalina.core.StandardEngine] DirectJDKLog.java:173 - Starting Servlet engine: [Apache Tomcat/10.1.24]
2026-09-02 02:12:11,735 [main] INFO  [o.a.c.c.ContainerBase.[Tomcat].[localhost].[/api]] DirectJDKLog.java:173 - Initializing Spring embedded WebApplicationContext
2026-09-02 02:12:12,190 [main] INFO  [com.ehowes.redis.RedissonAutoConfiguration] RedissonAutoConfiguration.java:130 - 初始化 Redisson 配置
2026-09-02 02:12:12,267 [main] INFO  [org.redisson.Version] Version.java:43 - Redisson 3.32.0
2026-09-02 02:12:54,083 [main] INFO  [org.apache.catalina.core.StandardService] DirectJDKLog.java:173 - Stopping service [Tomcat]
2026-09-02 02:12:55,443 [main] INFO  [com.ehowes.admin.AdminApplication] StartupInfoLogger.java:50 - Starting AdminApplication v1.0.0 using Java 21.0.11 with PID 7 (/opt/apps/ehox-wes-encrypted.jar started by root in /opt/apps)
2026-09-02 02:12:55,446 [main] INFO  [com.ehowes.admin.AdminApplication] SpringApplication.java:660 - The following 1 profile is active: "prod-ehox"
2026-09-02 02:12:58,004 [main] INFO  [org.apache.coyote.http11.Http11NioProtocol] DirectJDKLog.java:173 - Initializing ProtocolHandler ["http-nio-8092"]
2026-09-02 02:12:58,005 [main] INFO  [org.apache.catalina.core.StandardService] DirectJDKLog.java:173 - Starting service [Tomcat]
2026-09-02 02:12:58,005 [main] INFO  [org.apache.catalina.core.StandardEngine] DirectJDKLog.java:173 - Starting Servlet engine: [Apache Tomcat/10.1.24]
2026-09-02 02:12:58,025 [main] INFO  [o.a.c.c.ContainerBase.[Tomcat].[localhost].[/api]] DirectJDKLog.java:173 - Initializing Spring embedded WebApplicationContext
2026-09-02 02:12:58,339 [main] INFO  [com.ehowes.redis.RedissonAutoConfiguration] RedissonAutoConfiguration.java:130 - 初始化 Redisson 配置
2026-09-02 02:12:58,411 [main] INFO  [org.redisson.Version] Version.java:43 - Redisson 3.32.0
2026-09-02 02:13:45,111 [main] INFO  [org.apache.catalina.core.StandardService] DirectJDKLog.java:173 - Stopping service [Tomcat]
2026-09-02 02:13:46,511 [main] INFO  [com.ehowes.admin.AdminApplication] StartupInfoLogger.java:50 - Starting AdminApplication v1.0.0 using Java 21.0.11 with PID 7 (/opt/apps/ehox-wes-encrypted.jar started by root in /opt/apps)
2026-09-02 02:13:46,514 [main] INFO  [com.ehowes.admin.AdminApplication] SpringApplication.java:660 - The following 1 profile is active: "prod-ehox"
2026-09-02 02:13:49,413 [main] INFO  [org.apache.coyote.http11.Http11NioProtocol] DirectJDKLog.java:173 - Initializing ProtocolHandler ["http-nio-8092"]
2026-09-02 02:13:49,414 [main] INFO  [org.apache.catalina.core.StandardService] DirectJDKLog.java:173 - Starting service [Tomcat]
2026-09-02 02:13:49,414 [main] INFO  [org.apache.catalina.core.StandardEngine] DirectJDKLog.java:173 - Starting Servlet engine: [Apache Tomcat/10.1.24]
2026-09-02 02:13:49,459 [main] INFO  [o.a.c.c.ContainerBase.[Tomcat].[localhost].[/api]] DirectJDKLog.java:173 - Initializing Spring embedded WebApplicationContext
2026-09-02 02:13:49,837 [main] INFO  [com.ehowes.redis.RedissonAutoConfiguration] RedissonAutoConfiguration.java:130 - 初始化 Redisson 配置
2026-09-02 02:13:49,920 [main] INFO  [org.redisson.Version] Version.java:43 - Redisson 3.32.0
2026-09-02 02:14:36,636 [main] INFO  [org.apache.catalina.core.StandardService] DirectJDKLog.java:173 - Stopping service [Tomcat]
2026-09-02 02:14:38,072 [main] INFO  [com.ehowes.admin.AdminApplication] StartupInfoLogger.java:50 - Starting AdminApplication v1.0.0 using Java 21.0.11 with PID 7 (/opt/apps/ehox-wes-encrypted.jar started by root in /opt/apps)
2026-09-02 02:14:38,076 [main] INFO  [com.ehowes.admin.AdminApplication] SpringApplication.java:660 - The following 1 profile is active: "prod-ehox"
2026-09-02 02:14:40,876 [main] INFO  [org.apache.coyote.http11.Http11NioProtocol] DirectJDKLog.java:173 - Initializing ProtocolHandler ["http-nio-8092"]
2026-09-02 02:14:40,877 [main] INFO  [org.apache.catalina.core.StandardService] DirectJDKLog.java:173 - Starting service [Tomcat]
2026-09-02 02:14:40,877 [main] INFO  [org.apache.catalina.core.StandardEngine] DirectJDKLog.java:173 - Starting Servlet engine: [Apache Tomcat/10.1.24]
2026-09-02 02:14:40,899 [main] INFO  [o.a.c.c.ContainerBase.[Tomcat].[localhost].[/api]] DirectJDKLog.java:173 - Initializing Spring embedded WebApplicationContext
2026-09-02 02:14:41,247 [main] INFO  [com.ehowes.redis.RedissonAutoConfiguration] RedissonAutoConfiguration.java:130 - 初始化 Redisson 配置
2026-09-02 02:14:41,323 [main] INFO  [org.redisson.Version] Version.java:43 - Redisson 3.32.0
2026-09-02 02:15:28,030 [main] INFO  [org.apache.catalina.core.StandardService] DirectJDKLog.java:173 - Stopping service [Tomcat]
2026-09-02 02:15:29,513 [main] INFO  [com.ehowes.admin.AdminApplication] StartupInfoLogger.java:50 - Starting AdminApplication v1.0.0 using Java 21.0.11 with PID 7 (/opt/apps/ehox-wes-encrypted.jar started by root in /opt/apps)
2026-09-02 02:15:29,517 [main] INFO  [com.ehowes.admin.AdminApplication] SpringApplication.java:660 - The following 1 profile is active: "prod-ehox"
2026-09-02 02:15:32,141 [main] INFO  [org.apache.coyote.http11.Http11NioProtocol] DirectJDKLog.java:173 - Initializing ProtocolHandler ["http-nio-8092"]
2026-09-02 02:15:32,143 [main] INFO  [org.apache.catalina.core.StandardService] DirectJDKLog.java:173 - Starting service [Tomcat]
2026-09-02 02:15:32,143 [main] INFO  [org.apache.catalina.core.StandardEngine] DirectJDKLog.java:173 - Starting Servlet engine: [Apache Tomcat/10.1.24]
2026-09-02 02:15:32,171 [main] INFO  [o.a.c.c.ContainerBase.[Tomcat].[localhost].[/api]] DirectJDKLog.java:173 - Initializing Spring embedded WebApplicationContext
2026-09-02 02:15:32,574 [main] INFO  [com.ehowes.redis.RedissonAutoConfiguration] RedissonAutoConfiguration.java:130 - 初始化 Redisson 配置
2026-09-02 02:15:32,648 [main] INFO  [org.redisson.Version] Version.java:43 - Redisson 3.32.0
2026-09-02 02:16:19,370 [main] INFO  [org.apache.catalina.core.StandardService] DirectJDKLog.java:173 - Stopping service [Tomcat]
2026-09-02 02:16:20,824 [main] INFO  [com.ehowes.admin.AdminApplication] StartupInfoLogger.java:50 - Starting AdminApplication v1.0.0 using Java 21.0.11 with PID 7 (/opt/apps/ehox-wes-encrypted.jar started by root in /opt/apps)
2026-09-02 02:16:20,827 [main] INFO  [com.ehowes.admin.AdminApplication] SpringApplication.java:660 - The following 1 profile is active: "prod-ehox"
2026-09-02 02:16:23,559 [main] INFO  [org.apache.coyote.http11.Http11NioProtocol] DirectJDKLog.java:173 - Initializing ProtocolHandler ["http-nio-8092"]
2026-09-02 02:16:23,560 [main] INFO  [org.apache.catalina.core.StandardService] DirectJDKLog.java:173 - Starting service [Tomcat]
2026-09-02 02:16:23,560 [main] INFO  [org.apache.catalina.core.StandardEngine] DirectJDKLog.java:173 - Starting Servlet engine: [Apache Tomcat/10.1.24]
2026-09-02 02:16:23,582 [main] INFO  [o.a.c.c.ContainerBase.[Tomcat].[localhost].[/api]] DirectJDKLog.java:173 - Initializing Spring embedded WebApplicationContext
2026-09-02 02:16:23,954 [main] INFO  [com.ehowes.redis.RedissonAutoConfiguration] RedissonAutoConfiguration.java:130 - 初始化 Redisson 配置
2026-09-02 02:16:24,031 [main] INFO  [org.redisson.Version] Version.java:43 - Redisson 3.32.0
2026-09-02 02:17:10,738 [main] INFO  [org.apache.catalina.core.StandardService] DirectJDKLog.java:173 - Stopping service [Tomcat]
2026-09-02 02:17:12,171 [main] INFO  [com.ehowes.admin.AdminApplication] StartupInfoLogger.java:50 - Starting AdminApplication v1.0.0 using Java 21.0.11 with PID 7 (/opt/apps/ehox-wes-encrypted.jar started by root in /opt/apps)
2026-09-02 02:17:12,174 [main] INFO  [com.ehowes.admin.AdminApplication] SpringApplication.java:660 - The following 1 profile is active: "prod-ehox"
2026-09-02 02:17:14,955 [main] INFO  [org.apache.coyote.http11.Http11NioProtocol] DirectJDKLog.java:173 - Initializing ProtocolHandler ["http-nio-8092"]
2026-09-02 02:17:14,956 [main] INFO  [org.apache.catalina.core.StandardService] DirectJDKLog.java:173 - Starting service [Tomcat]
2026-09-02 02:17:14,956 [main] INFO  [org.apache.catalina.core.StandardEngine] DirectJDKLog.java:173 - Starting Servlet engine: [Apache Tomcat/10.1.24]
2026-09-02 02:17:14,995 [main] INFO  [o.a.c.c.ContainerBase.[Tomcat].[localhost].[/api]] DirectJDKLog.java:173 - Initializing Spring embedded WebApplicationContext
2026-09-02 02:17:15,342 [main] INFO  [com.ehowes.redis.RedissonAutoConfiguration] RedissonAutoConfiguration.java:130 - 初始化 Redisson 配置
2026-09-02 02:17:15,421 [main] INFO  [org.redisson.Version] Version.java:43 - Redisson 3.32.0
2026-09-02 02:18:02,114 [main] INFO  [org.apache.catalina.core.StandardService] DirectJDKLog.java:173 - Stopping service [Tomcat]
2026-09-02 02:18:03,592 [main] INFO  [com.ehowes.admin.AdminApplication] StartupInfoLogger.java:50 - Starting AdminApplication v1.0.0 using Java 21.0.11 with PID 7 (/opt/apps/ehox-wes-encrypted.jar started by root in /opt/apps)
2026-09-02 02:18:03,595 [main] INFO  [com.ehowes.admin.AdminApplication] SpringApplication.java:660 - The following 1 profile is active: "prod-ehox"
2026-09-02 02:18:06,383 [main] INFO  [org.apache.coyote.http11.Http11NioProtocol] DirectJDKLog.java:173 - Initializing ProtocolHandler ["http-nio-8092"]
2026-09-02 02:18:06,384 [main] INFO  [org.apache.catalina.core.StandardService] DirectJDKLog.java:173 - Starting service [Tomcat]
2026-09-02 02:18:06,384 [main] INFO  [org.apache.catalina.core.StandardEngine] DirectJDKLog.java:173 - Starting Servlet engine: [Apache Tomcat/10.1.24]
2026-09-02 02:18:06,406 [main] INFO  [o.a.c.c.ContainerBase.[Tomcat].[localhost].[/api]] DirectJDKLog.java:173 - Initializing Spring embedded WebApplicationContext
2026-09-02 02:18:06,751 [main] INFO  [com.ehowes.redis.RedissonAutoConfiguration] RedissonAutoConfiguration.java:130 - 初始化 Redisson 配置
2026-09-02 02:18:06,826 [main] INFO  [org.redisson.Version] Version.java:43 - Redisson 3.32.0
2026-09-02 02:18:53,537 [main] INFO  [org.apache.catalina.core.StandardService] DirectJDKLog.java:173 - Stopping service [Tomcat]
2026-09-02 02:18:55,006 [main] INFO  [com.ehowes.admin.AdminApplication] StartupInfoLogger.java:50 - Starting AdminApplication v1.0.0 using Java 21.0.11 with PID 7 (/opt/apps/ehox-wes-encrypted.jar started by root in /opt/apps)
2026-09-02 02:18:55,010 [main] INFO  [com.ehowes.admin.AdminApplication] SpringApplication.java:660 - The following 1 profile is active: "prod-ehox"
2026-09-02 02:18:57,685 [main] INFO  [org.apache.coyote.http11.Http11NioProtocol] DirectJDKLog.java:173 - Initializing ProtocolHandler ["http-nio-8092"]
2026-09-02 02:18:57,690 [main] INFO  [org.apache.catalina.core.StandardService] DirectJDKLog.java:173 - Starting service [Tomcat]
2026-09-02 02:18:57,690 [main] INFO  [org.apache.catalina.core.StandardEngine] DirectJDKLog.java:173 - Starting Servlet engine: [Apache Tomcat/10.1.24]
2026-09-02 02:18:57,719 [main] INFO  [o.a.c.c.ContainerBase.[Tomcat].[localhost].[/api]] DirectJDKLog.java:173 - Initializing Spring embedded WebApplicationContext
2026-09-02 02:18:58,192 [main] INFO  [com.ehowes.redis.RedissonAutoConfiguration] RedissonAutoConfiguration.java:130 - 初始化 Redisson 配置
2026-09-02 02:18:58,270 [main] INFO  [org.redisson.Version] Version.java:43 - Redisson 3.32.0
2026-09-02 02:19:35,997 [main] INFO  [org.apache.catalina.core.StandardService] DirectJDKLog.java:173 - Stopping service [Tomcat]
2026-09-02 02:19:37,451 [main] INFO  [com.ehowes.admin.AdminApplication] StartupInfoLogger.java:50 - Starting AdminApplication v1.0.0 using Java 21.0.11 with PID 8 (/opt/apps/ehox-wes-encrypted.jar started by root in /opt/apps)
2026-09-02 02:19:37,454 [main] INFO  [com.ehowes.admin.AdminApplication] SpringApplication.java:660 - The following 1 profile is active: "prod-ehox"
                                                                                                                                                                                                                                                                                                                                                                                                                                                                                                                                                                                                                                                                                                                                                                                                                                                                      2026-09-02 10:54:45,401 [main] INFO  [com.ehowes.admin.AdminApplication] StartupInfoLogger.java:50 - Starting AdminApplication v1.0.0 using Java 21.0.11 with PID 7 (/opt/apps/ehox-wes-encrypted.jar started by root in /opt/apps)
2026-09-02 10:54:45,407 [main] INFO  [com.ehowes.admin.AdminApplication] SpringApplication.java:660 - The following 1 profile is active: "prod-ehox"
2026-09-02 10:54:49,146 [main] INFO  [org.apache.coyote.http11.Http11NioProtocol] DirectJDKLog.java:173 - Initializing ProtocolHandler ["http-nio-8092"]
2026-09-02 10:54:49,149 [main] INFO  [org.apache.catalina.core.StandardService] DirectJDKLog.java:173 - Starting service [Tomcat]
2026-09-02 10:54:49,149 [main] INFO  [org.apache.catalina.core.StandardEngine] DirectJDKLog.java:173 - Starting Servlet engine: [Apache Tomcat/10.1.24]
2026-09-02 10:54:49,174 [main] INFO  [o.a.c.c.ContainerBase.[Tomcat].[localhost].[/api]] DirectJDKLog.java:173 - Initializing Spring embedded WebApplicationContext
2026-09-02 10:54:49,838 [main] INFO  [com.ehowes.redis.RedissonAutoConfiguration] RedissonAutoConfiguration.java:130 - 初始化 Redisson 配置
2026-09-02 10:54:50,059 [main] INFO  [org.redisson.Version] Version.java:43 - Redisson 3.32.0
2026-09-02 10:55:37,887 [main] INFO  [org.apache.catalina.core.StandardService] DirectJDKLog.java:173 - Stopping service [Tomcat]
2026-09-02 10:55:40,279 [main] INFO  [com.ehowes.admin.AdminApplication] StartupInfoLogger.java:50 - Starting AdminApplication v1.0.0 using Java 21.0.11 with PID 7 (/opt/apps/ehox-wes-encrypted.jar started by root in /opt/apps)
2026-09-02 10:55:40,282 [main] INFO  [com.ehowes.admin.AdminApplication] SpringApplication.java:660 - The following 1 profile is active: "prod-ehox"
2026-09-02 10:55:43,303 [main] INFO  [org.apache.coyote.http11.Http11NioProtocol] DirectJDKLog.java:173 - Initializing ProtocolHandler ["http-nio-8092"]
2026-09-02 10:55:43,305 [main] INFO  [org.apache.catalina.core.StandardService] DirectJDKLog.java:173 - Starting service [Tomcat]
2026-09-02 10:55:43,305 [main] INFO  [org.apache.catalina.core.StandardEngine] DirectJDKLog.java:173 - Starting Servlet engine: [Apache Tomcat/10.1.24]
2026-09-02 10:55:43,332 [main] INFO  [o.a.c.c.ContainerBase.[Tomcat].[localhost].[/api]] DirectJDKLog.java:173 - Initializing Spring embedded WebApplicationContext
2026-09-02 10:55:43,710 [main] INFO  [com.ehowes.redis.RedissonAutoConfiguration] RedissonAutoConfiguration.java:130 - 初始化 Redisson 配置
2026-09-02 10:55:43,785 [main] INFO  [org.redisson.Version] Version.java:43 - Redisson 3.32.0
2026-09-02 10:56:30,493 [main] INFO  [org.apache.catalina.core.StandardService] DirectJDKLog.java:173 - Stopping service [Tomcat]
2026-09-02 10:56:31,963 [main] INFO  [com.ehowes.admin.AdminApplication] StartupInfoLogger.java:50 - Starting AdminApplication v1.0.0 using Java 21.0.11 with PID 7 (/opt/apps/ehox-wes-encrypted.jar started by root in /opt/apps)
2026-09-02 10:56:31,966 [main] INFO  [com.ehowes.admin.AdminApplication] SpringApplication.java:660 - The following 1 profile is active: "prod-ehox"
2026-09-02 10:56:34,934 [main] INFO  [org.apache.coyote.http11.Http11NioProtocol] DirectJDKLog.java:173 - Initializing ProtocolHandler ["http-nio-8092"]
2026-09-02 10:56:34,935 [main] INFO  [org.apache.catalina.core.StandardService] DirectJDKLog.java:173 - Starting service [Tomcat]
2026-09-02 10:56:34,935 [main] INFO  [org.apache.catalina.core.StandardEngine] DirectJDKLog.java:173 - Starting Servlet engine: [Apache Tomcat/10.1.24]
2026-09-02 10:56:34,961 [main] INFO  [o.a.c.c.ContainerBase.[Tomcat].[localhost].[/api]] DirectJDKLog.java:173 - Initializing Spring embedded WebApplicationContext
2026-09-02 10:56:35,353 [main] INFO  [com.ehowes.redis.RedissonAutoConfiguration] RedissonAutoConfiguration.java:130 - 初始化 Redisson 配置
2026-09-02 10:56:35,434 [main] INFO  [org.redisson.Version] Version.java:43 - Redisson 3.32.0
2026-09-02 10:57:19,306 [main] INFO  [org.apache.catalina.core.StandardService] DirectJDKLog.java:173 - Stopping service [Tomcat]
2026-09-02 10:57:20,860 [main] INFO  [com.ehowes.admin.AdminApplication] StartupInfoLogger.java:50 - Starting AdminApplication v1.0.0 using Java 21.0.11 with PID 7 (/opt/apps/ehox-wes-encrypted.jar started by root in /opt/apps)
2026-09-02 10:57:20,863 [main] INFO  [com.ehowes.admin.AdminApplication] SpringApplication.java:660 - The following 1 profile is active: "prod-ehox"
2026-09-02 10:57:23,826 [main] INFO  [org.apache.coyote.http11.Http11NioProtocol] DirectJDKLog.java:173 - Initializing ProtocolHandler ["http-nio-8092"]
2026-09-02 10:57:23,827 [main] INFO  [org.apache.catalina.core.StandardService] DirectJDKLog.java:173 - Starting service [Tomcat]
2026-09-02 10:57:23,828 [main] INFO  [org.apache.catalina.core.StandardEngine] DirectJDKLog.java:173 - Starting Servlet engine: [Apache Tomcat/10.1.24]
2026-09-02 10:57:23,860 [main] INFO  [o.a.c.c.ContainerBase.[Tomcat].[localhost].[/api]] DirectJDKLog.java:173 - Initializing Spring embedded WebApplicationContext
2026-09-02 10:57:24,343 [main] INFO  [com.ehowes.redis.RedissonAutoConfiguration] RedissonAutoConfiguration.java:130 - 初始化 Redisson 配置
2026-09-02 10:57:24,424 [main] INFO  [org.redisson.Version] Version.java:43 - Redisson 3.32.0
2026-09-02 10:58:11,130 [main] INFO  [org.apache.catalina.core.StandardService] DirectJDKLog.java:173 - Stopping service [Tomcat]
2026-09-02 10:58:12,592 [main] INFO  [com.ehowes.admin.AdminApplication] StartupInfoLogger.java:50 - Starting AdminApplication v1.0.0 using Java 21.0.11 with PID 7 (/opt/apps/ehox-wes-encrypted.jar started by root in /opt/apps)
2026-09-02 10:58:12,596 [main] INFO  [com.ehowes.admin.AdminApplication] SpringApplication.java:660 - The following 1 profile is active: "prod-ehox"
2026-09-02 10:58:15,375 [main] INFO  [org.apache.coyote.http11.Http11NioProtocol] DirectJDKLog.java:173 - Initializing ProtocolHandler ["http-nio-8092"]
2026-09-02 10:58:15,377 [main] INFO  [org.apache.catalina.core.StandardService] DirectJDKLog.java:173 - Starting service [Tomcat]
2026-09-02 10:58:15,377 [main] INFO  [org.apache.catalina.core.StandardEngine] DirectJDKLog.java:173 - Starting Servlet engine: [Apache Tomcat/10.1.24]
2026-09-02 10:58:15,404 [main] INFO  [o.a.c.c.ContainerBase.[Tomcat].[localhost].[/api]] DirectJDKLog.java:173 - Initializing Spring embedded WebApplicationContext
2026-09-02 10:58:15,871 [main] INFO  [com.ehowes.redis.RedissonAutoConfiguration] RedissonAutoConfiguration.java:130 - 初始化 Redisson 配置
2026-09-02 10:58:15,955 [main] INFO  [org.redisson.Version] Version.java:43 - Redisson 3.32.0
2026-09-02 10:59:02,688 [main] INFO  [org.apache.catalina.core.StandardService] DirectJDKLog.java:173 - Stopping service [Tomcat]
2026-09-02 10:59:04,984 [main] INFO  [com.ehowes.admin.AdminApplication] StartupInfoLogger.java:50 - Starting AdminApplication v1.0.0 using Java 21.0.11 with PID 7 (/opt/apps/ehox-wes-encrypted.jar started by root in /opt/apps)
2026-09-02 10:59:04,988 [main] INFO  [com.ehowes.admin.AdminApplication] SpringApplication.java:660 - The following 1 profile is active: "prod-ehox"
2026-09-02 10:59:07,758 [main] INFO  [org.apache.coyote.http11.Http11NioProtocol] DirectJDKLog.java:173 - Initializing ProtocolHandler ["http-nio-8092"]
2026-09-02 10:59:07,759 [main] INFO  [org.apache.catalina.core.StandardService] DirectJDKLog.java:173 - Starting service [Tomcat]
2026-09-02 10:59:07,759 [main] INFO  [org.apache.catalina.core.StandardEngine] DirectJDKLog.java:173 - Starting Servlet engine: [Apache Tomcat/10.1.24]
2026-09-02 10:59:07,782 [main] INFO  [o.a.c.c.ContainerBase.[Tomcat].[localhost].[/api]] DirectJDKLog.java:173 - Initializing Spring embedded WebApplicationContext
2026-09-02 10:59:08,184 [main] INFO  [com.ehowes.redis.RedissonAutoConfiguration] RedissonAutoConfiguration.java:130 - 初始化 Redisson 配置
2026-09-02 10:59:08,274 [main] INFO  [org.redisson.Version] Version.java:43 - Redisson 3.32.0
2026-09-02 10:59:55,016 [main] INFO  [org.apache.catalina.core.StandardService] DirectJDKLog.java:173 - Stopping service [Tomcat]
2026-09-02 10:59:56,537 [main] INFO  [com.ehowes.admin.AdminApplication] StartupInfoLogger.java:50 - Starting AdminApplication v1.0.0 using Java 21.0.11 with PID 7 (/opt/apps/ehox-wes-encrypted.jar started by root in /opt/apps)
2026-09-02 10:59:56,541 [main] INFO  [com.ehowes.admin.AdminApplication] SpringApplication.java:660 - The following 1 profile is active: "prod-ehox"
2026-09-02 10:59:59,337 [main] INFO  [org.apache.coyote.http11.Http11NioProtocol] DirectJDKLog.java:173 - Initializing ProtocolHandler ["http-nio-8092"]
2026-09-02 10:59:59,338 [main] INFO  [org.apache.catalina.core.StandardService] DirectJDKLog.java:173 - Starting service [Tomcat]
2026-09-02 10:59:59,339 [main] INFO  [org.apache.catalina.core.StandardEngine] DirectJDKLog.java:173 - Starting Servlet engine: [Apache Tomcat/10.1.24]
2026-09-02 10:59:59,371 [main] INFO  [o.a.c.c.ContainerBase.[Tomcat].[localhost].[/api]] DirectJDKLog.java:173 - Initializing Spring embedded WebApplicationContext
2026-09-02 10:59:59,836 [main] INFO  [com.ehowes.redis.RedissonAutoConfiguration] RedissonAutoConfiguration.java:130 - 初始化 Redisson 配置
2026-09-02 10:59:59,925 [main] INFO  [org.redisson.Version] Version.java:43 - Redisson 3.32.0
2026-09-02 11:00:46,649 [main] INFO  [org.apache.catalina.core.StandardService] DirectJDKLog.java:173 - Stopping service [Tomcat]
2026-09-02 11:00:48,131 [main] INFO  [com.ehowes.admin.AdminApplication] StartupInfoLogger.java:50 - Starting AdminApplication v1.0.0 using Java 21.0.11 with PID 7 (/opt/apps/ehox-wes-encrypted.jar started by root in /opt/apps)
2026-09-02 11:00:48,134 [main] INFO  [com.ehowes.admin.AdminApplication] SpringApplication.java:660 - The following 1 profile is active: "prod-ehox"
2026-09-02 11:00:50,886 [main] INFO  [org.apache.coyote.http11.Http11NioProtocol] DirectJDKLog.java:173 - Initializing ProtocolHandler ["http-nio-8092"]
2026-09-02 11:00:50,889 [main] INFO  [org.apache.catalina.core.StandardService] DirectJDKLog.java:173 - Starting service [Tomcat]
2026-09-02 11:00:50,889 [main] INFO  [org.apache.catalina.core.StandardEngine] DirectJDKLog.java:173 - Starting Servlet engine: [Apache Tomcat/10.1.24]
2026-09-02 11:00:50,917 [main] INFO  [o.a.c.c.ContainerBase.[Tomcat].[localhost].[/api]] DirectJDKLog.java:173 - Initializing Spring embedded WebApplicationContext
2026-09-02 11:00:51,390 [main] INFO  [com.ehowes.redis.RedissonAutoConfiguration] RedissonAutoConfiguration.java:130 - 初始化 Redisson 配置
2026-09-02 11:00:51,464 [main] INFO  [org.redisson.Version] Version.java:43 - Redisson 3.32.0
2026-09-02 11:01:38,181 [main] INFO  [org.apache.catalina.core.StandardService] DirectJDKLog.java:173 - Stopping service [Tomcat]
2026-09-02 11:01:39,739 [main] INFO  [com.ehowes.admin.AdminApplication] StartupInfoLogger.java:50 - Starting AdminApplication v1.0.0 using Java 21.0.11 with PID 7 (/opt/apps/ehox-wes-encrypted.jar started by root in /opt/apps)
2026-09-02 11:01:39,743 [main] INFO  [com.ehowes.admin.AdminApplication] SpringApplication.java:660 - The following 1 profile is active: "prod-ehox"
2026-09-02 11:01:42,529 [main] INFO  [org.apache.coyote.http11.Http11NioProtocol] DirectJDKLog.java:173 - Initializing ProtocolHandler ["http-nio-8092"]
2026-09-02 11:01:42,530 [main] INFO  [org.apache.catalina.core.StandardService] DirectJDKLog.java:173 - Starting service [Tomcat]
2026-09-02 11:01:42,530 [main] INFO  [org.apache.catalina.core.StandardEngine] DirectJDKLog.java:173 - Starting Servlet engine: [Apache Tomcat/10.1.24]
2026-09-02 11:01:42,571 [main] INFO  [o.a.c.c.ContainerBase.[Tomcat].[localhost].[/api]] DirectJDKLog.java:173 - Initializing Spring embedded WebApplicationContext
2026-09-02 11:01:42,929 [main] INFO  [com.ehowes.redis.RedissonAutoConfiguration] RedissonAutoConfiguration.java:130 - 初始化 Redisson 配置
2026-09-02 11:01:43,010 [main] INFO  [org.redisson.Version] Version.java:43 - Redisson 3.32.0
2026-09-02 11:02:29,750 [main] INFO  [org.apache.catalina.core.StandardService] DirectJDKLog.java:173 - Stopping service [Tomcat]
2026-09-02 11:02:31,258 [main] INFO  [com.ehowes.admin.AdminApplication] StartupInfoLogger.java:50 - Starting AdminApplication v1.0.0 using Java 21.0.11 with PID 7 (/opt/apps/ehox-wes-encrypted.jar started by root in /opt/apps)
2026-09-02 11:02:31,261 [main] INFO  [com.ehowes.admin.AdminApplication] SpringApplication.java:660 - The following 1 profile is active: "prod-ehox"
2026-09-02 11:02:34,047 [main] INFO  [org.apache.coyote.http11.Http11NioProtocol] DirectJDKLog.java:173 - Initializing ProtocolHandler ["http-nio-8092"]
2026-09-02 11:02:34,050 [main] INFO  [org.apache.catalina.core.StandardService] DirectJDKLog.java:173 - Starting service [Tomcat]
2026-09-02 11:02:34,050 [main] INFO  [org.apache.catalina.core.StandardEngine] DirectJDKLog.java:173 - Starting Servlet engine: [Apache Tomcat/10.1.24]
2026-09-02 11:02:34,079 [main] INFO  [o.a.c.c.ContainerBase.[Tomcat].[localhost].[/api]] DirectJDKLog.java:173 - Initializing Spring embedded WebApplicationContext
2026-09-02 11:02:34,476 [main] INFO  [com.ehowes.redis.RedissonAutoConfiguration] RedissonAutoConfiguration.java:130 - 初始化 Redisson 配置
2026-09-02 11:02:34,562 [main] INFO  [org.redisson.Version] Version.java:43 - Redisson 3.32.0
2026-09-02 11:37:45,906 [main] INFO  [com.ehowes.admin.AdminApplication] StartupInfoLogger.java:50 - Starting AdminApplication v1.0.0 using Java 21.0.11 with PID 7 (/opt/apps/ehox-wes-encrypted.jar started by root in /opt/apps)
2026-09-02 11:37:45,917 [main] INFO  [com.ehowes.admin.AdminApplication] SpringApplication.java:660 - The following 1 profile is active: "prod-ehox"
2026-09-02 11:37:50,148 [main] INFO  [org.apache.coyote.http11.Http11NioProtocol] DirectJDKLog.java:173 - Initializing ProtocolHandler ["http-nio-8092"]
2026-09-02 11:37:50,157 [main] INFO  [org.apache.catalina.core.StandardService] DirectJDKLog.java:173 - Starting service [Tomcat]
2026-09-02 11:37:50,157 [main] INFO  [org.apache.catalina.core.StandardEngine] DirectJDKLog.java:173 - Starting Servlet engine: [Apache Tomcat/10.1.24]
2026-09-02 11:37:50,206 [main] INFO  [o.a.c.c.ContainerBase.[Tomcat].[localhost].[/api]] DirectJDKLog.java:173 - Initializing Spring embedded WebApplicationContext
2026-09-02 11:37:50,964 [main] INFO  [com.ehowes.redis.RedissonAutoConfiguration] RedissonAutoConfiguration.java:130 - 初始化 Redisson 配置
2026-09-02 11:37:51,153 [main] INFO  [org.redisson.Version] Version.java:43 - Redisson 3.32.0
2026-09-02 11:38:39,001 [main] INFO  [org.apache.catalina.core.StandardService] DirectJDKLog.java:173 - Stopping service [Tomcat]
2026-09-02 11:38:41,347 [main] INFO  [com.ehowes.admin.AdminApplication] StartupInfoLogger.java:50 - Starting AdminApplication v1.0.0 using Java 21.0.11 with PID 7 (/opt/apps/ehox-wes-encrypted.jar started by root in /opt/apps)
2026-09-02 11:38:41,350 [main] INFO  [com.ehowes.admin.AdminApplication] SpringApplication.java:660 - The following 1 profile is active: "prod-ehox"
2026-09-02 11:38:44,046 [main] INFO  [org.apache.coyote.http11.Http11NioProtocol] DirectJDKLog.java:173 - Initializing ProtocolHandler ["http-nio-8092"]
2026-09-02 11:38:44,048 [main] INFO  [org.apache.catalina.core.StandardService] DirectJDKLog.java:173 - Starting service [Tomcat]
2026-09-02 11:38:44,048 [main] INFO  [org.apache.catalina.core.StandardEngine] DirectJDKLog.java:173 - Starting Servlet engine: [Apache Tomcat/10.1.24]
2026-09-02 11:38:44,077 [main] INFO  [o.a.c.c.ContainerBase.[Tomcat].[localhost].[/api]] DirectJDKLog.java:173 - Initializing Spring embedded WebApplicationContext
2026-09-02 11:38:44,530 [main] INFO  [com.ehowes.redis.RedissonAutoConfiguration] RedissonAutoConfiguration.java:130 - 初始化 Redisson 配置
2026-09-02 11:38:44,613 [main] INFO  [org.redisson.Version] Version.java:43 - Redisson 3.32.0
2026-09-02 11:39:31,355 [main] INFO  [org.apache.catalina.core.StandardService] DirectJDKLog.java:173 - Stopping service [Tomcat]
2026-09-02 11:39:32,740 [main] INFO  [com.ehowes.admin.AdminApplication] StartupInfoLogger.java:50 - Starting AdminApplication v1.0.0 using Java 21.0.11 with PID 7 (/opt/apps/ehox-wes-encrypted.jar started by root in /opt/apps)
2026-09-02 11:39:32,743 [main] INFO  [com.ehowes.admin.AdminApplication] SpringApplication.java:660 - The following 1 profile is active: "prod-ehox"
2026-09-02 11:39:35,412 [main] INFO  [org.apache.coyote.http11.Http11NioProtocol] DirectJDKLog.java:173 - Initializing ProtocolHandler ["http-nio-8092"]
2026-09-02 11:39:35,414 [main] INFO  [org.apache.catalina.core.StandardService] DirectJDKLog.java:173 - Starting service [Tomcat]
2026-09-02 11:39:35,414 [main] INFO  [org.apache.catalina.core.StandardEngine] DirectJDKLog.java:173 - Starting Servlet engine: [Apache Tomcat/10.1.24]
2026-09-02 11:39:35,441 [main] INFO  [o.a.c.c.ContainerBase.[Tomcat].[localhost].[/api]] DirectJDKLog.java:173 - Initializing Spring embedded WebApplicationContext
2026-09-02 11:39:35,853 [main] INFO  [com.ehowes.redis.RedissonAutoConfiguration] RedissonAutoConfiguration.java:130 - 初始化 Redisson 配置
2026-09-02 11:39:35,931 [main] INFO  [org.redisson.Version] Version.java:43 - Redisson 3.32.0
2026-09-02 11:40:22,662 [main] INFO  [org.apache.catalina.core.StandardService] DirectJDKLog.java:173 - Stopping service [Tomcat]
2026-09-02 11:40:24,945 [main] INFO  [com.ehowes.admin.AdminApplication] StartupInfoLogger.java:50 - Starting AdminApplication v1.0.0 using Java 21.0.11 with PID 7 (/opt/apps/ehox-wes-encrypted.jar started by root in /opt/apps)
2026-09-02 11:40:24,948 [main] INFO  [com.ehowes.admin.AdminApplication] SpringApplication.java:660 - The following 1 profile is active: "prod-ehox"
2026-09-02 11:40:27,656 [main] INFO  [org.apache.coyote.http11.Http11NioProtocol] DirectJDKLog.java:173 - Initializing ProtocolHandler ["http-nio-8092"]
2026-09-02 11:40:27,692 [main] INFO  [org.apache.catalina.core.StandardService] DirectJDKLog.java:173 - Starting service [Tomcat]
2026-09-02 11:40:27,693 [main] INFO  [org.apache.catalina.core.StandardEngine] DirectJDKLog.java:173 - Starting Servlet engine: [Apache Tomcat/10.1.24]
2026-09-02 11:40:27,721 [main] INFO  [o.a.c.c.ContainerBase.[Tomcat].[localhost].[/api]] DirectJDKLog.java:173 - Initializing Spring embedded WebApplicationContext
2026-09-02 11:40:28,102 [main] INFO  [com.ehowes.redis.RedissonAutoConfiguration] RedissonAutoConfiguration.java:130 - 初始化 Redisson 配置
2026-09-02 11:40:28,181 [main] INFO  [org.redisson.Version] Version.java:43 - Redisson 3.32.0
2026-09-02 11:41:14,909 [main] INFO  [org.apache.catalina.core.StandardService] DirectJDKLog.java:173 - Stopping service [Tomcat]
2026-09-02 11:41:16,298 [main] INFO  [com.ehowes.admin.AdminApplication] StartupInfoLogger.java:50 - Starting AdminApplication v1.0.0 using Java 21.0.11 with PID 7 (/opt/apps/ehox-wes-encrypted.jar started by root in /opt/apps)
2026-09-02 11:41:16,301 [main] INFO  [com.ehowes.admin.AdminApplication] SpringApplication.java:660 - The following 1 profile is active: "prod-ehox"
2026-09-02 11:41:19,071 [main] INFO  [org.apache.coyote.http11.Http11NioProtocol] DirectJDKLog.java:173 - Initializing ProtocolHandler ["http-nio-8092"]
2026-09-02 11:41:19,073 [main] INFO  [org.apache.catalina.core.StandardService] DirectJDKLog.java:173 - Starting service [Tomcat]
2026-09-02 11:41:19,073 [main] INFO  [org.apache.catalina.core.StandardEngine] DirectJDKLog.java:173 - Starting Servlet engine: [Apache Tomcat/10.1.24]
2026-09-02 11:41:19,102 [main] INFO  [o.a.c.c.ContainerBase.[Tomcat].[localhost].[/api]] DirectJDKLog.java:173 - Initializing Spring embedded WebApplicationContext
2026-09-02 11:41:19,519 [main] INFO  [com.ehowes.redis.RedissonAutoConfiguration] RedissonAutoConfiguration.java:130 - 初始化 Redisson 配置
2026-09-02 11:41:19,600 [main] INFO  [org.redisson.Version] Version.java:43 - Redisson 3.32.0
2026-09-02 11:42:06,318 [main] INFO  [org.apache.catalina.core.StandardService] DirectJDKLog.java:173 - Stopping service [Tomcat]
2026-09-02 11:42:25,801 [main] INFO  [com.ehowes.admin.AdminApplication] StartupInfoLogger.java:50 - Starting AdminApplication v1.0.0 using Java 21.0.11 with PID 7 (/opt/apps/ehox-wes-encrypted.jar started by root in /opt/apps)
2026-09-02 11:42:25,806 [main] INFO  [com.ehowes.admin.AdminApplication] SpringApplication.java:660 - The following 1 profile is active: "prod-ehox"
2026-09-02 11:42:29,398 [main] INFO  [org.apache.coyote.http11.Http11NioProtocol] DirectJDKLog.java:173 - Initializing ProtocolHandler ["http-nio-8092"]
2026-09-02 11:42:29,403 [main] INFO  [org.apache.catalina.core.StandardService] DirectJDKLog.java:173 - Starting service [Tomcat]
2026-09-02 11:42:29,403 [main] INFO  [org.apache.catalina.core.StandardEngine] DirectJDKLog.java:173 - Starting Servlet engine: [Apache Tomcat/10.1.24]
2026-09-02 11:42:29,488 [main] INFO  [o.a.c.c.ContainerBase.[Tomcat].[localhost].[/api]] DirectJDKLog.java:173 - Initializing Spring embedded WebApplicationContext
2026-09-02 11:42:30,075 [main] INFO  [com.ehowes.redis.RedissonAutoConfiguration] RedissonAutoConfiguration.java:130 - 初始化 Redisson 配置
2026-09-02 11:42:30,258 [main] INFO  [org.redisson.Version] Version.java:43 - Redisson 3.32.0
2026-09-02 11:43:18,017 [main] INFO  [org.apache.catalina.core.StandardService] DirectJDKLog.java:173 - Stopping service [Tomcat]
2026-09-02 11:43:20,086 [main] INFO  [com.ehowes.admin.AdminApplication] StartupInfoLogger.java:50 - Starting AdminApplication v1.0.0 using Java 21.0.11 with PID 7 (/opt/apps/ehox-wes-encrypted.jar started by root in /opt/apps)
2026-09-02 11:43:20,090 [main] INFO  [com.ehowes.admin.AdminApplication] SpringApplication.java:660 - The following 1 profile is active: "prod-ehox"
2026-09-02 11:43:22,702 [main] INFO  [org.apache.coyote.http11.Http11NioProtocol] DirectJDKLog.java:173 - Initializing ProtocolHandler ["http-nio-8092"]
2026-09-02 11:43:22,703 [main] INFO  [org.apache.catalina.core.StandardService] DirectJDKLog.java:173 - Starting service [Tomcat]
2026-09-02 11:43:22,703 [main] INFO  [org.apache.catalina.core.StandardEngine] DirectJDKLog.java:173 - Starting Servlet engine: [Apache Tomcat/10.1.24]
2026-09-02 11:43:22,759 [main] INFO  [o.a.c.c.ContainerBase.[Tomcat].[localhost].[/api]] DirectJDKLog.java:173 - Initializing Spring embedded WebApplicationContext
2026-09-02 11:43:23,101 [main] INFO  [com.ehowes.redis.RedissonAutoConfiguration] RedissonAutoConfiguration.java:130 - 初始化 Redisson 配置
2026-09-02 11:43:23,175 [main] INFO  [org.redisson.Version] Version.java:43 - Redisson 3.32.0
2026-09-02 11:44:09,873 [main] INFO  [org.apache.catalina.core.StandardService] DirectJDKLog.java:173 - Stopping service [Tomcat]
2026-09-02 11:44:11,270 [main] INFO  [com.ehowes.admin.AdminApplication] StartupInfoLogger.java:50 - Starting AdminApplication v1.0.0 using Java 21.0.11 with PID 7 (/opt/apps/ehox-wes-encrypted.jar started by root in /opt/apps)
2026-09-02 11:44:11,273 [main] INFO  [com.ehowes.admin.AdminApplication] SpringApplication.java:660 - The following 1 profile is active: "prod-ehox"
2026-09-02 11:44:13,926 [main] INFO  [org.apache.coyote.http11.Http11NioProtocol] DirectJDKLog.java:173 - Initializing ProtocolHandler ["http-nio-8092"]
2026-09-02 11:44:13,928 [main] INFO  [org.apache.catalina.core.StandardService] DirectJDKLog.java:173 - Starting service [Tomcat]
2026-09-02 11:44:13,928 [main] INFO  [org.apache.catalina.core.StandardEngine] DirectJDKLog.java:173 - Starting Servlet engine: [Apache Tomcat/10.1.24]
2026-09-02 11:44:13,954 [main] INFO  [o.a.c.c.ContainerBase.[Tomcat].[localhost].[/api]] DirectJDKLog.java:173 - Initializing Spring embedded WebApplicationContext
2026-09-02 11:44:14,393 [main] INFO  [com.ehowes.redis.RedissonAutoConfiguration] RedissonAutoConfiguration.java:130 - 初始化 Redisson 配置
2026-09-02 11:44:14,468 [main] INFO  [org.redisson.Version] Version.java:43 - Redisson 3.32.0
2026-09-02 11:45:01,191 [main] INFO  [org.apache.catalina.core.StandardService] DirectJDKLog.java:173 - Stopping service [Tomcat]
2026-09-02 11:45:03,493 [main] INFO  [com.ehowes.admin.AdminApplication] StartupInfoLogger.java:50 - Starting AdminApplication v1.0.0 using Java 21.0.11 with PID 7 (/opt/apps/ehox-wes-encrypted.jar started by root in /opt/apps)
2026-09-02 11:45:03,496 [main] INFO  [com.ehowes.admin.AdminApplication] SpringApplication.java:660 - The following 1 profile is active: "prod-ehox"
2026-09-02 11:45:06,289 [main] INFO  [org.apache.coyote.http11.Http11NioProtocol] DirectJDKLog.java:173 - Initializing ProtocolHandler ["http-nio-8092"]
2026-09-02 11:45:06,291 [main] INFO  [org.apache.catalina.core.StandardService] DirectJDKLog.java:173 - Starting service [Tomcat]
2026-09-02 11:45:06,291 [main] INFO  [org.apache.catalina.core.StandardEngine] DirectJDKLog.java:173 - Starting Servlet engine: [Apache Tomcat/10.1.24]
2026-09-02 11:45:06,312 [main] INFO  [o.a.c.c.ContainerBase.[Tomcat].[localhost].[/api]] DirectJDKLog.java:173 - Initializing Spring embedded WebApplicationContext
2026-09-02 11:45:06,645 [main] INFO  [com.ehowes.redis.RedissonAutoConfiguration] RedissonAutoConfiguration.java:130 - 初始化 Redisson 配置
2026-09-02 11:45:06,727 [main] INFO  [org.redisson.Version] Version.java:43 - Redisson 3.32.0
2026-09-02 11:45:53,437 [main] INFO  [org.apache.catalina.core.StandardService] DirectJDKLog.java:173 - Stopping service [Tomcat]
2026-09-02 11:45:54,851 [main] INFO  [com.ehowes.admin.AdminApplication] StartupInfoLogger.java:50 - Starting AdminApplication v1.0.0 using Java 21.0.11 with PID 7 (/opt/apps/ehox-wes-encrypted.jar started by root in /opt/apps)
2026-09-02 11:45:54,854 [main] INFO  [com.ehowes.admin.AdminApplication] SpringApplication.java:660 - The following 1 profile is active: "prod-ehox"
2026-09-02 11:45:57,525 [main] INFO  [org.apache.coyote.http11.Http11NioProtocol] DirectJDKLog.java:173 - Initializing ProtocolHandler ["http-nio-8092"]
2026-09-02 11:45:57,526 [main] INFO  [org.apache.catalina.core.StandardService] DirectJDKLog.java:173 - Starting service [Tomcat]
2026-09-02 11:45:57,526 [main] INFO  [org.apache.catalina.core.StandardEngine] DirectJDKLog.java:173 - Starting Servlet engine: [Apache Tomcat/10.1.24]
2026-09-02 11:45:57,549 [main] INFO  [o.a.c.c.ContainerBase.[Tomcat].[localhost].[/api]] DirectJDKLog.java:173 - Initializing Spring embedded WebApplicationContext
2026-09-02 11:45:57,920 [main] INFO  [com.ehowes.redis.RedissonAutoConfiguration] RedissonAutoConfiguration.java:130 - 初始化 Redisson 配置
2026-09-02 11:45:57,993 [main] INFO  [org.redisson.Version] Version.java:43 - Redisson 3.32.0
2026-09-02 11:46:44,698 [main] INFO  [org.apache.catalina.core.StandardService] DirectJDKLog.java:173 - Stopping service [Tomcat]
2026-09-02 11:46:46,094 [main] INFO  [com.ehowes.admin.AdminApplication] StartupInfoLogger.java:50 - Starting AdminApplication v1.0.0 using Java 21.0.11 with PID 7 (/opt/apps/ehox-wes-encrypted.jar started by root in /opt/apps)
2026-09-02 11:46:46,097 [main] INFO  [com.ehowes.admin.AdminApplication] SpringApplication.java:660 - The following 1 profile is active: "prod-ehox"
2026-09-02 11:46:48,684 [main] INFO  [org.apache.coyote.http11.Http11NioProtocol] DirectJDKLog.java:173 - Initializing ProtocolHandler ["http-nio-8092"]
2026-09-02 11:46:48,685 [main] INFO  [org.apache.catalina.core.StandardService] DirectJDKLog.java:173 - Starting service [Tomcat]
2026-09-02 11:46:48,685 [main] INFO  [org.apache.catalina.core.StandardEngine] DirectJDKLog.java:173 - Starting Servlet engine: [Apache Tomcat/10.1.24]
2026-09-02 11:46:48,712 [main] INFO  [o.a.c.c.ContainerBase.[Tomcat].[localhost].[/api]] DirectJDKLog.java:173 - Initializing Spring embedded WebApplicationContext
2026-09-02 11:46:49,098 [main] INFO  [com.ehowes.redis.RedissonAutoConfiguration] RedissonAutoConfiguration.java:130 - 初始化 Redisson 配置
2026-09-02 11:46:49,170 [main] INFO  [org.redisson.Version] Version.java:43 - Redisson 3.32.0
2026-09-02 11:47:35,871 [main] INFO  [org.apache.catalina.core.StandardService] DirectJDKLog.java:173 - Stopping service [Tomcat]
2026-09-02 11:47:37,332 [main] INFO  [com.ehowes.admin.AdminApplication] StartupInfoLogger.java:50 - Starting AdminApplication v1.0.0 using Java 21.0.11 with PID 7 (/opt/apps/ehox-wes-encrypted.jar started by root in /opt/apps)
2026-09-02 11:47:37,335 [main] INFO  [com.ehowes.admin.AdminApplication] SpringApplication.java:660 - The following 1 profile is active: "prod-ehox"
2026-09-02 11:47:40,099 [main] INFO  [org.apache.coyote.http11.Http11NioProtocol] DirectJDKLog.java:173 - Initializing ProtocolHandler ["http-nio-8092"]
2026-09-02 11:47:40,100 [main] INFO  [org.apache.catalina.core.StandardService] DirectJDKLog.java:173 - Starting service [Tomcat]
2026-09-02 11:47:40,100 [main] INFO  [org.apache.catalina.core.StandardEngine] DirectJDKLog.java:173 - Starting Servlet engine: [Apache Tomcat/10.1.24]
2026-09-02 11:47:40,129 [main] INFO  [o.a.c.c.ContainerBase.[Tomcat].[localhost].[/api]] DirectJDKLog.java:173 - Initializing Spring embedded WebApplicationContext
2026-09-02 11:47:40,530 [main] INFO  [com.ehowes.redis.RedissonAutoConfiguration] RedissonAutoConfiguration.java:130 - 初始化 Redisson 配置
2026-09-02 11:47:40,610 [main] INFO  [org.redisson.Version] Version.java:43 - Redisson 3.32.0
2026-09-02 11:48:27,322 [main] INFO  [org.apache.catalina.core.StandardService] DirectJDKLog.java:173 - Stopping service [Tomcat]
2026-09-02 11:48:28,682 [main] INFO  [com.ehowes.admin.AdminApplication] StartupInfoLogger.java:50 - Starting AdminApplication v1.0.0 using Java 21.0.11 with PID 7 (/opt/apps/ehox-wes-encrypted.jar started by root in /opt/apps)
2026-09-02 11:48:28,686 [main] INFO  [com.ehowes.admin.AdminApplication] SpringApplication.java:660 - The following 1 profile is active: "prod-ehox"
2026-09-02 11:48:31,366 [main] INFO  [org.apache.coyote.http11.Http11NioProtocol] DirectJDKLog.java:173 - Initializing ProtocolHandler ["http-nio-8092"]
2026-09-02 11:48:31,367 [main] INFO  [org.apache.catalina.core.StandardService] DirectJDKLog.java:173 - Starting service [Tomcat]
2026-09-02 11:48:31,368 [main] INFO  [org.apache.catalina.core.StandardEngine] DirectJDKLog.java:173 - Starting Servlet engine: [Apache Tomcat/10.1.24]
2026-09-02 11:48:31,425 [main] INFO  [o.a.c.c.ContainerBase.[Tomcat].[localhost].[/api]] DirectJDKLog.java:173 - Initializing Spring embedded WebApplicationContext
2026-09-02 11:48:31,817 [main] INFO  [com.ehowes.redis.RedissonAutoConfiguration] RedissonAutoConfiguration.java:130 - 初始化 Redisson 配置
2026-09-02 11:48:31,893 [main] INFO  [org.redisson.Version] Version.java:43 - Redisson 3.32.0
2026-09-02 11:49:18,626 [main] INFO  [org.apache.catalina.core.StandardService] DirectJDKLog.java:173 - Stopping service [Tomcat]
2026-09-02 11:49:20,140 [main] INFO  [com.ehowes.admin.AdminApplication] StartupInfoLogger.java:50 - Starting AdminApplication v1.0.0 using Java 21.0.11 with PID 7 (/opt/apps/ehox-wes-encrypted.jar started by root in /opt/apps)
2026-09-02 11:49:20,143 [main] INFO  [com.ehowes.admin.AdminApplication] SpringApplication.java:660 - The following 1 profile is active: "prod-ehox"
2026-09-02 11:49:22,780 [main] INFO  [org.apache.coyote.http11.Http11NioProtocol] DirectJDKLog.java:173 - Initializing ProtocolHandler ["http-nio-8092"]
2026-09-02 11:49:22,782 [main] INFO  [org.apache.catalina.core.StandardService] DirectJDKLog.java:173 - Starting service [Tomcat]
2026-09-02 11:49:22,782 [main] INFO  [org.apache.catalina.core.StandardEngine] DirectJDKLog.java:173 - Starting Servlet engine: [Apache Tomcat/10.1.24]
2026-09-02 11:49:22,814 [main] INFO  [o.a.c.c.ContainerBase.[Tomcat].[localhost].[/api]] DirectJDKLog.java:173 - Initializing Spring embedded WebApplicationContext
2026-09-02 11:49:23,218 [main] INFO  [com.ehowes.redis.RedissonAutoConfiguration] RedissonAutoConfiguration.java:130 - 初始化 Redisson 配置
2026-09-02 11:49:23,291 [main] INFO  [org.redisson.Version] Version.java:43 - Redisson 3.32.0
2026-09-02 11:50:10,003 [main] INFO  [org.apache.catalina.core.StandardService] DirectJDKLog.java:173 - Stopping service [Tomcat]
2026-09-02 11:50:11,450 [main] INFO  [com.ehowes.admin.AdminApplication] StartupInfoLogger.java:50 - Starting AdminApplication v1.0.0 using Java 21.0.11 with PID 7 (/opt/apps/ehox-wes-encrypted.jar started by root in /opt/apps)
2026-09-02 11:50:11,453 [main] INFO  [com.ehowes.admin.AdminApplication] SpringApplication.java:660 - The following 1 profile is active: "prod-ehox"
2026-09-02 11:50:14,159 [main] INFO  [org.apache.coyote.http11.Http11NioProtocol] DirectJDKLog.java:173 - Initializing ProtocolHandler ["http-nio-8092"]
2026-09-02 11:50:14,160 [main] INFO  [org.apache.catalina.core.StandardService] DirectJDKLog.java:173 - Starting service [Tomcat]
2026-09-02 11:50:14,160 [main] INFO  [org.apache.catalina.core.StandardEngine] DirectJDKLog.java:173 - Starting Servlet engine: [Apache Tomcat/10.1.24]
2026-09-02 11:50:14,182 [main] INFO  [o.a.c.c.ContainerBase.[Tomcat].[localhost].[/api]] DirectJDKLog.java:173 - Initializing Spring embedded WebApplicationContext
2026-09-02 11:50:14,508 [main] INFO  [com.ehowes.redis.RedissonAutoConfiguration] RedissonAutoConfiguration.java:130 - 初始化 Redisson 配置
2026-09-02 11:50:14,585 [main] INFO  [org.redisson.Version] Version.java:43 - Redisson 3.32.0
2026-09-02 11:51:01,304 [main] INFO  [org.apache.catalina.core.StandardService] DirectJDKLog.java:173 - Stopping service [Tomcat]
2026-09-02 11:51:02,875 [main] INFO  [com.ehowes.admin.AdminApplication] StartupInfoLogger.java:50 - Starting AdminApplication v1.0.0 using Java 21.0.11 with PID 7 (/opt/apps/ehox-wes-encrypted.jar started by root in /opt/apps)
2026-09-02 11:51:02,879 [main] INFO  [com.ehowes.admin.AdminApplication] SpringApplication.java:660 - The following 1 profile is active: "prod-ehox"
2026-09-02 11:51:05,568 [main] INFO  [org.apache.coyote.http11.Http11NioProtocol] DirectJDKLog.java:173 - Initializing ProtocolHandler ["http-nio-8092"]
2026-09-02 11:51:05,569 [main] INFO  [org.apache.catalina.core.StandardService] DirectJDKLog.java:173 - Starting service [Tomcat]
2026-09-02 11:51:05,569 [main] INFO  [org.apache.catalina.core.StandardEngine] DirectJDKLog.java:173 - Starting Servlet engine: [Apache Tomcat/10.1.24]
2026-09-02 11:51:05,596 [main] INFO  [o.a.c.c.ContainerBase.[Tomcat].[localhost].[/api]] DirectJDKLog.java:173 - Initializing Spring embedded WebApplicationContext
2026-09-02 11:51:06,031 [main] INFO  [com.ehowes.redis.RedissonAutoConfiguration] RedissonAutoConfiguration.java:130 - 初始化 Redisson 配置
2026-09-02 11:51:06,110 [main] INFO  [org.redisson.Version] Version.java:43 - Redisson 3.32.0
2026-09-02 11:51:52,815 [main] INFO  [org.apache.catalina.core.StandardService] DirectJDKLog.java:173 - Stopping service [Tomcat]
2026-09-02 11:51:54,250 [main] INFO  [com.ehowes.admin.AdminApplication] StartupInfoLogger.java:50 - Starting AdminApplication v1.0.0 using Java 21.0.11 with PID 7 (/opt/apps/ehox-wes-encrypted.jar started by root in /opt/apps)
2026-09-02 11:51:54,253 [main] INFO  [com.ehowes.admin.AdminApplication] SpringApplication.java:660 - The following 1 profile is active: "prod-ehox"
2026-09-02 11:51:57,007 [main] INFO  [org.apache.coyote.http11.Http11NioProtocol] DirectJDKLog.java:173 - Initializing ProtocolHandler ["http-nio-8092"]
2026-09-02 11:51:57,008 [main] INFO  [org.apache.catalina.core.StandardService] DirectJDKLog.java:173 - Starting service [Tomcat]
2026-09-02 11:51:57,009 [main] INFO  [org.apache.catalina.core.StandardEngine] DirectJDKLog.java:173 - Starting Servlet engine: [Apache Tomcat/10.1.24]
2026-09-02 11:51:57,029 [main] INFO  [o.a.c.c.ContainerBase.[Tomcat].[localhost].[/api]] DirectJDKLog.java:173 - Initializing Spring embedded WebApplicationContext
2026-09-02 11:51:57,358 [main] INFO  [com.ehowes.redis.RedissonAutoConfiguration] RedissonAutoConfiguration.java:130 - 初始化 Redisson 配置
2026-09-02 11:51:57,430 [main] INFO  [org.redisson.Version] Version.java:43 - Redisson 3.32.0
2026-09-02 11:52:44,124 [main] INFO  [org.apache.catalina.core.StandardService] DirectJDKLog.java:173 - Stopping service [Tomcat]
2026-09-02 11:52:45,637 [main] INFO  [com.ehowes.admin.AdminApplication] StartupInfoLogger.java:50 - Starting AdminApplication v1.0.0 using Java 21.0.11 with PID 7 (/opt/apps/ehox-wes-encrypted.jar started by root in /opt/apps)
2026-09-02 11:52:45,641 [main] INFO  [com.ehowes.admin.AdminApplication] SpringApplication.java:660 - The following 1 profile is active: "prod-ehox"
2026-09-02 11:52:48,507 [main] INFO  [org.apache.coyote.http11.Http11NioProtocol] DirectJDKLog.java:173 - Initializing ProtocolHandler ["http-nio-8092"]
2026-09-02 11:52:48,508 [main] INFO  [org.apache.catalina.core.StandardService] DirectJDKLog.java:173 - Starting service [Tomcat]
2026-09-02 11:52:48,508 [main] INFO  [org.apache.catalina.core.StandardEngine] DirectJDKLog.java:173 - Starting Servlet engine: [Apache Tomcat/10.1.24]
2026-09-02 11:52:48,561 [main] INFO  [o.a.c.c.ContainerBase.[Tomcat].[localhost].[/api]] DirectJDKLog.java:173 - Initializing Spring embedded WebApplicationContext
2026-09-02 11:52:48,945 [main] INFO  [com.ehowes.redis.RedissonAutoConfiguration] RedissonAutoConfiguration.java:130 - 初始化 Redisson 配置
2026-09-02 11:52:49,022 [main] INFO  [org.redisson.Version] Version.java:43 - Redisson 3.32.0
2026-09-02 11:53:35,742 [main] INFO  [org.apache.catalina.core.StandardService] DirectJDKLog.java:173 - Stopping service [Tomcat]
2026-09-02 11:53:37,184 [main] INFO  [com.ehowes.admin.AdminApplication] StartupInfoLogger.java:50 - Starting AdminApplication v1.0.0 using Java 21.0.11 with PID 7 (/opt/apps/ehox-wes-encrypted.jar started by root in /opt/apps)
2026-09-02 11:53:37,187 [main] INFO  [com.ehowes.admin.AdminApplication] SpringApplication.java:660 - The following 1 profile is active: "prod-ehox"
2026-09-02 11:53:39,873 [main] INFO  [org.apache.coyote.http11.Http11NioProtocol] DirectJDKLog.java:173 - Initializing ProtocolHandler ["http-nio-8092"]
2026-09-02 11:53:39,875 [main] INFO  [org.apache.catalina.core.StandardService] DirectJDKLog.java:173 - Starting service [Tomcat]
2026-09-02 11:53:39,875 [main] INFO  [org.apache.catalina.core.StandardEngine] DirectJDKLog.java:173 - Starting Servlet engine: [Apache Tomcat/10.1.24]
2026-09-02 11:53:39,895 [main] INFO  [o.a.c.c.ContainerBase.[Tomcat].[localhost].[/api]] DirectJDKLog.java:173 - Initializing Spring embedded WebApplicationContext
2026-09-02 11:53:40,209 [main] INFO  [com.ehowes.redis.RedissonAutoConfiguration] RedissonAutoConfiguration.java:130 - 初始化 Redisson 配置
2026-09-02 11:53:40,282 [main] INFO  [org.redisson.Version] Version.java:43 - Redisson 3.32.0
2026-09-02 11:54:26,990 [main] INFO  [org.apache.catalina.core.StandardService] DirectJDKLog.java:173 - Stopping service [Tomcat]
2026-09-02 11:54:29,416 [main] INFO  [com.ehowes.admin.AdminApplication] StartupInfoLogger.java:50 - Starting AdminApplication v1.0.0 using Java 21.0.11 with PID 7 (/opt/apps/ehox-wes-encrypted.jar started by root in /opt/apps)
2026-09-02 11:54:29,420 [main] INFO  [com.ehowes.admin.AdminApplication] SpringApplication.java:660 - The following 1 profile is active: "prod-ehox"
2026-09-02 11:54:32,286 [main] INFO  [org.apache.coyote.http11.Http11NioProtocol] DirectJDKLog.java:173 - Initializing ProtocolHandler ["http-nio-8092"]
2026-09-02 11:54:32,287 [main] INFO  [org.apache.catalina.core.StandardService] DirectJDKLog.java:173 - Starting service [Tomcat]
2026-09-02 11:54:32,288 [main] INFO  [org.apache.catalina.core.StandardEngine] DirectJDKLog.java:173 - Starting Servlet engine: [Apache Tomcat/10.1.24]
2026-09-02 11:54:32,310 [main] INFO  [o.a.c.c.ContainerBase.[Tomcat].[localhost].[/api]] DirectJDKLog.java:173 - Initializing Spring embedded WebApplicationContext
2026-09-02 11:54:32,633 [main] INFO  [com.ehowes.redis.RedissonAutoConfiguration] RedissonAutoConfiguration.java:130 - 初始化 Redisson 配置
2026-09-02 11:54:32,709 [main] INFO  [org.redisson.Version] Version.java:43 - Redisson 3.32.0
2026-09-02 11:55:19,419 [main] INFO  [org.apache.catalina.core.StandardService] DirectJDKLog.java:173 - Stopping service [Tomcat]
2026-09-02 11:55:20,824 [main] INFO  [com.ehowes.admin.AdminApplication] StartupInfoLogger.java:50 - Starting AdminApplication v1.0.0 using Java 21.0.11 with PID 7 (/opt/apps/ehox-wes-encrypted.jar started by root in /opt/apps)
2026-09-02 11:55:20,827 [main] INFO  [com.ehowes.admin.AdminApplication] SpringApplication.java:660 - The following 1 profile is active: "prod-ehox"
2026-09-02 11:55:23,554 [main] INFO  [org.apache.coyote.http11.Http11NioProtocol] DirectJDKLog.java:173 - Initializing ProtocolHandler ["http-nio-8092"]
2026-09-02 11:55:23,556 [main] INFO  [org.apache.catalina.core.StandardService] DirectJDKLog.java:173 - Starting service [Tomcat]
2026-09-02 11:55:23,556 [main] INFO  [org.apache.catalina.core.StandardEngine] DirectJDKLog.java:173 - Starting Servlet engine: [Apache Tomcat/10.1.24]
2026-09-02 11:55:23,603 [main] INFO  [o.a.c.c.ContainerBase.[Tomcat].[localhost].[/api]] DirectJDKLog.java:173 - Initializing Spring embedded WebApplicationContext
2026-09-02 11:55:23,946 [main] INFO  [com.ehowes.redis.RedissonAutoConfiguration] RedissonAutoConfiguration.java:130 - 初始化 Redisson 配置
2026-09-02 11:55:24,022 [main] INFO  [org.redisson.Version] Version.java:43 - Redisson 3.32.0
2026-09-02 11:56:10,731 [main] INFO  [org.apache.catalina.core.StandardService] DirectJDKLog.java:173 - Stopping service [Tomcat]
2026-09-02 11:56:12,167 [main] INFO  [com.ehowes.admin.AdminApplication] StartupInfoLogger.java:50 - Starting AdminApplication v1.0.0 using Java 21.0.11 with PID 7 (/opt/apps/ehox-wes-encrypted.jar started by root in /opt/apps)
2026-09-02 11:56:12,170 [main] INFO  [com.ehowes.admin.AdminApplication] SpringApplication.java:660 - The following 1 profile is active: "prod-ehox"
2026-09-02 11:56:15,059 [main] INFO  [org.apache.coyote.http11.Http11NioProtocol] DirectJDKLog.java:173 - Initializing ProtocolHandler ["http-nio-8092"]
2026-09-02 11:56:15,060 [main] INFO  [org.apache.catalina.core.StandardService] DirectJDKLog.java:173 - Starting service [Tomcat]
2026-09-02 11:56:15,060 [main] INFO  [org.apache.catalina.core.StandardEngine] DirectJDKLog.java:173 - Starting Servlet engine: [Apache Tomcat/10.1.24]
2026-09-02 11:56:15,083 [main] INFO  [o.a.c.c.ContainerBase.[Tomcat].[localhost].[/api]] DirectJDKLog.java:173 - Initializing Spring embedded WebApplicationContext
2026-09-02 11:56:15,447 [main] INFO  [com.ehowes.redis.RedissonAutoConfiguration] RedissonAutoConfiguration.java:130 - 初始化 Redisson 配置
2026-09-02 11:56:15,526 [main] INFO  [org.redisson.Version] Version.java:43 - Redisson 3.32.0
2026-09-02 11:57:02,221 [main] INFO  [org.apache.catalina.core.StandardService] DirectJDKLog.java:173 - Stopping service [Tomcat]
2026-09-02 11:57:03,661 [main] INFO  [com.ehowes.admin.AdminApplication] StartupInfoLogger.java:50 - Starting AdminApplication v1.0.0 using Java 21.0.11 with PID 7 (/opt/apps/ehox-wes-encrypted.jar started by root in /opt/apps)
2026-09-02 11:57:03,664 [main] INFO  [com.ehowes.admin.AdminApplication] SpringApplication.java:660 - The following 1 profile is active: "prod-ehox"
2026-09-02 11:57:06,384 [main] INFO  [org.apache.coyote.http11.Http11NioProtocol] DirectJDKLog.java:173 - Initializing ProtocolHandler ["http-nio-8092"]
2026-09-02 11:57:06,385 [main] INFO  [org.apache.catalina.core.StandardService] DirectJDKLog.java:173 - Starting service [Tomcat]
2026-09-02 11:57:06,385 [main] INFO  [org.apache.catalina.core.StandardEngine] DirectJDKLog.java:173 - Starting Servlet engine: [Apache Tomcat/10.1.24]
2026-09-02 11:57:06,407 [main] INFO  [o.a.c.c.ContainerBase.[Tomcat].[localhost].[/api]] DirectJDKLog.java:173 - Initializing Spring embedded WebApplicationContext
2026-09-02 11:57:06,737 [main] INFO  [com.ehowes.redis.RedissonAutoConfiguration] RedissonAutoConfiguration.java:130 - 初始化 Redisson 配置
2026-09-02 11:57:06,813 [main] INFO  [org.redisson.Version] Version.java:43 - Redisson 3.32.0
2026-09-02 11:57:53,529 [main] INFO  [org.apache.catalina.core.StandardService] DirectJDKLog.java:173 - Stopping service [Tomcat]
2026-09-02 11:57:55,856 [main] INFO  [com.ehowes.admin.AdminApplication] StartupInfoLogger.java:50 - Starting AdminApplication v1.0.0 using Java 21.0.11 with PID 7 (/opt/apps/ehox-wes-encrypted.jar started by root in /opt/apps)
2026-09-02 11:57:55,860 [main] INFO  [com.ehowes.admin.AdminApplication] SpringApplication.java:660 - The following 1 profile is active: "prod-ehox"
2026-09-02 11:57:58,685 [main] INFO  [org.apache.coyote.http11.Http11NioProtocol] DirectJDKLog.java:173 - Initializing ProtocolHandler ["http-nio-8092"]
2026-09-02 11:57:58,687 [main] INFO  [org.apache.catalina.core.StandardService] DirectJDKLog.java:173 - Starting service [Tomcat]
2026-09-02 11:57:58,687 [main] INFO  [org.apache.catalina.core.StandardEngine] DirectJDKLog.java:173 - Starting Servlet engine: [Apache Tomcat/10.1.24]
2026-09-02 11:57:58,715 [main] INFO  [o.a.c.c.ContainerBase.[Tomcat].[localhost].[/api]] DirectJDKLog.java:173 - Initializing Spring embedded WebApplicationContext
2026-09-02 11:57:59,172 [main] INFO  [com.ehowes.redis.RedissonAutoConfiguration] RedissonAutoConfiguration.java:130 - 初始化 Redisson 配置
2026-09-02 11:57:59,252 [main] INFO  [org.redisson.Version] Version.java:43 - Redisson 3.32.0
2026-09-02 11:58:45,991 [main] INFO  [org.apache.catalina.core.StandardService] DirectJDKLog.java:173 - Stopping service [Tomcat]
2026-09-02 11:58:48,258 [main] INFO  [com.ehowes.admin.AdminApplication] StartupInfoLogger.java:50 - Starting AdminApplication v1.0.0 using Java 21.0.11 with PID 7 (/opt/apps/ehox-wes-encrypted.jar started by root in /opt/apps)
2026-09-02 11:58:48,262 [main] INFO  [com.ehowes.admin.AdminApplication] SpringApplication.java:660 - The following 1 profile is active: "prod-ehox"
2026-09-02 11:58:50,925 [main] INFO  [org.apache.coyote.http11.Http11NioProtocol] DirectJDKLog.java:173 - Initializing ProtocolHandler ["http-nio-8092"]
2026-09-02 11:58:50,928 [main] INFO  [org.apache.catalina.core.StandardService] DirectJDKLog.java:173 - Starting service [Tomcat]
2026-09-02 11:58:50,928 [main] INFO  [org.apache.catalina.core.StandardEngine] DirectJDKLog.java:173 - Starting Servlet engine: [Apache Tomcat/10.1.24]
2026-09-02 11:58:50,953 [main] INFO  [o.a.c.c.ContainerBase.[Tomcat].[localhost].[/api]] DirectJDKLog.java:173 - Initializing Spring embedded WebApplicationContext
2026-09-02 11:58:51,312 [main] INFO  [com.ehowes.redis.RedissonAutoConfiguration] RedissonAutoConfiguration.java:130 - 初始化 Redisson 配置
2026-09-02 11:58:51,384 [main] INFO  [org.redisson.Version] Version.java:43 - Redisson 3.32.0
2026-09-02 11:59:38,111 [main] INFO  [org.apache.catalina.core.StandardService] DirectJDKLog.java:173 - Stopping service [Tomcat]
2026-09-02 11:59:40,480 [main] INFO  [com.ehowes.admin.AdminApplication] StartupInfoLogger.java:50 - Starting AdminApplication v1.0.0 using Java 21.0.11 with PID 7 (/opt/apps/ehox-wes-encrypted.jar started by root in /opt/apps)
2026-09-02 11:59:40,485 [main] INFO  [com.ehowes.admin.AdminApplication] SpringApplication.java:660 - The following 1 profile is active: "prod-ehox"
2026-09-02 11:59:43,397 [main] INFO  [org.apache.coyote.http11.Http11NioProtocol] DirectJDKLog.java:173 - Initializing ProtocolHandler ["http-nio-8092"]
2026-09-02 11:59:43,398 [main] INFO  [org.apache.catalina.core.StandardService] DirectJDKLog.java:173 - Starting service [Tomcat]
2026-09-02 11:59:43,398 [main] INFO  [org.apache.catalina.core.StandardEngine] DirectJDKLog.java:173 - Starting Servlet engine: [Apache Tomcat/10.1.24]
2026-09-02 11:59:43,422 [main] INFO  [o.a.c.c.ContainerBase.[Tomcat].[localhost].[/api]] DirectJDKLog.java:173 - Initializing Spring embedded WebApplicationContext
2026-09-02 11:59:43,767 [main] INFO  [com.ehowes.redis.RedissonAutoConfiguration] RedissonAutoConfiguration.java:130 - 初始化 Redisson 配置
2026-09-02 11:59:43,847 [main] INFO  [org.redisson.Version] Version.java:43 - Redisson 3.32.0
2026-09-02 12:00:30,557 [main] INFO  [org.apache.catalina.core.StandardService] DirectJDKLog.java:173 - Stopping service [Tomcat]
2026-09-02 12:00:31,955 [main] INFO  [com.ehowes.admin.AdminApplication] StartupInfoLogger.java:50 - Starting AdminApplication v1.0.0 using Java 21.0.11 with PID 7 (/opt/apps/ehox-wes-encrypted.jar started by root in /opt/apps)
2026-09-02 12:00:31,958 [main] INFO  [com.ehowes.admin.AdminApplication] SpringApplication.java:660 - The following 1 profile is active: "prod-ehox"
2026-09-02 12:00:34,629 [main] INFO  [org.apache.coyote.http11.Http11NioProtocol] DirectJDKLog.java:173 - Initializing ProtocolHandler ["http-nio-8092"]
2026-09-02 12:00:34,630 [main] INFO  [org.apache.catalina.core.StandardService] DirectJDKLog.java:173 - Starting service [Tomcat]
2026-09-02 12:00:34,630 [main] INFO  [org.apache.catalina.core.StandardEngine] DirectJDKLog.java:173 - Starting Servlet engine: [Apache Tomcat/10.1.24]
2026-09-02 12:00:34,653 [main] INFO  [o.a.c.c.ContainerBase.[Tomcat].[localhost].[/api]] DirectJDKLog.java:173 - Initializing Spring embedded WebApplicationContext
2026-09-02 12:00:35,000 [main] INFO  [com.ehowes.redis.RedissonAutoConfiguration] RedissonAutoConfiguration.java:130 - 初始化 Redisson 配置
2026-09-02 12:00:35,078 [main] INFO  [org.redisson.Version] Version.java:43 - Redisson 3.32.0
2026-09-02 12:01:21,780 [main] INFO  [org.apache.catalina.core.StandardService] DirectJDKLog.java:173 - Stopping service [Tomcat]
2026-09-02 12:01:24,142 [main] INFO  [com.ehowes.admin.AdminApplication] StartupInfoLogger.java:50 - Starting AdminApplication v1.0.0 using Java 21.0.11 with PID 7 (/opt/apps/ehox-wes-encrypted.jar started by root in /opt/apps)
2026-09-02 12:01:24,147 [main] INFO  [com.ehowes.admin.AdminApplication] SpringApplication.java:660 - The following 1 profile is active: "prod-ehox"
2026-09-02 12:01:27,003 [main] INFO  [org.apache.coyote.http11.Http11NioProtocol] DirectJDKLog.java:173 - Initializing ProtocolHandler ["http-nio-8092"]
2026-09-02 12:01:27,004 [main] INFO  [org.apache.catalina.core.StandardService] DirectJDKLog.java:173 - Starting service [Tomcat]
2026-09-02 12:01:27,004 [main] INFO  [org.apache.catalina.core.StandardEngine] DirectJDKLog.java:173 - Starting Servlet engine: [Apache Tomcat/10.1.24]
2026-09-02 12:01:27,038 [main] INFO  [o.a.c.c.ContainerBase.[Tomcat].[localhost].[/api]] DirectJDKLog.java:173 - Initializing Spring embedded WebApplicationContext
2026-09-02 12:01:27,447 [main] INFO  [com.ehowes.redis.RedissonAutoConfiguration] RedissonAutoConfiguration.java:130 - 初始化 Redisson 配置
2026-09-02 12:01:27,527 [main] INFO  [org.redisson.Version] Version.java:43 - Redisson 3.32.0
2026-09-02 12:02:14,235 [main] INFO  [org.apache.catalina.core.StandardService] DirectJDKLog.java:173 - Stopping service [Tomcat]
2026-09-02 12:02:15,662 [main] INFO  [com.ehowes.admin.AdminApplication] StartupInfoLogger.java:50 - Starting AdminApplication v1.0.0 using Java 21.0.11 with PID 7 (/opt/apps/ehox-wes-encrypted.jar started by root in /opt/apps)
2026-09-02 12:02:15,666 [main] INFO  [com.ehowes.admin.AdminApplication] SpringApplication.java:660 - The following 1 profile is active: "prod-ehox"
2026-09-02 12:02:18,343 [main] INFO  [org.apache.coyote.http11.Http11NioProtocol] DirectJDKLog.java:173 - Initializing ProtocolHandler ["http-nio-8092"]
2026-09-02 12:02:18,344 [main] INFO  [org.apache.catalina.core.StandardService] DirectJDKLog.java:173 - Starting service [Tomcat]
2026-09-02 12:02:18,345 [main] INFO  [org.apache.catalina.core.StandardEngine] DirectJDKLog.java:173 - Starting Servlet engine: [Apache Tomcat/10.1.24]
2026-09-02 12:02:18,367 [main] INFO  [o.a.c.c.ContainerBase.[Tomcat].[localhost].[/api]] DirectJDKLog.java:173 - Initializing Spring embedded WebApplicationContext
2026-09-02 12:02:18,699 [main] INFO  [com.ehowes.redis.RedissonAutoConfiguration] RedissonAutoConfiguration.java:130 - 初始化 Redisson 配置
2026-09-02 12:02:18,774 [main] INFO  [org.redisson.Version] Version.java:43 - Redisson 3.32.0
2026-09-02 12:03:05,486 [main] INFO  [org.apache.catalina.core.StandardService] DirectJDKLog.java:173 - Stopping service [Tomcat]
2026-09-02 12:03:06,906 [main] INFO  [com.ehowes.admin.AdminApplication] StartupInfoLogger.java:50 - Starting AdminApplication v1.0.0 using Java 21.0.11 with PID 7 (/opt/apps/ehox-wes-encrypted.jar started by root in /opt/apps)
2026-09-02 12:03:06,909 [main] INFO  [com.ehowes.admin.AdminApplication] SpringApplication.java:660 - The following 1 profile is active: "prod-ehox"
2026-09-02 12:03:09,818 [main] INFO  [org.apache.coyote.http11.Http11NioProtocol] DirectJDKLog.java:173 - Initializing ProtocolHandler ["http-nio-8092"]
2026-09-02 12:03:09,819 [main] INFO  [org.apache.catalina.core.StandardService] DirectJDKLog.java:173 - Starting service [Tomcat]
2026-09-02 12:03:09,819 [main] INFO  [org.apache.catalina.core.StandardEngine] DirectJDKLog.java:173 - Starting Servlet engine: [Apache Tomcat/10.1.24]
2026-09-02 12:03:09,848 [main] INFO  [o.a.c.c.ContainerBase.[Tomcat].[localhost].[/api]] DirectJDKLog.java:173 - Initializing Spring embedded WebApplicationContext
2026-09-02 12:03:10,205 [main] INFO  [com.ehowes.redis.RedissonAutoConfiguration] RedissonAutoConfiguration.java:130 - 初始化 Redisson 配置
2026-09-02 12:03:10,286 [main] INFO  [org.redisson.Version] Version.java:43 - Redisson 3.32.0
2026-09-02 12:03:57,013 [main] INFO  [org.apache.catalina.core.StandardService] DirectJDKLog.java:173 - Stopping service [Tomcat]
2026-09-02 12:03:58,406 [main] INFO  [com.ehowes.admin.AdminApplication] StartupInfoLogger.java:50 - Starting AdminApplication v1.0.0 using Java 21.0.11 with PID 7 (/opt/apps/ehox-wes-encrypted.jar started by root in /opt/apps)
2026-09-02 12:03:58,409 [main] INFO  [com.ehowes.admin.AdminApplication] SpringApplication.java:660 - The following 1 profile is active: "prod-ehox"
2026-09-02 12:04:00,962 [main] INFO  [org.apache.coyote.http11.Http11NioProtocol] DirectJDKLog.java:173 - Initializing ProtocolHandler ["http-nio-8092"]
2026-09-02 12:04:00,964 [main] INFO  [org.apache.catalina.core.StandardService] DirectJDKLog.java:173 - Starting service [Tomcat]
2026-09-02 12:04:00,964 [main] INFO  [org.apache.catalina.core.StandardEngine] DirectJDKLog.java:173 - Starting Servlet engine: [Apache Tomcat/10.1.24]
2026-09-02 12:04:01,007 [main] INFO  [o.a.c.c.ContainerBase.[Tomcat].[localhost].[/api]] DirectJDKLog.java:173 - Initializing Spring embedded WebApplicationContext
2026-09-02 12:04:01,377 [main] INFO  [com.ehowes.redis.RedissonAutoConfiguration] RedissonAutoConfiguration.java:130 - 初始化 Redisson 配置
2026-09-02 12:04:01,451 [main] INFO  [org.redisson.Version] Version.java:43 - Redisson 3.32.0
2026-09-02 12:04:48,150 [main] INFO  [org.apache.catalina.core.StandardService] DirectJDKLog.java:173 - Stopping service [Tomcat]
2026-09-02 12:04:49,617 [main] INFO  [com.ehowes.admin.AdminApplication] StartupInfoLogger.java:50 - Starting AdminApplication v1.0.0 using Java 21.0.11 with PID 7 (/opt/apps/ehox-wes-encrypted.jar started by root in /opt/apps)
2026-09-02 12:04:49,620 [main] INFO  [com.ehowes.admin.AdminApplication] SpringApplication.java:660 - The following 1 profile is active: "prod-ehox"
2026-09-02 12:04:52,296 [main] INFO  [org.apache.coyote.http11.Http11NioProtocol] DirectJDKLog.java:173 - Initializing ProtocolHandler ["http-nio-8092"]
2026-09-02 12:04:52,298 [main] INFO  [org.apache.catalina.core.StandardService] DirectJDKLog.java:173 - Starting service [Tomcat]
2026-09-02 12:04:52,298 [main] INFO  [org.apache.catalina.core.StandardEngine] DirectJDKLog.java:173 - Starting Servlet engine: [Apache Tomcat/10.1.24]
2026-09-02 12:04:52,349 [main] INFO  [o.a.c.c.ContainerBase.[Tomcat].[localhost].[/api]] DirectJDKLog.java:173 - Initializing Spring embedded WebApplicationContext
2026-09-02 12:04:52,721 [main] INFO  [com.ehowes.redis.RedissonAutoConfiguration] RedissonAutoConfiguration.java:130 - 初始化 Redisson 配置
2026-09-02 12:04:52,800 [main] INFO  [org.redisson.Version] Version.java:43 - Redisson 3.32.0
2026-09-02 12:05:39,524 [main] INFO  [org.apache.catalina.core.StandardService] DirectJDKLog.java:173 - Stopping service [Tomcat]
2026-09-02 12:05:40,948 [main] INFO  [com.ehowes.admin.AdminApplication] StartupInfoLogger.java:50 - Starting AdminApplication v1.0.0 using Java 21.0.11 with PID 7 (/opt/apps/ehox-wes-encrypted.jar started by root in /opt/apps)
2026-09-02 12:05:40,952 [main] INFO  [com.ehowes.admin.AdminApplication] SpringApplication.java:660 - The following 1 profile is active: "prod-ehox"
2026-09-02 12:05:43,543 [main] INFO  [org.apache.coyote.http11.Http11NioProtocol] DirectJDKLog.java:173 - Initializing ProtocolHandler ["http-nio-8092"]
2026-09-02 12:05:43,544 [main] INFO  [org.apache.catalina.core.StandardService] DirectJDKLog.java:173 - Starting service [Tomcat]
2026-09-02 12:05:43,544 [main] INFO  [org.apache.catalina.core.StandardEngine] DirectJDKLog.java:173 - Starting Servlet engine: [Apache Tomcat/10.1.24]
2026-09-02 12:05:43,575 [main] INFO  [o.a.c.c.ContainerBase.[Tomcat].[localhost].[/api]] DirectJDKLog.java:173 - Initializing Spring embedded WebApplicationContext
2026-09-02 12:05:43,958 [main] INFO  [com.ehowes.redis.RedissonAutoConfiguration] RedissonAutoConfiguration.java:130 - 初始化 Redisson 配置
2026-09-02 12:05:44,038 [main] INFO  [org.redisson.Version] Version.java:43 - Redisson 3.32.0
2026-09-02 12:06:30,749 [main] INFO  [org.apache.catalina.core.StandardService] DirectJDKLog.java:173 - Stopping service [Tomcat]
2026-09-02 12:06:33,036 [main] INFO  [com.ehowes.admin.AdminApplication] StartupInfoLogger.java:50 - Starting AdminApplication v1.0.0 using Java 21.0.11 with PID 7 (/opt/apps/ehox-wes-encrypted.jar started by root in /opt/apps)
2026-09-02 12:06:33,041 [main] INFO  [com.ehowes.admin.AdminApplication] SpringApplication.java:660 - The following 1 profile is active: "prod-ehox"
2026-09-02 12:06:35,741 [main] INFO  [org.apache.coyote.http11.Http11NioProtocol] DirectJDKLog.java:173 - Initializing ProtocolHandler ["http-nio-8092"]
2026-09-02 12:06:35,742 [main] INFO  [org.apache.catalina.core.StandardService] DirectJDKLog.java:173 - Starting service [Tomcat]
2026-09-02 12:06:35,742 [main] INFO  [org.apache.catalina.core.StandardEngine] DirectJDKLog.java:173 - Starting Servlet engine: [Apache Tomcat/10.1.24]
2026-09-02 12:06:35,809 [main] INFO  [o.a.c.c.ContainerBase.[Tomcat].[localhost].[/api]] DirectJDKLog.java:173 - Initializing Spring embedded WebApplicationContext
2026-09-02 12:06:36,191 [main] INFO  [com.ehowes.redis.RedissonAutoConfiguration] RedissonAutoConfiguration.java:130 - 初始化 Redisson 配置
2026-09-02 12:06:36,274 [main] INFO  [org.redisson.Version] Version.java:43 - Redisson 3.32.0
2026-09-02 12:07:22,986 [main] INFO  [org.apache.catalina.core.StandardService] DirectJDKLog.java:173 - Stopping service [Tomcat]
2026-09-02 12:07:24,419 [main] INFO  [com.ehowes.admin.AdminApplication] StartupInfoLogger.java:50 - Starting AdminApplication v1.0.0 using Java 21.0.11 with PID 7 (/opt/apps/ehox-wes-encrypted.jar started by root in /opt/apps)
2026-09-02 12:07:24,422 [main] INFO  [com.ehowes.admin.AdminApplication] SpringApplication.java:660 - The following 1 profile is active: "prod-ehox"
2026-09-02 12:07:27,086 [main] INFO  [org.apache.coyote.http11.Http11NioProtocol] DirectJDKLog.java:173 - Initializing ProtocolHandler ["http-nio-8092"]
2026-09-02 12:07:27,088 [main] INFO  [org.apache.catalina.core.StandardService] DirectJDKLog.java:173 - Starting service [Tomcat]
2026-09-02 12:07:27,088 [main] INFO  [org.apache.catalina.core.StandardEngine] DirectJDKLog.java:173 - Starting Servlet engine: [Apache Tomcat/10.1.24]
2026-09-02 12:07:27,116 [main] INFO  [o.a.c.c.ContainerBase.[Tomcat].[localhost].[/api]] DirectJDKLog.java:173 - Initializing Spring embedded WebApplicationContext
2026-09-02 12:07:27,515 [main] INFO  [com.ehowes.redis.RedissonAutoConfiguration] RedissonAutoConfiguration.java:130 - 初始化 Redisson 配置
2026-09-02 12:07:27,595 [main] INFO  [org.redisson.Version] Version.java:43 - Redisson 3.32.0
2026-09-02 12:08:14,303 [main] INFO  [org.apache.catalina.core.StandardService] DirectJDKLog.java:173 - Stopping service [Tomcat]
2026-09-02 12:08:15,741 [main] INFO  [com.ehowes.admin.AdminApplication] StartupInfoLogger.java:50 - Starting AdminApplication v1.0.0 using Java 21.0.11 with PID 7 (/opt/apps/ehox-wes-encrypted.jar started by root in /opt/apps)
2026-09-02 12:08:15,744 [main] INFO  [com.ehowes.admin.AdminApplication] SpringApplication.java:660 - The following 1 profile is active: "prod-ehox"
2026-09-02 12:08:18,467 [main] INFO  [org.apache.coyote.http11.Http11NioProtocol] DirectJDKLog.java:173 - Initializing ProtocolHandler ["http-nio-8092"]
2026-09-02 12:08:18,469 [main] INFO  [org.apache.catalina.core.StandardService] DirectJDKLog.java:173 - Starting service [Tomcat]
2026-09-02 12:08:18,469 [main] INFO  [org.apache.catalina.core.StandardEngine] DirectJDKLog.java:173 - Starting Servlet engine: [Apache Tomcat/10.1.24]
2026-09-02 12:08:18,492 [main] INFO  [o.a.c.c.ContainerBase.[Tomcat].[localhost].[/api]] DirectJDKLog.java:173 - Initializing Spring embedded WebApplicationContext
2026-09-02 12:08:18,853 [main] INFO  [com.ehowes.redis.RedissonAutoConfiguration] RedissonAutoConfiguration.java:130 - 初始化 Redisson 配置
2026-09-02 12:08:18,926 [main] INFO  [org.redisson.Version] Version.java:43 - Redisson 3.32.0
2026-09-02 12:09:05,626 [main] INFO  [org.apache.catalina.core.StandardService] DirectJDKLog.java:173 - Stopping service [Tomcat]
2026-09-02 12:09:07,026 [main] INFO  [com.ehowes.admin.AdminApplication] StartupInfoLogger.java:50 - Starting AdminApplication v1.0.0 using Java 21.0.11 with PID 7 (/opt/apps/ehox-wes-encrypted.jar started by root in /opt/apps)
2026-09-02 12:09:07,029 [main] INFO  [com.ehowes.admin.AdminApplication] SpringApplication.java:660 - The following 1 profile is active: "prod-ehox"
2026-09-02 12:09:09,668 [main] INFO  [org.apache.coyote.http11.Http11NioProtocol] DirectJDKLog.java:173 - Initializing ProtocolHandler ["http-nio-8092"]
2026-09-02 12:09:09,670 [main] INFO  [org.apache.catalina.core.StandardService] DirectJDKLog.java:173 - Starting service [Tomcat]
2026-09-02 12:09:09,670 [main] INFO  [org.apache.catalina.core.StandardEngine] DirectJDKLog.java:173 - Starting Servlet engine: [Apache Tomcat/10.1.24]
2026-09-02 12:09:09,691 [main] INFO  [o.a.c.c.ContainerBase.[Tomcat].[localhost].[/api]] DirectJDKLog.java:173 - Initializing Spring embedded WebApplicationContext
2026-09-02 12:09:10,051 [main] INFO  [com.ehowes.redis.RedissonAutoConfiguration] RedissonAutoConfiguration.java:130 - 初始化 Redisson 配置
2026-09-02 12:09:10,124 [main] INFO  [org.redisson.Version] Version.java:43 - Redisson 3.32.0
2026-09-02 12:09:56,832 [main] INFO  [org.apache.catalina.core.StandardService] DirectJDKLog.java:173 - Stopping service [Tomcat]
2026-09-02 12:09:59,113 [main] INFO  [com.ehowes.admin.AdminApplication] StartupInfoLogger.java:50 - Starting AdminApplication v1.0.0 using Java 21.0.11 with PID 7 (/opt/apps/ehox-wes-encrypted.jar started by root in /opt/apps)
2026-09-02 12:09:59,117 [main] INFO  [com.ehowes.admin.AdminApplication] SpringApplication.java:660 - The following 1 profile is active: "prod-ehox"
2026-09-02 12:10:01,712 [main] INFO  [org.apache.coyote.http11.Http11NioProtocol] DirectJDKLog.java:173 - Initializing ProtocolHandler ["http-nio-8092"]
2026-09-02 12:10:01,713 [main] INFO  [org.apache.catalina.core.StandardService] DirectJDKLog.java:173 - Starting service [Tomcat]
2026-09-02 12:10:01,713 [main] INFO  [org.apache.catalina.core.StandardEngine] DirectJDKLog.java:173 - Starting Servlet engine: [Apache Tomcat/10.1.24]
2026-09-02 12:10:01,733 [main] INFO  [o.a.c.c.ContainerBase.[Tomcat].[localhost].[/api]] DirectJDKLog.java:173 - Initializing Spring embedded WebApplicationContext
2026-09-02 12:10:02,053 [main] INFO  [com.ehowes.redis.RedissonAutoConfiguration] RedissonAutoConfiguration.java:130 - 初始化 Redisson 配置
2026-09-02 12:10:02,133 [main] INFO  [org.redisson.Version] Version.java:43 - Redisson 3.32.0
2026-09-02 12:10:48,857 [main] INFO  [org.apache.catalina.core.StandardService] DirectJDKLog.java:173 - Stopping service [Tomcat]
2026-09-02 12:10:51,145 [main] INFO  [com.ehowes.admin.AdminApplication] StartupInfoLogger.java:50 - Starting AdminApplication v1.0.0 using Java 21.0.11 with PID 7 (/opt/apps/ehox-wes-encrypted.jar started by root in /opt/apps)
2026-09-02 12:10:51,147 [main] INFO  [com.ehowes.admin.AdminApplication] SpringApplication.java:660 - The following 1 profile is active: "prod-ehox"
2026-09-02 12:10:53,756 [main] INFO  [org.apache.coyote.http11.Http11NioProtocol] DirectJDKLog.java:173 - Initializing ProtocolHandler ["http-nio-8092"]
2026-09-02 12:10:53,757 [main] INFO  [org.apache.catalina.core.StandardService] DirectJDKLog.java:173 - Starting service [Tomcat]
2026-09-02 12:10:53,757 [main] INFO  [org.apache.catalina.core.StandardEngine] DirectJDKLog.java:173 - Starting Servlet engine: [Apache Tomcat/10.1.24]
2026-09-02 12:10:53,816 [main] INFO  [o.a.c.c.ContainerBase.[Tomcat].[localhost].[/api]] DirectJDKLog.java:173 - Initializing Spring embedded WebApplicationContext
2026-09-02 12:10:54,161 [main] INFO  [com.ehowes.redis.RedissonAutoConfiguration] RedissonAutoConfiguration.java:130 - 初始化 Redisson 配置
2026-09-02 12:10:54,237 [main] INFO  [org.redisson.Version] Version.java:43 - Redisson 3.32.0
2026-09-02 12:11:40,949 [main] INFO  [org.apache.catalina.core.StandardService] DirectJDKLog.java:173 - Stopping service [Tomcat]
2026-09-02 12:11:42,367 [main] INFO  [com.ehowes.admin.AdminApplication] StartupInfoLogger.java:50 - Starting AdminApplication v1.0.0 using Java 21.0.11 with PID 8 (/opt/apps/ehox-wes-encrypted.jar started by root in /opt/apps)
2026-09-02 12:11:42,370 [main] INFO  [com.ehowes.admin.AdminApplication] SpringApplication.java:660 - The following 1 profile is active: "prod-ehox"
2026-09-02 12:11:44,972 [main] INFO  [org.apache.coyote.http11.Http11NioProtocol] DirectJDKLog.java:173 - Initializing ProtocolHandler ["http-nio-8092"]
2026-09-02 12:11:44,974 [main] INFO  [org.apache.catalina.core.StandardService] DirectJDKLog.java:173 - Starting service [Tomcat]
2026-09-02 12:11:44,974 [main] INFO  [org.apache.catalina.core.StandardEngine] DirectJDKLog.java:173 - Starting Servlet engine: [Apache Tomcat/10.1.24]
2026-09-02 12:11:44,995 [main] INFO  [o.a.c.c.ContainerBase.[Tomcat].[localhost].[/api]] DirectJDKLog.java:173 - Initializing Spring embedded WebApplicationContext
2026-09-02 12:11:45,358 [main] INFO  [com.ehowes.redis.RedissonAutoConfiguration] RedissonAutoConfiguration.java:130 - 初始化 Redisson 配置
2026-09-02 12:11:45,436 [main] INFO  [org.redisson.Version] Version.java:43 - Redisson 3.32.0
2026-09-02 12:12:32,163 [main] INFO  [org.apache.catalina.core.StandardService] DirectJDKLog.java:173 - Stopping service [Tomcat]
2026-09-02 12:12:34,503 [main] INFO  [com.ehowes.admin.AdminApplication] StartupInfoLogger.java:50 - Starting AdminApplication v1.0.0 using Java 21.0.11 with PID 7 (/opt/apps/ehox-wes-encrypted.jar started by root in /opt/apps)
2026-09-02 12:12:34,506 [main] INFO  [com.ehowes.admin.AdminApplication] SpringApplication.java:660 - The following 1 profile is active: "prod-ehox"
2026-09-02 12:12:37,199 [main] INFO  [org.apache.coyote.http11.Http11NioProtocol] DirectJDKLog.java:173 - Initializing ProtocolHandler ["http-nio-8092"]
2026-09-02 12:12:37,213 [main] INFO  [org.apache.catalina.core.StandardService] DirectJDKLog.java:173 - Starting service [Tomcat]
2026-09-02 12:12:37,213 [main] INFO  [org.apache.catalina.core.StandardEngine] DirectJDKLog.java:173 - Starting Servlet engine: [Apache Tomcat/10.1.24]
2026-09-02 12:12:37,236 [main] INFO  [o.a.c.c.ContainerBase.[Tomcat].[localhost].[/api]] DirectJDKLog.java:173 - Initializing Spring embedded WebApplicationContext
2026-09-02 12:12:37,569 [main] INFO  [com.ehowes.redis.RedissonAutoConfiguration] RedissonAutoConfiguration.java:130 - 初始化 Redisson 配置
2026-09-02 12:12:37,652 [main] INFO  [org.redisson.Version] Version.java:43 - Redisson 3.32.0
2026-09-02 12:13:24,354 [main] INFO  [org.apache.catalina.core.StandardService] DirectJDKLog.java:173 - Stopping service [Tomcat]
2026-09-02 12:13:25,883 [main] INFO  [com.ehowes.admin.AdminApplication] StartupInfoLogger.java:50 - Starting AdminApplication v1.0.0 using Java 21.0.11 with PID 7 (/opt/apps/ehox-wes-encrypted.jar started by root in /opt/apps)
2026-09-02 12:13:25,887 [main] INFO  [com.ehowes.admin.AdminApplication] SpringApplication.java:660 - The following 1 profile is active: "prod-ehox"
2026-09-02 12:13:28,652 [main] INFO  [org.apache.coyote.http11.Http11NioProtocol] DirectJDKLog.java:173 - Initializing ProtocolHandler ["http-nio-8092"]
2026-09-02 12:13:28,653 [main] INFO  [org.apache.catalina.core.StandardService] DirectJDKLog.java:173 - Starting service [Tomcat]
2026-09-02 12:13:28,653 [main] INFO  [org.apache.catalina.core.StandardEngine] DirectJDKLog.java:173 - Starting Servlet engine: [Apache Tomcat/10.1.24]
2026-09-02 12:13:28,681 [main] INFO  [o.a.c.c.ContainerBase.[Tomcat].[localhost].[/api]] DirectJDKLog.java:173 - Initializing Spring embedded WebApplicationContext
2026-09-02 12:13:29,076 [main] INFO  [com.ehowes.redis.RedissonAutoConfiguration] RedissonAutoConfiguration.java:130 - 初始化 Redisson 配置
2026-09-02 12:13:29,152 [main] INFO  [org.redisson.Version] Version.java:43 - Redisson 3.32.0
2026-09-02 12:14:15,856 [main] INFO  [org.apache.catalina.core.StandardService] DirectJDKLog.java:173 - Stopping service [Tomcat]
2026-09-02 12:14:17,270 [main] INFO  [com.ehowes.admin.AdminApplication] StartupInfoLogger.java:50 - Starting AdminApplication v1.0.0 using Java 21.0.11 with PID 7 (/opt/apps/ehox-wes-encrypted.jar started by root in /opt/apps)
2026-09-02 12:14:17,273 [main] INFO  [com.ehowes.admin.AdminApplication] SpringApplication.java:660 - The following 1 profile is active: "prod-ehox"
2026-09-02 12:14:19,833 [main] INFO  [org.apache.coyote.http11.Http11NioProtocol] DirectJDKLog.java:173 - Initializing ProtocolHandler ["http-nio-8092"]
2026-09-02 12:14:19,834 [main] INFO  [org.apache.catalina.core.StandardService] DirectJDKLog.java:173 - Starting service [Tomcat]
2026-09-02 12:14:19,834 [main] INFO  [org.apache.catalina.core.StandardEngine] DirectJDKLog.java:173 - Starting Servlet engine: [Apache Tomcat/10.1.24]
2026-09-02 12:14:19,862 [main] INFO  [o.a.c.c.ContainerBase.[Tomcat].[localhost].[/api]] DirectJDKLog.java:173 - Initializing Spring embedded WebApplicationContext
2026-09-02 12:14:20,255 [main] INFO  [com.ehowes.redis.RedissonAutoConfiguration] RedissonAutoConfiguration.java:130 - 初始化 Redisson 配置
2026-09-02 12:14:20,337 [main] INFO  [org.redisson.Version] Version.java:43 - Redisson 3.32.0
2026-09-02 12:15:00,090 [main] INFO  [org.apache.catalina.core.StandardService] DirectJDKLog.java:173 - Stopping service [Tomcat]
2026-09-02 12:15:01,562 [main] INFO  [com.ehowes.admin.AdminApplication] StartupInfoLogger.java:50 - Starting AdminApplication v1.0.0 using Java 21.0.11 with PID 7 (/opt/apps/ehox-wes-encrypted.jar started by root in /opt/apps)
2026-09-02 12:15:01,565 [main] INFO  [com.ehowes.admin.AdminApplication] SpringApplication.java:660 - The following 1 profile is active: "prod-ehox"
2026-09-02 12:15:04,284 [main] INFO  [org.apache.coyote.http11.Http11NioProtocol] DirectJDKLog.java:173 - Initializing ProtocolHandler ["http-nio-8092"]
2026-09-02 12:15:04,285 [main] INFO  [org.apache.catalina.core.StandardService] DirectJDKLog.java:173 - Starting service [Tomcat]
2026-09-02 12:15:04,285 [main] INFO  [org.apache.catalina.core.StandardEngine] DirectJDKLog.java:173 - Starting Servlet engine: [Apache Tomcat/10.1.24]
2026-09-02 12:15:04,308 [main] INFO  [o.a.c.c.ContainerBase.[Tomcat].[localhost].[/api]] DirectJDKLog.java:173 - Initializing Spring embedded WebApplicationContext
2026-09-02 12:15:04,648 [main] INFO  [com.ehowes.redis.RedissonAutoConfiguration] RedissonAutoConfiguration.java:130 - 初始化 Redisson 配置
2026-09-02 12:15:04,730 [main] INFO  [org.redisson.Version] Version.java:43 - Redisson 3.32.0
2026-09-02 12:15:51,449 [main] INFO  [org.apache.catalina.core.StandardService] DirectJDKLog.java:173 - Stopping service [Tomcat]
2026-09-02 12:15:53,755 [main] INFO  [com.ehowes.admin.AdminApplication] StartupInfoLogger.java:50 - Starting AdminApplication v1.0.0 using Java 21.0.11 with PID 7 (/opt/apps/ehox-wes-encrypted.jar started by root in /opt/apps)
2026-09-02 12:15:53,767 [main] INFO  [com.ehowes.admin.AdminApplication] SpringApplication.java:660 - The following 1 profile is active: "prod-ehox"
2026-09-02 12:15:56,505 [main] INFO  [org.apache.coyote.http11.Http11NioProtocol] DirectJDKLog.java:173 - Initializing ProtocolHandler ["http-nio-8092"]
2026-09-02 12:15:56,506 [main] INFO  [org.apache.catalina.core.StandardService] DirectJDKLog.java:173 - Starting service [Tomcat]
2026-09-02 12:15:56,506 [main] INFO  [org.apache.catalina.core.StandardEngine] DirectJDKLog.java:173 - Starting Servlet engine: [Apache Tomcat/10.1.24]
2026-09-02 12:15:56,530 [main] INFO  [o.a.c.c.ContainerBase.[Tomcat].[localhost].[/api]] DirectJDKLog.java:173 - Initializing Spring embedded WebApplicationContext
2026-09-02 12:15:56,871 [main] INFO  [com.ehowes.redis.RedissonAutoConfiguration] RedissonAutoConfiguration.java:130 - 初始化 Redisson 配置
2026-09-02 12:15:56,944 [main] INFO  [org.redisson.Version] Version.java:43 - Redisson 3.32.0
2026-09-02 12:16:43,670 [main] INFO  [org.apache.catalina.core.StandardService] DirectJDKLog.java:173 - Stopping service [Tomcat]
2026-09-02 12:16:45,972 [main] INFO  [com.ehowes.admin.AdminApplication] StartupInfoLogger.java:50 - Starting AdminApplication v1.0.0 using Java 21.0.11 with PID 7 (/opt/apps/ehox-wes-encrypted.jar started by root in /opt/apps)
2026-09-02 12:16:45,976 [main] INFO  [com.ehowes.admin.AdminApplication] SpringApplication.java:660 - The following 1 profile is active: "prod-ehox"
2026-09-02 12:16:48,700 [main] INFO  [org.apache.coyote.http11.Http11NioProtocol] DirectJDKLog.java:173 - Initializing ProtocolHandler ["http-nio-8092"]
2026-09-02 12:16:48,701 [main] INFO  [org.apache.catalina.core.StandardService] DirectJDKLog.java:173 - Starting service [Tomcat]
2026-09-02 12:16:48,701 [main] INFO  [org.apache.catalina.core.StandardEngine] DirectJDKLog.java:173 - Starting Servlet engine: [Apache Tomcat/10.1.24]
2026-09-02 12:16:48,722 [main] INFO  [o.a.c.c.ContainerBase.[Tomcat].[localhost].[/api]] DirectJDKLog.java:173 - Initializing Spring embedded WebApplicationContext
2026-09-02 12:16:49,080 [main] INFO  [com.ehowes.redis.RedissonAutoConfiguration] RedissonAutoConfiguration.java:130 - 初始化 Redisson 配置
2026-09-02 12:16:49,154 [main] INFO  [org.redisson.Version] Version.java:43 - Redisson 3.32.0
2026-09-02 12:17:35,861 [main] INFO  [org.apache.catalina.core.StandardService] DirectJDKLog.java:173 - Stopping service [Tomcat]
2026-09-02 12:17:38,138 [main] INFO  [com.ehowes.admin.AdminApplication] StartupInfoLogger.java:50 - Starting AdminApplication v1.0.0 using Java 21.0.11 with PID 7 (/opt/apps/ehox-wes-encrypted.jar started by root in /opt/apps)
2026-09-02 12:17:38,141 [main] INFO  [com.ehowes.admin.AdminApplication] SpringApplication.java:660 - The following 1 profile is active: "prod-ehox"
2026-09-02 12:17:40,722 [main] INFO  [org.apache.coyote.http11.Http11NioProtocol] DirectJDKLog.java:173 - Initializing ProtocolHandler ["http-nio-8092"]
2026-09-02 12:17:40,745 [main] INFO  [org.apache.catalina.core.StandardService] DirectJDKLog.java:173 - Starting service [Tomcat]
2026-09-02 12:17:40,746 [main] INFO  [org.apache.catalina.core.StandardEngine] DirectJDKLog.java:173 - Starting Servlet engine: [Apache Tomcat/10.1.24]
2026-09-02 12:17:40,773 [main] INFO  [o.a.c.c.ContainerBase.[Tomcat].[localhost].[/api]] DirectJDKLog.java:173 - Initializing Spring embedded WebApplicationContext
2026-09-02 12:17:41,152 [main] INFO  [com.ehowes.redis.RedissonAutoConfiguration] RedissonAutoConfiguration.java:130 - 初始化 Redisson 配置
2026-09-02 12:17:41,229 [main] INFO  [org.redisson.Version] Version.java:43 - Redisson 3.32.0
2026-09-02 12:18:27,934 [main] INFO  [org.apache.catalina.core.StandardService] DirectJDKLog.java:173 - Stopping service [Tomcat]
2026-09-02 12:18:29,338 [main] INFO  [com.ehowes.admin.AdminApplication] StartupInfoLogger.java:50 - Starting AdminApplication v1.0.0 using Java 21.0.11 with PID 7 (/opt/apps/ehox-wes-encrypted.jar started by root in /opt/apps)
2026-09-02 12:18:29,340 [main] INFO  [com.ehowes.admin.AdminApplication] SpringApplication.java:660 - The following 1 profile is active: "prod-ehox"
2026-09-02 12:18:31,878 [main] INFO  [org.apache.coyote.http11.Http11NioProtocol] DirectJDKLog.java:173 - Initializing ProtocolHandler ["http-nio-8092"]
2026-09-02 12:18:31,880 [main] INFO  [org.apache.catalina.core.StandardService] DirectJDKLog.java:173 - Starting service [Tomcat]
2026-09-02 12:18:31,880 [main] INFO  [org.apache.catalina.core.StandardEngine] DirectJDKLog.java:173 - Starting Servlet engine: [Apache Tomcat/10.1.24]
2026-09-02 12:18:31,925 [main] INFO  [o.a.c.c.ContainerBase.[Tomcat].[localhost].[/api]] DirectJDKLog.java:173 - Initializing Spring embedded WebApplicationContext
2026-09-02 12:18:32,287 [main] INFO  [com.ehowes.redis.RedissonAutoConfiguration] RedissonAutoConfiguration.java:130 - 初始化 Redisson 配置
2026-09-02 12:18:32,360 [main] INFO  [org.redisson.Version] Version.java:43 - Redisson 3.32.0
2026-09-02 12:19:19,078 [main] INFO  [org.apache.catalina.core.StandardService] DirectJDKLog.java:173 - Stopping service [Tomcat]
2026-09-02 12:19:20,466 [main] INFO  [com.ehowes.admin.AdminApplication] StartupInfoLogger.java:50 - Starting AdminApplication v1.0.0 using Java 21.0.11 with PID 7 (/opt/apps/ehox-wes-encrypted.jar started by root in /opt/apps)
2026-09-02 12:19:20,469 [main] INFO  [com.ehowes.admin.AdminApplication] SpringApplication.java:660 - The following 1 profile is active: "prod-ehox"
2026-09-02 12:19:23,140 [main] INFO  [org.apache.coyote.http11.Http11NioProtocol] DirectJDKLog.java:173 - Initializing ProtocolHandler ["http-nio-8092"]
2026-09-02 12:19:23,141 [main] INFO  [org.apache.catalina.core.StandardService] DirectJDKLog.java:173 - Starting service [Tomcat]
2026-09-02 12:19:23,141 [main] INFO  [org.apache.catalina.core.StandardEngine] DirectJDKLog.java:173 - Starting Servlet engine: [Apache Tomcat/10.1.24]
2026-09-02 12:19:23,168 [main] INFO  [o.a.c.c.ContainerBase.[Tomcat].[localhost].[/api]] DirectJDKLog.java:173 - Initializing Spring embedded WebApplicationContext
2026-09-02 12:19:23,552 [main] INFO  [com.ehowes.redis.RedissonAutoConfiguration] RedissonAutoConfiguration.java:130 - 初始化 Redisson 配置
2026-09-02 12:19:23,636 [main] INFO  [org.redisson.Version] Version.java:43 - Redisson 3.32.0
2026-09-02 12:20:10,370 [main] INFO  [org.apache.catalina.core.StandardService] DirectJDKLog.java:173 - Stopping service [Tomcat]
2026-09-02 12:20:11,799 [main] INFO  [com.ehowes.admin.AdminApplication] StartupInfoLogger.java:50 - Starting AdminApplication v1.0.0 using Java 21.0.11 with PID 7 (/opt/apps/ehox-wes-encrypted.jar started by root in /opt/apps)
2026-09-02 12:20:11,802 [main] INFO  [com.ehowes.admin.AdminApplication] SpringApplication.java:660 - The following 1 profile is active: "prod-ehox"
2026-09-02 12:20:14,402 [main] INFO  [org.apache.coyote.http11.Http11NioProtocol] DirectJDKLog.java:173 - Initializing ProtocolHandler ["http-nio-8092"]
2026-09-02 12:20:14,403 [main] INFO  [org.apache.catalina.core.StandardService] DirectJDKLog.java:173 - Starting service [Tomcat]
2026-09-02 12:20:14,403 [main] INFO  [org.apache.catalina.core.StandardEngine] DirectJDKLog.java:173 - Starting Servlet engine: [Apache Tomcat/10.1.24]
2026-09-02 12:20:14,423 [main] INFO  [o.a.c.c.ContainerBase.[Tomcat].[localhost].[/api]] DirectJDKLog.java:173 - Initializing Spring embedded WebApplicationContext
2026-09-02 12:20:14,760 [main] INFO  [com.ehowes.redis.RedissonAutoConfiguration] RedissonAutoConfiguration.java:130 - 初始化 Redisson 配置
2026-09-02 12:20:14,832 [main] INFO  [org.redisson.Version] Version.java:43 - Redisson 3.32.0
2026-09-02 12:21:01,539 [main] INFO  [org.apache.catalina.core.StandardService] DirectJDKLog.java:173 - Stopping service [Tomcat]
2026-09-02 12:21:03,839 [main] INFO  [com.ehowes.admin.AdminApplication] StartupInfoLogger.java:50 - Starting AdminApplication v1.0.0 using Java 21.0.11 with PID 7 (/opt/apps/ehox-wes-encrypted.jar started by root in /opt/apps)
2026-09-02 12:21:03,843 [main] INFO  [com.ehowes.admin.AdminApplication] SpringApplication.java:660 - The following 1 profile is active: "prod-ehox"
2026-09-02 12:21:06,437 [main] INFO  [org.apache.coyote.http11.Http11NioProtocol] DirectJDKLog.java:173 - Initializing ProtocolHandler ["http-nio-8092"]
2026-09-02 12:21:06,438 [main] INFO  [org.apache.catalina.core.StandardService] DirectJDKLog.java:173 - Starting service [Tomcat]
2026-09-02 12:21:06,438 [main] INFO  [org.apache.catalina.core.StandardEngine] DirectJDKLog.java:173 - Starting Servlet engine: [Apache Tomcat/10.1.24]
2026-09-02 12:21:06,459 [main] INFO  [o.a.c.c.ContainerBase.[Tomcat].[localhost].[/api]] DirectJDKLog.java:173 - Initializing Spring embedded WebApplicationContext
2026-09-02 12:21:06,769 [main] INFO  [com.ehowes.redis.RedissonAutoConfiguration] RedissonAutoConfiguration.java:130 - 初始化 Redisson 配置
2026-09-02 12:21:06,847 [main] INFO  [org.redisson.Version] Version.java:43 - Redisson 3.32.0
2026-09-02 12:21:53,546 [main] INFO  [org.apache.catalina.core.StandardService] DirectJDKLog.java:173 - Stopping service [Tomcat]
2026-09-02 12:21:55,896 [main] INFO  [com.ehowes.admin.AdminApplication] StartupInfoLogger.java:50 - Starting AdminApplication v1.0.0 using Java 21.0.11 with PID 7 (/opt/apps/ehox-wes-encrypted.jar started by root in /opt/apps)
2026-09-02 12:21:55,899 [main] INFO  [com.ehowes.admin.AdminApplication] SpringApplication.java:660 - The following 1 profile is active: "prod-ehox"
2026-09-02 12:21:58,553 [main] INFO  [org.apache.coyote.http11.Http11NioProtocol] DirectJDKLog.java:173 - Initializing ProtocolHandler ["http-nio-8092"]
2026-09-02 12:21:58,555 [main] INFO  [org.apache.catalina.core.StandardService] DirectJDKLog.java:173 - Starting service [Tomcat]
2026-09-02 12:21:58,555 [main] INFO  [org.apache.catalina.core.StandardEngine] DirectJDKLog.java:173 - Starting Servlet engine: [Apache Tomcat/10.1.24]
2026-09-02 12:21:58,582 [main] INFO  [o.a.c.c.ContainerBase.[Tomcat].[localhost].[/api]] DirectJDKLog.java:173 - Initializing Spring embedded WebApplicationContext
2026-09-02 12:21:59,046 [main] INFO  [com.ehowes.redis.RedissonAutoConfiguration] RedissonAutoConfiguration.java:130 - 初始化 Redisson 配置
2026-09-02 12:21:59,128 [main] INFO  [org.redisson.Version] Version.java:43 - Redisson 3.32.0
2026-09-02 12:22:38,917 [main] INFO  [org.apache.catalina.core.StandardService] DirectJDKLog.java:173 - Stopping service [Tomcat]
2026-09-02 12:22:40,362 [main] INFO  [com.ehowes.admin.AdminApplication] StartupInfoLogger.java:50 - Starting AdminApplication v1.0.0 using Java 21.0.11 with PID 7 (/opt/apps/ehox-wes-encrypted.jar started by root in /opt/apps)
2026-09-02 12:22:40,366 [main] INFO  [com.ehowes.admin.AdminApplication] SpringApplication.java:660 - The following 1 profile is active: "prod-ehox"
2026-09-02 12:22:43,225 [main] INFO  [org.apache.coyote.http11.Http11NioProtocol] DirectJDKLog.java:173 - Initializing ProtocolHandler ["http-nio-8092"]
2026-09-02 12:22:43,227 [main] INFO  [org.apache.catalina.core.StandardService] DirectJDKLog.java:173 - Starting service [Tomcat]
2026-09-02 12:22:43,227 [main] INFO  [org.apache.catalina.core.StandardEngine] DirectJDKLog.java:173 - Starting Servlet engine: [Apache Tomcat/10.1.24]
2026-09-02 12:22:43,269 [main] INFO  [o.a.c.c.ContainerBase.[Tomcat].[localhost].[/api]] DirectJDKLog.java:173 - Initializing Spring embedded WebApplicationContext
2026-09-02 12:22:43,643 [main] INFO  [com.ehowes.redis.RedissonAutoConfiguration] RedissonAutoConfiguration.java:130 - 初始化 Redisson 配置
2026-09-02 12:22:43,725 [main] INFO  [org.redisson.Version] Version.java:43 - Redisson 3.32.0
2026-09-02 12:23:20,445 [main] INFO  [org.apache.catalina.core.StandardService] DirectJDKLog.java:173 - Stopping service [Tomcat]
2026-09-02 12:23:21,838 [main] INFO  [com.ehowes.admin.AdminApplication] StartupInfoLogger.java:50 - Starting AdminApplication v1.0.0 using Java 21.0.11 with PID 7 (/opt/apps/ehox-wes-encrypted.jar started by root in /opt/apps)
2026-09-02 12:23:21,841 [main] INFO  [com.ehowes.admin.AdminApplication] SpringApplication.java:660 - The following 1 profile is active: "prod-ehox"
2026-09-02 12:23:24,393 [main] INFO  [org.apache.coyote.http11.Http11NioProtocol] DirectJDKLog.java:173 - Initializing ProtocolHandler ["http-nio-8092"]
2026-09-02 12:23:24,395 [main] INFO  [org.apache.catalina.core.StandardService] DirectJDKLog.java:173 - Starting service [Tomcat]
2026-09-02 12:23:24,395 [main] INFO  [org.apache.catalina.core.StandardEngine] DirectJDKLog.java:173 - Starting Servlet engine: [Apache Tomcat/10.1.24]
2026-09-02 12:23:24,437 [main] INFO  [o.a.c.c.ContainerBase.[Tomcat].[localhost].[/api]] DirectJDKLog.java:173 - Initializing Spring embedded WebApplicationContext
2026-09-02 12:23:24,798 [main] INFO  [com.ehowes.redis.RedissonAutoConfiguration] RedissonAutoConfiguration.java:130 - 初始化 Redisson 配置
2026-09-02 12:23:24,874 [main] INFO  [org.redisson.Version] Version.java:43 - Redisson 3.32.0
2026-09-02 12:24:11,576 [main] INFO  [org.apache.catalina.core.StandardService] DirectJDKLog.java:173 - Stopping service [Tomcat]
2026-09-02 12:24:12,960 [main] INFO  [com.ehowes.admin.AdminApplication] StartupInfoLogger.java:50 - Starting AdminApplication v1.0.0 using Java 21.0.11 with PID 7 (/opt/apps/ehox-wes-encrypted.jar started by root in /opt/apps)
2026-09-02 12:24:12,964 [main] INFO  [com.ehowes.admin.AdminApplication] SpringApplication.java:660 - The following 1 profile is active: "prod-ehox"
2026-09-02 12:24:15,561 [main] INFO  [org.apache.coyote.http11.Http11NioProtocol] DirectJDKLog.java:173 - Initializing ProtocolHandler ["http-nio-8092"]
2026-09-02 12:24:15,562 [main] INFO  [org.apache.catalina.core.StandardService] DirectJDKLog.java:173 - Starting service [Tomcat]
2026-09-02 12:24:15,562 [main] INFO  [org.apache.catalina.core.StandardEngine] DirectJDKLog.java:173 - Starting Servlet engine: [Apache Tomcat/10.1.24]
2026-09-02 12:24:15,588 [main] INFO  [o.a.c.c.ContainerBase.[Tomcat].[localhost].[/api]] DirectJDKLog.java:173 - Initializing Spring embedded WebApplicationContext
2026-09-02 12:24:15,969 [main] INFO  [com.ehowes.redis.RedissonAutoConfiguration] RedissonAutoConfiguration.java:130 - 初始化 Redisson 配置
2026-09-02 12:24:16,042 [main] INFO  [org.redisson.Version] Version.java:43 - Redisson 3.32.0
2026-09-02 12:25:02,744 [main] INFO  [org.apache.catalina.core.StandardService] DirectJDKLog.java:173 - Stopping service [Tomcat]
2026-09-02 12:25:04,219 [main] INFO  [com.ehowes.admin.AdminApplication] StartupInfoLogger.java:50 - Starting AdminApplication v1.0.0 using Java 21.0.11 with PID 7 (/opt/apps/ehox-wes-encrypted.jar started by root in /opt/apps)
2026-09-02 12:25:04,222 [main] INFO  [com.ehowes.admin.AdminApplication] SpringApplication.java:660 - The following 1 profile is active: "prod-ehox"
2026-09-02 12:25:06,839 [main] INFO  [org.apache.coyote.http11.Http11NioProtocol] DirectJDKLog.java:173 - Initializing ProtocolHandler ["http-nio-8092"]
2026-09-02 12:25:06,841 [main] INFO  [org.apache.catalina.core.StandardService] DirectJDKLog.java:173 - Starting service [Tomcat]
2026-09-02 12:25:06,841 [main] INFO  [org.apache.catalina.core.StandardEngine] DirectJDKLog.java:173 - Starting Servlet engine: [Apache Tomcat/10.1.24]
2026-09-02 12:25:06,863 [main] INFO  [o.a.c.c.ContainerBase.[Tomcat].[localhost].[/api]] DirectJDKLog.java:173 - Initializing Spring embedded WebApplicationContext
2026-09-02 12:25:07,221 [main] INFO  [com.ehowes.redis.RedissonAutoConfiguration] RedissonAutoConfiguration.java:130 - 初始化 Redisson 配置
2026-09-02 12:25:07,294 [main] INFO  [org.redisson.Version] Version.java:43 - Redisson 3.32.0
2026-09-02 12:25:53,995 [main] INFO  [org.apache.catalina.core.StandardService] DirectJDKLog.java:173 - Stopping service [Tomcat]
2026-09-02 12:25:55,458 [main] INFO  [com.ehowes.admin.AdminApplication] StartupInfoLogger.java:50 - Starting AdminApplication v1.0.0 using Java 21.0.11 with PID 7 (/opt/apps/ehox-wes-encrypted.jar started by root in /opt/apps)
2026-09-02 12:25:55,462 [main] INFO  [com.ehowes.admin.AdminApplication] SpringApplication.java:660 - The following 1 profile is active: "prod-ehox"
2026-09-02 12:25:58,203 [main] INFO  [org.apache.coyote.http11.Http11NioProtocol] DirectJDKLog.java:173 - Initializing ProtocolHandler ["http-nio-8092"]
2026-09-02 12:25:58,205 [main] INFO  [org.apache.catalina.core.StandardService] DirectJDKLog.java:173 - Starting service [Tomcat]
2026-09-02 12:25:58,205 [main] INFO  [org.apache.catalina.core.StandardEngine] DirectJDKLog.java:173 - Starting Servlet engine: [Apache Tomcat/10.1.24]
2026-09-02 12:25:58,232 [main] INFO  [o.a.c.c.ContainerBase.[Tomcat].[localhost].[/api]] DirectJDKLog.java:173 - Initializing Spring embedded WebApplicationContext
2026-09-02 12:25:58,656 [main] INFO  [com.ehowes.redis.RedissonAutoConfiguration] RedissonAutoConfiguration.java:130 - 初始化 Redisson 配置
2026-09-02 12:25:58,735 [main] INFO  [org.redisson.Version] Version.java:43 - Redisson 3.32.0
2026-09-02 12:26:45,455 [main] INFO  [org.apache.catalina.core.StandardService] DirectJDKLog.java:173 - Stopping service [Tomcat]
2026-09-02 12:26:47,750 [main] INFO  [com.ehowes.admin.AdminApplication] StartupInfoLogger.java:50 - Starting AdminApplication v1.0.0 using Java 21.0.11 with PID 7 (/opt/apps/ehox-wes-encrypted.jar started by root in /opt/apps)
2026-09-02 12:26:47,754 [main] INFO  [com.ehowes.admin.AdminApplication] SpringApplication.java:660 - The following 1 profile is active: "prod-ehox"
2026-09-02 12:26:50,288 [main] INFO  [org.apache.coyote.http11.Http11NioProtocol] DirectJDKLog.java:173 - Initializing ProtocolHandler ["http-nio-8092"]
2026-09-02 12:26:50,289 [main] INFO  [org.apache.catalina.core.StandardService] DirectJDKLog.java:173 - Starting service [Tomcat]
2026-09-02 12:26:50,289 [main] INFO  [org.apache.catalina.core.StandardEngine] DirectJDKLog.java:173 - Starting Servlet engine: [Apache Tomcat/10.1.24]
2026-09-02 12:26:50,317 [main] INFO  [o.a.c.c.ContainerBase.[Tomcat].[localhost].[/api]] DirectJDKLog.java:173 - Initializing Spring embedded WebApplicationContext
2026-09-02 12:26:50,702 [main] INFO  [com.ehowes.redis.RedissonAutoConfiguration] RedissonAutoConfiguration.java:130 - 初始化 Redisson 配置
2026-09-02 12:26:50,779 [main] INFO  [org.redisson.Version] Version.java:43 - Redisson 3.32.0
2026-09-02 12:27:37,482 [main] INFO  [org.apache.catalina.core.StandardService] DirectJDKLog.java:173 - Stopping service [Tomcat]
2026-09-02 12:27:38,906 [main] INFO  [com.ehowes.admin.AdminApplication] StartupInfoLogger.java:50 - Starting AdminApplication v1.0.0 using Java 21.0.11 with PID 7 (/opt/apps/ehox-wes-encrypted.jar started by root in /opt/apps)
2026-09-02 12:27:38,909 [main] INFO  [com.ehowes.admin.AdminApplication] SpringApplication.java:660 - The following 1 profile is active: "prod-ehox"
2026-09-02 12:27:41,479 [main] INFO  [org.apache.coyote.http11.Http11NioProtocol] DirectJDKLog.java:173 - Initializing ProtocolHandler ["http-nio-8092"]
2026-09-02 12:27:41,480 [main] INFO  [org.apache.catalina.core.StandardService] DirectJDKLog.java:173 - Starting service [Tomcat]
2026-09-02 12:27:41,480 [main] INFO  [org.apache.catalina.core.StandardEngine] DirectJDKLog.java:173 - Starting Servlet engine: [Apache Tomcat/10.1.24]
2026-09-02 12:27:41,501 [main] INFO  [o.a.c.c.ContainerBase.[Tomcat].[localhost].[/api]] DirectJDKLog.java:173 - Initializing Spring embedded WebApplicationContext
2026-09-02 12:27:41,840 [main] INFO  [com.ehowes.redis.RedissonAutoConfiguration] RedissonAutoConfiguration.java:130 - 初始化 Redisson 配置
2026-09-02 12:27:41,918 [main] INFO  [org.redisson.Version] Version.java:43 - Redisson 3.32.0
2026-09-02 12:28:28,619 [main] INFO  [org.apache.catalina.core.StandardService] DirectJDKLog.java:173 - Stopping service [Tomcat]
2026-09-02 12:28:30,013 [main] INFO  [com.ehowes.admin.AdminApplication] StartupInfoLogger.java:50 - Starting AdminApplication v1.0.0 using Java 21.0.11 with PID 7 (/opt/apps/ehox-wes-encrypted.jar started by root in /opt/apps)
2026-09-02 12:28:30,016 [main] INFO  [com.ehowes.admin.AdminApplication] SpringApplication.java:660 - The following 1 profile is active: "prod-ehox"
2026-09-02 12:28:32,577 [main] INFO  [org.apache.coyote.http11.Http11NioProtocol] DirectJDKLog.java:173 - Initializing ProtocolHandler ["http-nio-8092"]
2026-09-02 12:28:32,578 [main] INFO  [org.apache.catalina.core.StandardService] DirectJDKLog.java:173 - Starting service [Tomcat]
2026-09-02 12:28:32,578 [main] INFO  [org.apache.catalina.core.StandardEngine] DirectJDKLog.java:173 - Starting Servlet engine: [Apache Tomcat/10.1.24]
2026-09-02 12:28:32,604 [main] INFO  [o.a.c.c.ContainerBase.[Tomcat].[localhost].[/api]] DirectJDKLog.java:173 - Initializing Spring embedded WebApplicationContext
2026-09-02 12:28:32,989 [main] INFO  [com.ehowes.redis.RedissonAutoConfiguration] RedissonAutoConfiguration.java:130 - 初始化 Redisson 配置
2026-09-02 12:28:33,068 [main] INFO  [org.redisson.Version] Version.java:43 - Redisson 3.32.0
2026-09-02 12:29:19,777 [main] INFO  [org.apache.catalina.core.StandardService] DirectJDKLog.java:173 - Stopping service [Tomcat]
2026-09-02 12:29:21,256 [main] INFO  [com.ehowes.admin.AdminApplication] StartupInfoLogger.java:50 - Starting AdminApplication v1.0.0 using Java 21.0.11 with PID 7 (/opt/apps/ehox-wes-encrypted.jar started by root in /opt/apps)
2026-09-02 12:29:21,258 [main] INFO  [com.ehowes.admin.AdminApplication] SpringApplication.java:660 - The following 1 profile is active: "prod-ehox"
2026-09-02 12:29:23,863 [main] INFO  [org.apache.coyote.http11.Http11NioProtocol] DirectJDKLog.java:173 - Initializing ProtocolHandler ["http-nio-8092"]
2026-09-02 12:29:23,865 [main] INFO  [org.apache.catalina.core.StandardService] DirectJDKLog.java:173 - Starting service [Tomcat]
2026-09-02 12:29:23,865 [main] INFO  [org.apache.catalina.core.StandardEngine] DirectJDKLog.java:173 - Starting Servlet engine: [Apache Tomcat/10.1.24]
2026-09-02 12:29:23,892 [main] INFO  [o.a.c.c.ContainerBase.[Tomcat].[localhost].[/api]] DirectJDKLog.java:173 - Initializing Spring embedded WebApplicationContext
2026-09-02 12:29:24,363 [main] INFO  [com.ehowes.redis.RedissonAutoConfiguration] RedissonAutoConfiguration.java:130 - 初始化 Redisson 配置
2026-09-02 12:29:24,444 [main] INFO  [org.redisson.Version] Version.java:43 - Redisson 3.32.0
2026-09-02 12:30:11,153 [main] INFO  [org.apache.catalina.core.StandardService] DirectJDKLog.java:173 - Stopping service [Tomcat]
2026-09-02 12:30:12,581 [main] INFO  [com.ehowes.admin.AdminApplication] StartupInfoLogger.java:50 - Starting AdminApplication v1.0.0 using Java 21.0.11 with PID 7 (/opt/apps/ehox-wes-encrypted.jar started by root in /opt/apps)
2026-09-02 12:30:12,585 [main] INFO  [com.ehowes.admin.AdminApplication] SpringApplication.java:660 - The following 1 profile is active: "prod-ehox"
2026-09-02 12:30:15,267 [main] INFO  [org.apache.coyote.http11.Http11NioProtocol] DirectJDKLog.java:173 - Initializing ProtocolHandler ["http-nio-8092"]
2026-09-02 12:30:15,269 [main] INFO  [org.apache.catalina.core.StandardService] DirectJDKLog.java:173 - Starting service [Tomcat]
2026-09-02 12:30:15,269 [main] INFO  [org.apache.catalina.core.StandardEngine] DirectJDKLog.java:173 - Starting Servlet engine: [Apache Tomcat/10.1.24]
2026-09-02 12:30:15,295 [main] INFO  [o.a.c.c.ContainerBase.[Tomcat].[localhost].[/api]] DirectJDKLog.java:173 - Initializing Spring embedded WebApplicationContext
2026-09-02 12:30:15,671 [main] INFO  [com.ehowes.redis.RedissonAutoConfiguration] RedissonAutoConfiguration.java:130 - 初始化 Redisson 配置
2026-09-02 12:30:15,747 [main] INFO  [org.redisson.Version] Version.java:43 - Redisson 3.32.0
2026-09-02 12:31:02,466 [main] INFO  [org.apache.catalina.core.StandardService] DirectJDKLog.java:173 - Stopping service [Tomcat]
2026-09-02 12:31:03,981 [main] INFO  [com.ehowes.admin.AdminApplication] StartupInfoLogger.java:50 - Starting AdminApplication v1.0.0 using Java 21.0.11 with PID 7 (/opt/apps/ehox-wes-encrypted.jar started by root in /opt/apps)
2026-09-02 12:31:03,985 [main] INFO  [com.ehowes.admin.AdminApplication] SpringApplication.java:660 - The following 1 profile is active: "prod-ehox"
2026-09-02 12:31:06,885 [main] INFO  [org.apache.coyote.http11.Http11NioProtocol] DirectJDKLog.java:173 - Initializing ProtocolHandler ["http-nio-8092"]
2026-09-02 12:31:06,886 [main] INFO  [org.apache.catalina.core.StandardService] DirectJDKLog.java:173 - Starting service [Tomcat]
2026-09-02 12:31:06,886 [main] INFO  [org.apache.catalina.core.StandardEngine] DirectJDKLog.java:173 - Starting Servlet engine: [Apache Tomcat/10.1.24]
2026-09-02 12:31:06,952 [main] INFO  [o.a.c.c.ContainerBase.[Tomcat].[localhost].[/api]] DirectJDKLog.java:173 - Initializing Spring embedded WebApplicationContext
2026-09-02 12:31:07,347 [main] INFO  [com.ehowes.redis.RedissonAutoConfiguration] RedissonAutoConfiguration.java:130 - 初始化 Redisson 配置
2026-09-02 12:31:07,427 [main] INFO  [org.redisson.Version] Version.java:43 - Redisson 3.32.0
2026-09-02 12:31:54,140 [main] INFO  [org.apache.catalina.core.StandardService] DirectJDKLog.java:173 - Stopping service [Tomcat]
2026-09-02 12:31:56,404 [main] INFO  [com.ehowes.admin.AdminApplication] StartupInfoLogger.java:50 - Starting AdminApplication v1.0.0 using Java 21.0.11 with PID 7 (/opt/apps/ehox-wes-encrypted.jar started by root in /opt/apps)
2026-09-02 12:31:56,407 [main] INFO  [com.ehowes.admin.AdminApplication] SpringApplication.java:660 - The following 1 profile is active: "prod-ehox"
2026-09-02 12:31:58,960 [main] INFO  [org.apache.coyote.http11.Http11NioProtocol] DirectJDKLog.java:173 - Initializing ProtocolHandler ["http-nio-8092"]
2026-09-02 12:31:58,962 [main] INFO  [org.apache.catalina.core.StandardService] DirectJDKLog.java:173 - Starting service [Tomcat]
2026-09-02 12:31:58,962 [main] INFO  [org.apache.catalina.core.StandardEngine] DirectJDKLog.java:173 - Starting Servlet engine: [Apache Tomcat/10.1.24]
2026-09-02 12:31:58,988 [main] INFO  [o.a.c.c.ContainerBase.[Tomcat].[localhost].[/api]] DirectJDKLog.java:173 - Initializing Spring embedded WebApplicationContext
2026-09-02 12:31:59,369 [main] INFO  [com.ehowes.redis.RedissonAutoConfiguration] RedissonAutoConfiguration.java:130 - 初始化 Redisson 配置
2026-09-02 12:31:59,447 [main] INFO  [org.redisson.Version] Version.java:43 - Redisson 3.32.0
2026-09-02 12:32:46,145 [main] INFO  [org.apache.catalina.core.StandardService] DirectJDKLog.java:173 - Stopping service [Tomcat]
2026-09-02 12:32:47,589 [main] INFO  [com.ehowes.admin.AdminApplication] StartupInfoLogger.java:50 - Starting AdminApplication v1.0.0 using Java 21.0.11 with PID 7 (/opt/apps/ehox-wes-encrypted.jar started by root in /opt/apps)
2026-09-02 12:32:47,592 [main] INFO  [com.ehowes.admin.AdminApplication] SpringApplication.java:660 - The following 1 profile is active: "prod-ehox"
2026-09-02 12:32:50,239 [main] INFO  [org.apache.coyote.http11.Http11NioProtocol] DirectJDKLog.java:173 - Initializing ProtocolHandler ["http-nio-8092"]
2026-09-02 12:32:50,241 [main] INFO  [org.apache.catalina.core.StandardService] DirectJDKLog.java:173 - Starting service [Tomcat]
2026-09-02 12:32:50,241 [main] INFO  [org.apache.catalina.core.StandardEngine] DirectJDKLog.java:173 - Starting Servlet engine: [Apache Tomcat/10.1.24]
2026-09-02 12:32:50,261 [main] INFO  [o.a.c.c.ContainerBase.[Tomcat].[localhost].[/api]] DirectJDKLog.java:173 - Initializing Spring embedded WebApplicationContext
2026-09-02 12:32:50,609 [main] INFO  [com.ehowes.redis.RedissonAutoConfiguration] RedissonAutoConfiguration.java:130 - 初始化 Redisson 配置
2026-09-02 12:32:50,683 [main] INFO  [org.redisson.Version] Version.java:43 - Redisson 3.32.0
2026-09-02 12:33:37,396 [main] INFO  [org.apache.catalina.core.StandardService] DirectJDKLog.java:173 - Stopping service [Tomcat]
2026-09-02 12:33:38,897 [main] INFO  [com.ehowes.admin.AdminApplication] StartupInfoLogger.java:50 - Starting AdminApplication v1.0.0 using Java 21.0.11 with PID 7 (/opt/apps/ehox-wes-encrypted.jar started by root in /opt/apps)
2026-09-02 12:33:38,900 [main] INFO  [com.ehowes.admin.AdminApplication] SpringApplication.java:660 - The following 1 profile is active: "prod-ehox"
2026-09-02 12:33:41,588 [main] INFO  [org.apache.coyote.http11.Http11NioProtocol] DirectJDKLog.java:173 - Initializing ProtocolHandler ["http-nio-8092"]
2026-09-02 12:33:41,589 [main] INFO  [org.apache.catalina.core.StandardService] DirectJDKLog.java:173 - Starting service [Tomcat]
2026-09-02 12:33:41,589 [main] INFO  [org.apache.catalina.core.StandardEngine] DirectJDKLog.java:173 - Starting Servlet engine: [Apache Tomcat/10.1.24]
2026-09-02 12:33:41,610 [main] INFO  [o.a.c.c.ContainerBase.[Tomcat].[localhost].[/api]] DirectJDKLog.java:173 - Initializing Spring embedded WebApplicationContext
2026-09-02 12:33:41,937 [main] INFO  [com.ehowes.redis.RedissonAutoConfiguration] RedissonAutoConfiguration.java:130 - 初始化 Redisson 配置
2026-09-02 12:33:42,010 [main] INFO  [org.redisson.Version] Version.java:43 - Redisson 3.32.0
2026-09-02 12:34:28,738 [main] INFO  [org.apache.catalina.core.StandardService] DirectJDKLog.java:173 - Stopping service [Tomcat]
2026-09-02 12:34:31,045 [main] INFO  [com.ehowes.admin.AdminApplication] StartupInfoLogger.java:50 - Starting AdminApplication v1.0.0 using Java 21.0.11 with PID 7 (/opt/apps/ehox-wes-encrypted.jar started by root in /opt/apps)
2026-09-02 12:34:31,049 [main] INFO  [com.ehowes.admin.AdminApplication] SpringApplication.java:660 - The following 1 profile is active: "prod-ehox"
2026-09-02 12:34:33,725 [main] INFO  [org.apache.coyote.http11.Http11NioProtocol] DirectJDKLog.java:173 - Initializing ProtocolHandler ["http-nio-8092"]
2026-09-02 12:34:33,727 [main] INFO  [org.apache.catalina.core.StandardService] DirectJDKLog.java:173 - Starting service [Tomcat]
2026-09-02 12:34:33,727 [main] INFO  [org.apache.catalina.core.StandardEngine] DirectJDKLog.java:173 - Starting Servlet engine: [Apache Tomcat/10.1.24]
2026-09-02 12:34:33,748 [main] INFO  [o.a.c.c.ContainerBase.[Tomcat].[localhost].[/api]] DirectJDKLog.java:173 - Initializing Spring embedded WebApplicationContext
2026-09-02 12:34:34,064 [main] INFO  [com.ehowes.redis.RedissonAutoConfiguration] RedissonAutoConfiguration.java:130 - 初始化 Redisson 配置
2026-09-02 12:34:34,144 [main] INFO  [org.redisson.Version] Version.java:43 - Redisson 3.32.0
2026-09-02 12:35:20,862 [main] INFO  [org.apache.catalina.core.StandardService] DirectJDKLog.java:173 - Stopping service [Tomcat]
2026-09-02 12:35:23,167 [main] INFO  [com.ehowes.admin.AdminApplication] StartupInfoLogger.java:50 - Starting AdminApplication v1.0.0 using Java 21.0.11 with PID 7 (/opt/apps/ehox-wes-encrypted.jar started by root in /opt/apps)
2026-09-02 12:35:23,170 [main] INFO  [com.ehowes.admin.AdminApplication] SpringApplication.java:660 - The following 1 profile is active: "prod-ehox"
2026-09-02 12:35:25,702 [main] INFO  [org.apache.coyote.http11.Http11NioProtocol] DirectJDKLog.java:173 - Initializing ProtocolHandler ["http-nio-8092"]
2026-09-02 12:35:25,704 [main] INFO  [org.apache.catalina.core.StandardService] DirectJDKLog.java:173 - Starting service [Tomcat]
2026-09-02 12:35:25,704 [main] INFO  [org.apache.catalina.core.StandardEngine] DirectJDKLog.java:173 - Starting Servlet engine: [Apache Tomcat/10.1.24]
2026-09-02 12:35:25,748 [main] INFO  [o.a.c.c.ContainerBase.[Tomcat].[localhost].[/api]] DirectJDKLog.java:173 - Initializing Spring embedded WebApplicationContext
2026-09-02 12:35:26,116 [main] INFO  [com.ehowes.redis.RedissonAutoConfiguration] RedissonAutoConfiguration.java:130 - 初始化 Redisson 配置
2026-09-02 12:35:26,188 [main] INFO  [org.redisson.Version] Version.java:43 - Redisson 3.32.0
2026-09-02 12:36:12,884 [main] INFO  [org.apache.catalina.core.StandardService] DirectJDKLog.java:173 - Stopping service [Tomcat]
2026-09-02 12:36:15,227 [main] INFO  [com.ehowes.admin.AdminApplication] StartupInfoLogger.java:50 - Starting AdminApplication v1.0.0 using Java 21.0.11 with PID 7 (/opt/apps/ehox-wes-encrypted.jar started by root in /opt/apps)
2026-09-02 12:36:15,231 [main] INFO  [com.ehowes.admin.AdminApplication] SpringApplication.java:660 - The following 1 profile is active: "prod-ehox"
2026-09-02 12:36:17,868 [main] INFO  [org.apache.coyote.http11.Http11NioProtocol] DirectJDKLog.java:173 - Initializing ProtocolHandler ["http-nio-8092"]
2026-09-02 12:36:17,869 [main] INFO  [org.apache.catalina.core.StandardService] DirectJDKLog.java:173 - Starting service [Tomcat]
2026-09-02 12:36:17,870 [main] INFO  [org.apache.catalina.core.StandardEngine] DirectJDKLog.java:173 - Starting Servlet engine: [Apache Tomcat/10.1.24]
2026-09-02 12:36:17,896 [main] INFO  [o.a.c.c.ContainerBase.[Tomcat].[localhost].[/api]] DirectJDKLog.java:173 - Initializing Spring embedded WebApplicationContext
2026-09-02 12:36:18,328 [main] INFO  [com.ehowes.redis.RedissonAutoConfiguration] RedissonAutoConfiguration.java:130 - 初始化 Redisson 配置
2026-09-02 12:36:18,402 [main] INFO  [org.redisson.Version] Version.java:43 - Redisson 3.32.0
2026-09-02 12:37:05,116 [main] INFO  [org.apache.catalina.core.StandardService] DirectJDKLog.java:173 - Stopping service [Tomcat]
2026-09-02 12:37:07,444 [main] INFO  [com.ehowes.admin.AdminApplication] StartupInfoLogger.java:50 - Starting AdminApplication v1.0.0 using Java 21.0.11 with PID 7 (/opt/apps/ehox-wes-encrypted.jar started by root in /opt/apps)
2026-09-02 12:37:07,447 [main] INFO  [com.ehowes.admin.AdminApplication] SpringApplication.java:660 - The following 1 profile is active: "prod-ehox"
2026-09-02 12:37:10,136 [main] INFO  [org.apache.coyote.http11.Http11NioProtocol] DirectJDKLog.java:173 - Initializing ProtocolHandler ["http-nio-8092"]
2026-09-02 12:37:10,138 [main] INFO  [org.apache.catalina.core.StandardService] DirectJDKLog.java:173 - Starting service [Tomcat]
2026-09-02 12:37:10,138 [main] INFO  [org.apache.catalina.core.StandardEngine] DirectJDKLog.java:173 - Starting Servlet engine: [Apache Tomcat/10.1.24]
2026-09-02 12:37:10,161 [main] INFO  [o.a.c.c.ContainerBase.[Tomcat].[localhost].[/api]] DirectJDKLog.java:173 - Initializing Spring embedded WebApplicationContext
2026-09-02 12:37:10,483 [main] INFO  [com.ehowes.redis.RedissonAutoConfiguration] RedissonAutoConfiguration.java:130 - 初始化 Redisson 配置
2026-09-02 12:37:10,558 [main] INFO  [org.redisson.Version] Version.java:43 - Redisson 3.32.0
2026-09-02 12:37:57,258 [main] INFO  [org.apache.catalina.core.StandardService] DirectJDKLog.java:173 - Stopping service [Tomcat]
2026-09-02 12:37:58,721 [main] INFO  [com.ehowes.admin.AdminApplication] StartupInfoLogger.java:50 - Starting AdminApplication v1.0.0 using Java 21.0.11 with PID 7 (/opt/apps/ehox-wes-encrypted.jar started by root in /opt/apps)
2026-09-02 12:37:58,724 [main] INFO  [com.ehowes.admin.AdminApplication] SpringApplication.java:660 - The following 1 profile is active: "prod-ehox"
2026-09-02 12:38:01,523 [main] INFO  [org.apache.coyote.http11.Http11NioProtocol] DirectJDKLog.java:173 - Initializing ProtocolHandler ["http-nio-8092"]
2026-09-02 12:38:01,524 [main] INFO  [org.apache.catalina.core.StandardService] DirectJDKLog.java:173 - Starting service [Tomcat]
2026-09-02 12:38:01,524 [main] INFO  [org.apache.catalina.core.StandardEngine] DirectJDKLog.java:173 - Starting Servlet engine: [Apache Tomcat/10.1.24]
2026-09-02 12:38:01,545 [main] INFO  [o.a.c.c.ContainerBase.[Tomcat].[localhost].[/api]] DirectJDKLog.java:173 - Initializing Spring embedded WebApplicationContext
2026-09-02 12:38:01,886 [main] INFO  [com.ehowes.redis.RedissonAutoConfiguration] RedissonAutoConfiguration.java:130 - 初始化 Redisson 配置
2026-09-02 12:38:01,964 [main] INFO  [org.redisson.Version] Version.java:43 - Redisson 3.32.0
